Date,Equity
2020-02-05,99997.97709465379
2020-02-06,99997.97709465379
2020-02-07,99997.97709465379
2020-02-10,99997.97709465379
2020-02-11,99997.97709465379
2020-02-12,99997.97709465379
2020-02-13,99997.97709465379
2020-02-14,99997.97709465379
2020-02-17,99997.97709465379
2020-02-18,99997.97709465379
2020-02-19,99997.97709465379
2020-02-20,99997.97709465379
2020-02-21,99997.97709465379
2020-02-24,99997.97709465379
2020-02-25,99997.97709465379
2020-02-26,99997.97709465379
2020-02-27,99997.97709465379
2020-02-28,99997.97709465379
2020-03-02,99997.97709465379
2020-03-03,99997.97709465379
2020-03-04,99997.97709465379
2020-03-05,99997.97709465379
2020-03-06,99997.9458947328
2020-03-09,99997.79035781129
2020-03-10,99997.75915789032
2020-03-11,99997.60362096885
2020-03-12,99997.57242104785
2020-03-13,99997.41688412635
2020-03-16,99997.38568420538
2020-03-17,99997.2301472839
2020-03-18,99997.19894736291
2020-03-19,99997.0434104414
2020-03-20,99997.01221052044
2020-03-23,99996.85667359896
2020-03-24,99996.82547367796
2020-03-25,99996.66993675646
2020-03-26,99996.63873683549
2020-03-27,99996.48319991402
2020-03-30,99996.45199999302
2020-03-31,99996.29646307151
2020-04-01,99996.26526315055
2020-04-02,99996.10972622907
2020-04-03,99996.07852630808
2020-04-06,99995.92298938657
2020-04-07,99995.8917894656
2020-04-08,99995.73625254413
2020-04-09,99995.70505262313
2020-04-10,99995.54951570163
2020-04-13,99995.51831578066
2020-04-14,99995.36277885918
2020-04-15,99995.33157893819
2020-04-16,99995.17604201668
2020-04-17,99995.14484209572
2020-04-20,99994.98930517424
2020-04-21,99994.95810525324
2020-04-22,99994.80256833174
2020-04-23,99994.77136841077
2020-04-24,99994.6158314893
2020-04-27,99994.5846315683
2020-04-28,99994.4290946468
2020-04-29,99994.39789472583
2020-04-30,99994.24235780435
2020-05-01,99994.21115788336
2020-05-04,99994.05562096185
2020-05-05,99994.02442104089
2020-05-06,99993.86888411941
2020-05-07,99993.83768419841
2020-05-08,99993.68214727691
2020-05-11,99993.65094735594
2020-05-12,99993.49541043447
2020-05-13,99993.46421051347
2020-05-14,99993.30867359196
2020-05-15,99993.277473671
2020-05-18,99993.12193674952
2020-05-19,99993.09073682853
2020-05-20,99992.93519990702
2020-05-21,99992.90399998605
2020-05-22,99992.74846306458
2020-05-25,99992.71726314358
2020-05-26,99992.56172622208
2020-05-27,99992.53052630111
2020-05-28,99992.37498937963
2020-05-29,99992.34378945864
2020-06-01,99992.18825253713
2020-06-02,99992.15705261617
2020-06-03,99992.00151569469
2020-06-04,99991.9703157737
2020-06-05,99991.81477885219
2020-06-08,99991.78357893122
2020-06-09,99991.62804200975
2020-06-10,99991.59684208875
2020-06-11,99991.44130516725
2020-06-12,99991.41010524628
2020-06-15,99991.2545683248
2020-06-16,99991.22336840381
2020-06-17,99991.0678314823
2020-06-18,99991.03663156134
2020-06-19,99990.88109463986
2020-06-22,99990.84989471886
2020-06-23,99990.69435779736
2020-06-24,99990.66315787639
2020-06-25,99990.50762095492
2020-06-26,99990.47642103392
2020-06-29,99990.32088411241
2020-06-30,99990.28968419145
2020-07-01,99990.13414726997
2020-07-02,99990.10294734898
2020-07-03,99989.94741042747
2020-07-06,99989.9162105065
2020-07-07,99989.76067358503
2020-07-08,99989.72947366403
2020-07-09,99989.57393674253
2020-07-10,99989.54273682156
2020-07-13,99989.38719990008
2020-07-14,99989.35599997909
2020-07-15,99989.20046305758
2020-07-16,99989.16926313662
2020-07-17,99989.01372621514
2020-07-20,99988.98252629414
2020-07-21,99988.82698937264
2020-07-22,99988.79578945167
2020-07-23,99988.6402525302
2020-07-24,99988.6090526092
2020-07-27,99988.4535156877
2020-07-28,99988.42231576673
2020-07-29,99988.26677884525
2020-07-30,99988.23557892426
2020-07-31,99988.08004200275
2020-08-03,99988.04884208179
2020-08-04,99987.89330516031
2020-08-05,99987.86210523931
2020-08-06,99987.70656831781
2020-08-07,99987.67536839684
2020-08-10,99987.51983147537
2020-08-11,99987.48863155437
2020-08-12,99987.33309463286
2020-08-13,99987.3018947119
2020-08-14,99987.14635779042
2020-08-17,99987.11515786943
2020-08-18,99986.95962094792
2020-08-19,99986.92842102695
2020-08-20,99986.77288410548
2020-08-21,99986.74168418448
2020-08-24,99986.58614726298
2020-08-25,99986.55494734201
2020-08-26,99986.39941042053
2020-08-27,99986.36821049954
2020-08-28,99986.21267357803
2020-08-31,99986.18147365707
2020-09-01,99986.02593673559
2020-09-02,99985.9947368146
2020-09-03,99985.83919989309
2020-09-04,99985.80799997212
2020-09-07,99985.65246305065
2020-09-08,99985.62126312965
2020-09-09,99985.46572620815
2020-09-10,99985.43452628718
2020-09-11,99985.2789893657
2020-09-14,99985.24778944471
2020-09-15,99985.0922525232
2020-09-16,99985.06105260224
2020-09-17,99984.90551568076
2020-09-18,99984.87431575976
2020-09-21,99984.71877883826
2020-09-22,99984.68757891729
2020-09-23,99984.53204199582
2020-09-24,99984.50084207482
2020-09-25,99984.34530515331
2020-09-28,99984.31410523235
2020-09-29,99984.15856831087
2020-09-30,99984.12736838988
2020-10-01,99983.97183146837
2020-10-02,99983.9406315474
2020-10-05,99983.78509462593
2020-10-06,99983.75389470493
2020-10-07,99983.59835778343
2020-10-08,99983.56715786246
2020-10-09,99983.41162094098
2020-10-12,99983.38042101999
2020-10-13,99983.22488409848
2020-10-14,99983.19368417752
2020-10-15,99983.03814725604
2020-10-16,99983.00694733504
2020-10-19,99982.85141041354
2020-10-20,99982.82021049257
2020-10-21,99982.6646735711
2020-10-22,99982.6334736501
2020-10-23,99982.4779367286
2020-10-26,99982.44673680763
2020-10-27,99982.29119988615
2020-10-28,99982.25999996516
2020-10-29,99982.10446304365
2020-10-30,99982.07326312269
2020-11-02,99981.91772620118
2020-11-03,99981.8865262802
2020-11-04,99981.73098935871
2020-11-05,99981.69978943773
2020-11-06,99981.54425251624
2020-11-09,99981.51305259526
2020-11-10,99981.35751567376
2020-11-11,99981.32631575277
2020-11-12,99981.17077883129
2020-11-13,99981.1395789103
2020-11-16,99980.98404198879
2020-11-17,99980.95284206783
2020-11-18,99980.79730514632
2020-11-19,99980.76610522534
2020-11-20,99980.61056830385
2020-11-23,99980.57936838287
2020-11-24,99980.42383146138
2020-11-25,99980.3926315404
2020-11-26,99980.2370946189
2020-11-27,99980.20589469791
2020-11-30,99980.05035777643
2020-12-01,99980.01915785544
2020-12-02,99979.86362093393
2020-12-03,99979.83242101296
2020-12-04,99979.67688409146
2020-12-07,99979.64568417048
2020-12-08,99979.49014724899
2020-12-09,99979.458947328
2020-12-10,99979.30341040652
2020-12-11,99979.27221048553
2020-12-14,99979.11667356404
2020-12-15,99979.08547364305
2020-12-16,99978.92993672157
2020-12-17,99978.89873680058
2020-12-18,99978.74319987907
2020-12-21,99978.7119999581
2020-12-22,99978.5564630366
2020-12-23,99978.52526311562
2020-12-24,99978.36972619413
2020-12-25,99978.33852627315
2020-12-28,99978.18298935166
2020-12-29,99978.15178943067
2020-12-30,99977.99625250918
2020-12-31,99977.96505258819
2021-01-01,99977.80951566671
2021-01-04,99977.77831574572
2021-01-05,99977.62277882421
2021-01-06,99977.59157890324
2021-01-07,99977.43604198174
2021-01-08,99977.40484206076
2021-01-11,99977.24930513927
2021-01-12,99977.21810521829
2021-01-13,99977.0625682968
2021-01-14,99977.03136837581
2021-01-15,99976.87583145432
2021-01-18,99976.84463153333
2021-01-19,99976.68909461185
2021-01-20,99976.65789469086
2021-01-21,99976.50235776935
2021-01-22,99976.47115784838
2021-01-25,99976.31562092688
2021-01-26,99976.2844210059
2021-01-27,99976.1288840844
2021-01-28,99976.09768416343
2021-01-29,99975.94214724193
2021-02-01,99975.91094732095
2021-02-02,99975.75541039946
2021-02-03,99975.72421047847
2021-02-04,99975.56867355699
2021-02-05,99975.537473636
2021-02-08,99975.38193671449
2021-02-09,99975.35073679352
2021-02-10,99975.19519987202
2021-02-11,99975.16399995104
2021-02-12,99975.00846302955
2021-02-15,99974.97726310857
2021-02-16,99974.82172618707
2021-02-17,99974.7905262661
2021-02-18,99974.6349893446
2021-02-19,99974.6037894236
2021-02-22,99974.44825250213
2021-02-23,99974.41705258114
2021-02-24,99974.26151565963
2021-02-25,99974.23031573866
2021-02-26,99974.07477881716
2021-03-01,99974.04357889618
2021-03-02,99973.88804197469
2021-03-03,99973.8568420537
2021-03-04,99973.70130513221
2021-03-05,99973.67010521123
2021-03-08,99973.51456828974
2021-03-09,99973.48336836875
2021-03-10,99973.32783144727
2021-03-11,99973.29663152627
2021-03-12,99973.14109460477
2021-03-15,99973.1098946838
2021-03-16,99972.9543577623
2021-03-17,99972.92315784132
2021-03-18,99972.76762091983
2021-03-19,99972.73642099884
2021-03-22,99972.58088407735
2021-03-23,99972.54968415637
2021-03-24,99972.39414723488
2021-03-25,99972.36294731389
2021-03-26,99972.20741039241
2021-03-29,99972.17621047141
2021-03-30,99972.02067354991
2021-03-31,99971.98947362894
2021-04-01,99971.83393670744
2021-04-02,99971.80273678646
2021-04-05,99971.64719986496
2021-04-06,99971.61599994398
2021-04-07,99971.4604630225
2021-04-08,99971.42926310151
2021-04-09,99971.27372618002
2021-04-12,99971.24252625903
2021-04-13,99971.08698933755
2021-04-14,99971.05578941655
2021-04-15,99970.90025249505
2021-04-16,99970.86905257408
2021-04-19,99970.71351565258
2021-04-20,99970.6823157316
2021-04-21,99970.5267788101
2021-04-22,99970.49557888912
2021-04-23,99970.34004196763
2021-04-26,99970.30884204665
2021-04-27,99970.15330512516
2021-04-28,99970.12210520417
2021-04-29,99969.96656828269
2021-04-30,99969.9353683617
2021-05-03,99969.77983144019
2021-05-04,99969.74863151922
2021-05-05,99969.59309459772
2021-05-06,99969.56189467674
2021-05-07,99969.40635775524
2021-05-10,99969.37515783426
2021-05-11,99969.21962091277
2021-05-12,99969.18842099179
2021-05-13,99969.0328840703
2021-05-14,99969.0016841493
2021-05-17,99968.84614722783
2021-05-18,99968.81494730683
2021-05-19,99968.65941038533
2021-05-20,99968.62821046436
2021-05-21,99968.47267354286
2021-05-24,99968.44147362188
2021-05-25,99968.28593670038
2021-05-26,99968.2547367794
2021-05-27,99968.09919985791
2021-05-28,99968.06799993693
2021-05-31,99967.91246301544
2021-06-01,99967.88126309444
2021-06-02,99967.72572617297
2021-06-03,99967.69452625197
2021-06-04,99967.53898933047
2021-06-07,99967.5077894095
2021-06-08,99967.352252488
2021-06-09,99967.32105256701
2021-06-10,99967.16551564552
2021-06-11,99967.13431572454
2021-06-14,99966.97877880305
2021-06-15,99966.94757888207
2021-06-16,99966.79204196058
2021-06-17,99966.76084203958
2021-06-18,99966.60530511811
2021-06-21,99966.57410519711
2021-06-22,99966.4185682756
2021-06-23,99966.38736835464
2021-06-24,99966.23183143314
2021-06-25,99966.20063151215
2021-06-28,99966.04509459066
2021-06-29,99966.01389466968
2021-06-30,99965.85835774819
2021-07-01,99965.82715782721
2021-07-02,99965.67162090572
2021-07-05,99965.64042098472
2021-07-06,99965.48488406325
2021-07-07,99965.45368414225
2021-07-08,99965.29814722075
2021-07-09,99965.26694729978
2021-07-12,99965.11141037827
2021-07-13,99965.0802104573
2021-07-14,99964.9246735358
2021-07-15,99964.89347361482
2021-07-16,99964.73793669333
2021-07-19,99964.70673677234
2021-07-20,99964.55119985083
2021-07-21,99964.51999992986
2021-07-22,99964.36446300836
2021-07-23,99964.33326308738
2021-07-26,99964.17772616589
2021-07-27,99964.1465262449
2021-07-28,99963.99098932341
2021-07-29,99963.95978940243
2021-07-30,99963.80425248091
2021-08-02,99963.77305255995
2021-08-03,99963.61751563844
2021-08-04,99963.58631571748
2021-08-05,99963.43077879597
2021-08-06,99963.399578875
2021-08-09,99963.2440419535
2021-08-10,99963.21284203252
2021-08-11,99963.05730511103
2021-08-12,99963.02610519003
2021-08-13,99962.87056826855
2021-08-16,99962.83936834756
2021-08-17,99962.68383142605
2021-08-18,99962.65263150509
2021-08-19,99962.49709458358
2021-08-20,99962.4658946626
2021-08-23,99962.31035774111
2021-08-24,99962.27915782013
2021-08-25,99962.12362089864
2021-08-26,99962.09242097766
2021-08-27,99961.93688405614
2021-08-30,99961.90568413517
2021-08-31,99961.75014721366
2021-09-01,99961.71894729268
2021-09-02,99961.5634103712
2021-09-03,99961.53221045021
2021-09-06,99961.37667352872
2021-09-07,99961.34547360774
2021-09-08,99961.18993668625
2021-09-09,99961.15873676525
2021-09-10,99961.00319984378
2021-09-13,99960.97199992278
2021-09-14,99960.81646300128
2021-09-15,99960.78526308031
2021-09-16,99960.6297261588
2021-09-17,99960.59852623782
2021-09-20,99960.44298931633
2021-09-21,99960.41178939535
2021-09-22,99960.25625247386
2021-09-23,99960.22505255287
2021-09-24,99960.06951563136
2021-09-27,99960.0383157104
2021-09-28,99959.88277878889
2021-09-29,99959.8515788679
2021-09-30,99959.69604194642
2021-10-01,99959.66484202544
2021-10-04,99959.50930510394
2021-10-05,99959.47810518295
2021-10-06,99959.32256826144
2021-10-07,99959.29136834048
2021-10-08,99959.13583141897
2021-10-11,99959.10463149799
2021-10-12,99958.9490945765
2021-10-13,99958.9178946555
2021-10-14,99958.76235773403
2021-10-15,99958.73115781303
2021-10-18,99958.57562089153
2021-10-19,99958.54442097056
2021-10-20,99958.38888404905
2021-10-21,99958.35768412807
2021-10-22,99958.20214720655
2021-10-25,99958.17094728559
2021-10-26,99958.01541036408
2021-10-27,99957.9842104431
2021-10-28,99957.82867352161
2021-10-29,99957.79747360063
2021-11-01,99957.64193667914
2021-11-02,99957.61073675816
2021-11-03,99957.45519983664
2021-11-04,99957.42399991567
2021-11-05,99957.26846299417
2021-11-08,99957.23726307318
2021-11-09,99957.0817261517
2021-11-10,99957.0505262307
2021-11-11,99956.89498930919
2021-11-12,99956.86378938823
2021-11-15,99956.70825246672
2021-11-16,99956.67705254575
2021-11-17,99956.52151562425
2021-11-18,99956.49031570327
2021-11-19,99956.33477878178
2021-11-22,99956.3035788608
2021-11-23,99956.14804193928
2021-11-24,99956.11684201831
2021-11-25,99955.9613050968
2021-11-26,97896.0934454265
2021-11-29,98044.42808659594
2021-11-30,97124.7156200381
2021-12-01,96156.37071736375
2021-12-02,97975.88531621019
2021-12-03,97263.20212999702
2021-12-06,98290.86817931851
2021-12-07,99181.38574282051
2021-12-08,99270.96798769356
2021-12-09,98911.05213673633
2021-12-10,98667.2412230146
2021-12-13,101029.65763906976
2021-12-14,100180.40480534289
2021-12-15,101665.52229955781
2021-12-16,101703.23308336979
2021-12-17,100984.4782096593
2021-12-20,100909.02187904203
2021-12-21,100772.66011985623
2021-12-22,101237.35121202949
2021-12-23,101096.07311551257
2021-12-24,101096.07311551257
2021-12-27,101889.218989536
2021-12-28,101614.03692039334
2021-12-29,102038.66392946723
2021-12-30,102204.78320106352
2021-12-31,102332.04253054145
2022-01-03,101140.44839144233
2022-01-04,99922.91626533354
2022-01-05,99628.14174064482
2022-01-06,99552.85955477241
2022-01-07,98628.65461405957
2022-01-10,99314.64633575403
2022-01-11,102754.59445459944
2022-01-12,102885.99418515334
2022-01-13,103189.27010302841
2022-01-14,103648.668844367
2022-01-17,103648.668844367
2022-01-18,103120.90706589929
2022-01-19,102637.20978878558
2022-01-20,102452.6348993725
2022-01-21,101664.92517768269
2022-01-24,101489.89789648367
2022-01-25,101148.55693627217
2022-01-26,101225.24474449929
2022-01-27,101656.45881652247
2022-01-28,103721.9267915854
2022-01-31,104098.39140005769
2022-02-01,104621.12027894892
2022-02-02,104838.0681423157
2022-02-03,104471.56039672301
2022-02-04,104097.11426669356
2022-02-07,103827.58530933196
2022-02-08,103609.11999328359
2022-02-09,104656.47654786457
2022-02-10,104206.41002854238
2022-02-11,104136.85968245674
2022-02-14,104133.9538723784
2022-02-15,104476.20224710491
2022-02-16,104537.56402447895
2022-02-17,103783.87832743891
2022-02-18,103429.7059026866
2022-02-21,103429.7059026866
2022-02-22,103220.2583216048
2022-02-23,102635.17131572778
2022-02-24,103142.22281633041
2022-02-25,103319.52821664707
2022-02-28,102687.40186477127
2022-03-01,101392.291231831
2022-03-02,101823.1572766047
2022-03-03,101521.8771197107
2022-03-04,100867.36889499957
2022-03-07,99393.76698893006
2022-03-08,99645.9390573421
2022-03-09,99945.34350430738
2022-03-10,100682.0513876504
2022-03-11,100561.95669587751
2022-03-14,100246.64522075951
2022-03-15,100216.6341784825
2022-03-16,100465.52742036483
2022-03-17,100515.5974404047
2022-03-18,100775.15635967554
2022-03-21,100889.00359122257
2022-03-22,100849.97142060897
2022-03-23,100780.3157453567
2022-03-24,100953.01900207986
2022-03-25,101267.46678095245
2022-03-28,100987.03981206003
2022-03-29,101189.97556111398
2022-03-30,101264.03677301787
2022-03-31,101005.06226267942
2022-04-01,100984.2731605719
2022-04-04,101099.29017492021
2022-04-05,100765.52311476265
2022-04-06,100763.56032077663
2022-04-07,100417.64563648099
2022-04-08,101876.09288532249
2022-04-11,101280.59726205183
2022-04-12,100914.14843748722
2022-04-13,101555.81332650495
2022-04-14,101710.59361082196
2022-04-15,101710.29283919645
2022-04-18,101850.58110863742
2022-04-19,102716.43257651289
2022-04-20,102890.77826183595
2022-04-21,102663.21214550294
2022-04-22,101111.4202550407
2022-04-25,101040.02236940025
2022-04-26,101109.20656841555
2022-04-27,102825.0040613965
2022-04-28,104745.6858800407
2022-04-29,103051.3159561312
2022-05-02,102374.8865254875
2022-05-03,102398.10901134767
2022-05-04,103930.96962485273
2022-05-05,102311.53350068687
2022-05-06,102206.84908550538
2022-05-09,99972.70552064537
2022-05-10,99525.96774547854
2022-05-11,99772.98563640872
2022-05-12,99174.33375042239
2022-05-13,100543.33737184166
2022-05-16,100468.16268668133
2022-05-17,101156.79513042727
2022-05-18,100397.04178875245
2022-05-19,100083.82430523196
2022-05-20,100482.08026124595
2022-05-23,101679.62787629722
2022-05-24,101353.19685365318
2022-05-25,101700.79114534019
2022-05-26,102227.85044608076
2022-05-27,103347.15331269859
2022-05-30,103347.15331269859
2022-05-31,103064.29970297773
2022-06-01,103191.69407401045
2022-06-02,103759.82169089277
2022-06-03,103436.89496105471
2022-06-06,103585.94076539634
2022-06-07,104425.15758277524
2022-06-08,104242.00717148764
2022-06-09,102894.7924302732
2022-06-10,101583.7881001495
2022-06-13,100099.59307384743
2022-06-14,100725.9931678425
2022-06-15,100842.59413885162
2022-06-16,98993.12542485708
2022-06-17,98849.76233249258
2022-06-20,98849.76233249258
2022-06-21,100059.03736831853
2022-06-22,99452.76829083606
2022-06-23,98638.16989716221
2022-06-24,99539.9022853646
2022-06-27,100000.36605236342
2022-06-28,99458.14502444152
2022-06-29,98997.2515742435
2022-06-30,98201.26296786589
2022-07-01,98829.1794633542
2022-07-04,98829.1794633542
2022-07-05,98402.81256925903
2022-07-06,98168.25803373047
2022-07-07,98809.9804815471
2022-07-08,98627.19338067732
2022-07-11,98627.6289711934
2022-07-12,98370.27081192852
2022-07-13,98259.15098198241
2022-07-14,98160.8249791618
2022-07-15,99238.54879661815
2022-07-18,99308.74283289847
2022-07-19,100502.98845315565
2022-07-20,100863.41492166094
2022-07-21,101022.59097546226
2022-07-22,100579.80581854397
2022-07-25,101153.65270235154
2022-07-26,100797.575225487
2022-07-27,101441.95184796577
2022-07-28,102170.84696206555
2022-07-29,102559.10845562512
2022-08-01,102062.6522394078
2022-08-02,101771.39562653919
2022-08-03,101857.74493122523
2022-08-04,103368.71333807614
2022-08-05,103580.70408743527
2022-08-08,102367.10131376889
2022-08-09,101896.2059801609
2022-08-10,102469.64056573219
2022-08-11,102324.94879263546
2022-08-12,103022.81437160478
2022-08-15,103691.62678005204
2022-08-16,103955.82272070553
2022-08-17,103409.17105088539
2022-08-18,103653.61278519935
2022-08-19,103243.67054607377
2022-08-22,102139.06628849015
2022-08-23,101576.66650122311
2022-08-24,101359.9386207452
2022-08-25,102050.34371171302
2022-08-26,100451.39628014869
2022-08-29,100026.01403667436
2022-08-30,99860.44834758744
2022-08-31,99218.63129601783
2022-09-01,99428.59210000341
2022-09-02,101912.00791728188
2022-09-05,101912.00791728188
2022-09-06,101556.29892400591
2022-09-07,102129.75323919146
2022-09-08,102273.9565816292
2022-09-09,102831.73093592812
2022-09-12,103088.66392949907
2022-09-13,102104.57508647133
2022-09-14,102189.52026673304
2022-09-15,101675.02037738293
2022-09-16,101492.35721260836
2022-09-19,102006.83893652196
2022-09-20,102087.0640833379
2022-09-21,101613.55437620493
2022-09-22,101228.51869098358
2022-09-23,100065.89725172373
2022-09-26,99711.7964909842
2022-09-27,99469.02079518342
2022-09-28,100453.9913431804
2022-09-29,99982.97753548583
2022-09-30,99839.28190380114
2022-10-03,101373.32797517159
2022-10-04,102897.27153136335
2022-10-05,102867.2432749044
2022-10-06,102033.53939951345
2022-10-07,101006.44758655419
2022-10-10,100953.78634693017
2022-10-11,101160.47783964664
2022-10-12,101294.54859973778
2022-10-13,102788.06177315902
2022-10-14,102000.4192802289
2022-10-17,103030.90359037906
2022-10-18,103777.04779865136
2022-10-19,103839.05451251855
2022-10-20,103694.5558769086
2022-10-21,103758.70645331446
2022-10-24,104531.09253060658
2022-10-25,105127.16155797956
2022-10-26,104988.3452143158
2022-10-27,105195.56149874981
2022-10-28,105885.38953982647
2022-10-31,106201.8954907542
2022-11-01,106533.23068045938
2022-11-02,105634.76641686127
2022-11-03,105275.92487143839
2022-11-04,105663.94850126271
2022-11-07,105923.3611125883
2022-11-08,105465.42830275859
2022-11-09,105043.38421725595
2022-11-10,105723.98347440724
2022-11-11,105957.88310018544
2022-11-14,105580.02360216145
2022-11-15,105759.4302520689
2022-11-16,105330.94274838133
2022-11-17,105477.02101102834
2022-11-18,105615.44466399515
2022-11-21,105703.75294144316
2022-11-22,106244.77251441703
2022-11-23,106030.87489101378
2022-11-24,106030.87489101378
2022-11-25,106361.12480168628
2022-11-28,105405.1674245704
2022-11-29,105604.23939699994
2022-11-30,107041.98698304496
2022-12-01,107121.84471772514
2022-12-02,107240.92579530082
2022-12-05,105693.8518486659
2022-12-06,105107.29530722303
2022-12-07,104991.26206340792
2022-12-08,104836.09616476696
2022-12-09,104659.93074169161
2022-12-12,105140.09578329723
2022-12-13,105086.63825232189
2022-12-14,104477.59647757215
2022-12-15,103676.54865271252
2022-12-16,103109.66244640351
2022-12-19,102642.35337581637
2022-12-20,102867.86100775402
2022-12-21,103334.92413717907
2022-12-22,102647.10203940076
2022-12-23,103425.913171196
2022-12-26,103425.913171196
2022-12-27,103688.96936422985
2022-12-28,102867.23535035455
2022-12-29,104332.64142137775
2022-12-30,104176.08223253497
2023-01-02,104176.08223253497
2023-01-03,103693.56486548988
2023-01-04,104316.33896674722
2023-01-05,104170.98671633014
2023-01-06,106314.01370022703
2023-01-09,105860.08000475176
2023-01-10,105953.23852831134
2023-01-11,106579.86062914142
2023-01-12,107236.90385983395
2023-01-13,106791.99551937987
2023-01-16,106791.99551937987
2023-01-17,106489.34717851886
2023-01-18,105433.89372291177
2023-01-19,105548.52749417233
2023-01-20,107409.77312252928
2023-01-23,107313.39567349362
2023-01-24,107433.23935991534
2023-01-25,107899.49175045897
2023-01-26,107849.4670528373
2023-01-27,107066.9373210868
2023-01-30,106612.26677105833
2023-01-31,106231.64300574867
2023-02-01,106516.08189938474
2023-02-02,106966.64459520587
2023-02-03,106949.71449190387
2023-02-06,106469.80898449826
2023-02-07,107194.65142860025
2023-02-08,106744.32213121661
2023-02-09,106391.41176515826
2023-02-10,106649.15805854408
2023-02-13,107134.98338482786
2023-02-14,106934.40619697182
2023-02-15,106861.72110913205
2023-02-16,106296.2604564628
2023-02-17,105455.98940696327
2023-02-20,105455.98940696327
2023-02-21,104713.5910203259
2023-02-22,104597.95433082193
2023-02-23,104838.25105450558
2023-02-24,104907.11320787677
2023-02-27,104096.03359918701
2023-02-28,103940.81405253915
2023-03-01,104521.4104976083
2023-03-02,104039.79652780545
2023-03-03,104268.93202934915
2023-03-06,103943.14211331062
2023-03-07,102789.43163929635
2023-03-08,102484.77654832853
2023-03-09,101184.13444894804
2023-03-10,100853.84940332426
2023-03-13,97450.99195442848
2023-03-14,98320.16410980874
2023-03-15,97686.33249054605
2023-03-16,98802.53948492062
2023-03-17,97431.74642398211
2023-03-20,97720.51205979042
2023-03-21,98745.37356911355
2023-03-22,97601.01185506833
2023-03-23,97371.41467692704
2023-03-24,97818.80180035284
2023-03-27,98276.77266878141
2023-03-28,102753.44592189149
2023-03-29,103684.58506170267
2023-03-30,104264.76848506287
2023-03-31,105028.91288661315
2023-04-03,105570.21874649679
2023-04-04,104798.79033564881
2023-04-05,105481.62484390888
2023-04-06,105239.97000026063
2023-04-07,105239.97000026063
2023-04-10,105172.11697037374
2023-04-11,105839.68495336527
2023-04-12,105916.9102671877
2023-04-13,106819.968827877
2023-04-14,106843.32807317728
2023-04-17,106580.96640172953
2023-04-18,106604.9903605715
2023-04-19,106484.40506394065
2023-04-20,106515.88976954772
2023-04-21,106338.39968013122
2023-04-24,106442.88874463257
2023-04-25,105717.21263722528
2023-04-26,105289.4377160687
2023-04-27,105383.39962769375
2023-04-28,106706.37040456956
2023-05-01,106690.00427501227
2023-05-02,105827.57649231778
2023-05-03,106102.55290985928
2023-05-04,105751.89403280443
2023-05-05,106748.44974518643
2023-05-08,106974.62493642991
2023-05-09,106750.71419525967
2023-05-10,106906.67192078457
2023-05-11,106813.82921583182
2023-05-12,106507.89489311606
2023-05-15,106704.22407406241
2023-05-16,105933.97399317307
2023-05-17,106843.57868372483
2023-05-18,107311.03079147222
2023-05-19,106721.57333297611
2023-05-22,106570.25630111576
2023-05-23,105373.45934473557
2023-05-24,105008.76554539881
2023-05-25,104814.94281183762
2023-05-26,105098.89255192957
2023-05-29,105098.89255192957
2023-05-30,104383.1598248788
2023-05-31,103819.392521412
2023-06-01,104818.6371782927
2023-06-02,106029.78729680263
2023-06-05,105522.9381409697
2023-06-06,106276.58922513037
2023-06-07,105933.67331377376
2023-06-08,105437.342640556
2023-06-09,105533.40059852312
2023-06-12,105821.46834754656
2023-06-13,105353.19584337581
2023-06-14,105545.00434302996
2023-06-15,106393.53714942644
2023-06-16,106281.26681200374
2023-06-19,106281.26681200374
2023-06-20,105505.2395292889
2023-06-21,105698.03736380031
2023-06-22,105662.86630866666
2023-06-23,105679.08126940072
2023-06-26,105745.38545081754
2023-06-27,106612.83758399627
2023-06-28,106419.70525977752
2023-06-29,107578.08581651986
2023-06-30,108776.70659746468
2023-07-03,108600.61693621235
2023-07-04,108599.57034424762
2023-07-05,108669.47683330199
2023-07-06,108488.0145988049
2023-07-07,108478.17808546365
2023-07-10,109088.91068310346
2023-07-11,109674.2747272929
2023-07-12,109856.1890085022
2023-07-13,109810.96123547161
2023-07-14,109738.76686407987
2023-07-17,109372.65802324402
2023-07-18,109144.48067796812
2023-07-19,109333.90847846457
2023-07-20,110317.74649115987
2023-07-21,110581.35716570009
2023-07-24,111334.54135199971
2023-07-25,111128.55632649567
2023-07-26,110586.60417574842
2023-07-27,109574.10958244604
2023-07-28,109506.41341036759
2023-07-31,109919.9242339353
2023-08-01,110116.4487548093
2023-08-02,109135.75933293432
2023-08-03,109294.08452279818
2023-08-04,109092.66581145379
2023-08-07,109895.21494984083
2023-08-08,109552.11983163607
2023-08-09,110110.05095854851
2023-08-10,110259.54773385775
2023-08-11,110547.89078195345
2023-08-14,110549.13714527538
2023-08-15,109684.87248666536
2023-08-16,109779.77693104198
2023-08-17,109627.09168425652
2023-08-18,109748.59493946483
2023-08-21,109682.20963469596
2023-08-22,109968.42820159049
2023-08-23,110216.01202829134
2023-08-24,109778.51063465528
2023-08-25,110631.40810067904
2023-08-28,110895.96534656931
2023-08-29,111260.39479501496
2023-08-30,111684.13113839876
2023-08-31,111378.64896066437
2023-09-01,112145.81113107453
2023-09-04,112145.81113107453
2023-09-05,111720.23596627961
2023-09-06,111716.68478575797
2023-09-07,112368.9114658134
2023-09-08,112827.0217512545
2023-09-11,113150.24121841759
2023-09-12,113528.80324030886
2023-09-13,113624.94530980756
2023-09-14,113361.71187322309
2023-09-15,113205.34340907107
2023-09-18,113583.43277216922
2023-09-19,112876.87718948691
2023-09-20,112636.6927387016
2023-09-21,111620.31471746136
2023-09-22,111188.48791488973
2023-09-25,111555.18755579958
2023-09-26,110528.37483200402
2023-09-27,110556.07560969362
2023-09-28,111284.1362201469
2023-09-29,110222.2329405245
2023-10-02,109878.31234980593
2023-10-03,109144.64548223186
2023-10-04,108868.97487371136
2023-10-05,108935.21185542116
2023-10-06,109363.99638097454
2023-10-09,109652.34480305866
2023-10-10,110268.11575559643
2023-10-11,110153.9391325699
2023-10-12,109712.28789253897
2023-10-13,110092.9607237564
2023-10-16,110717.74884529776
2023-10-17,111087.45953865713
2023-10-18,110455.18598417306
2023-10-19,109508.84353117013
2023-10-20,108858.48262477265
2023-10-23,108621.33886176294
2023-10-24,108550.31322954044
2023-10-25,109859.01965298201
2023-10-26,107499.30351223494
2023-10-27,107303.82084367618
2023-10-30,108517.10430365747
2023-10-31,109401.47512020613
2023-11-01,109773.660374621
2023-11-02,110928.3524166539
2023-11-03,111223.18758612817
2023-11-06,111405.5981467361
2023-11-07,111254.94043443547
2023-11-08,111190.69887508894
2023-11-09,110820.94948035425
2023-11-10,112098.19523078148
2023-11-13,112188.83725196068
2023-11-14,112721.13593767033
2023-11-15,112557.24892137393
2023-11-16,112427.23904130803
2023-11-17,112986.46863267764
2023-11-20,113722.6002778803
2023-11-21,114126.45266944118
2023-11-22,114360.95786505884
2023-11-23,114360.95786505884
2023-11-24,114685.80533558394
2023-11-27,114195.99202807865
2023-11-28,113866.72428210698
2023-11-29,114582.55637184899
2023-11-30,116210.45006640872
2023-12-01,116810.94979175052
2023-12-04,116158.73890002689
2023-12-05,115910.9764717432
2023-12-06,115898.29289070886
2023-12-07,115935.81198454023
2023-12-08,115864.16300789635
2023-12-11,116497.24754158777
2023-12-12,117318.68980232996
2023-12-13,118325.68344958744
2023-12-14,117774.21241839847
2023-12-15,117419.30186287682
2023-12-18,118667.64189990482
2023-12-19,118960.93426084638
2023-12-20,118264.76280291995
2023-12-21,118866.11294635259
2023-12-22,118937.34171883386
2023-12-25,118937.34171883386
2023-12-26,119208.55214516442
2023-12-27,119186.2882444076
2023-12-28,119192.8628268254
2023-12-29,119389.24507729334
2024-01-01,119389.24507729334
2024-01-02,119154.95870542646
2024-01-03,118835.15092547855
2024-01-04,118942.21886778
2024-01-05,118745.11695432784
2024-01-08,118869.72214841963
2024-01-09,118851.4269867655
2024-01-10,119031.7955417858
2024-01-11,118991.54058776562
2024-01-12,119944.40778289502
2024-01-15,119944.40778289502
2024-01-16,119301.3834959891
2024-01-17,119170.2529595918
2024-01-18,119750.06512389844
2024-01-19,120676.88018737499
2024-01-22,121113.8014418509
2024-01-23,121333.5186023937
2024-01-24,121373.96908253695
2024-01-25,121954.14809610709
2024-01-26,122610.27443888053
2024-01-29,122527.23721252146
2024-01-30,123628.4135125703
2024-01-31,124126.53014058138
2024-02-01,125879.39324381217
2024-02-02,125810.67531778676
2024-02-05,125651.64181965851
2024-02-06,126045.1104221569
2024-02-07,126351.06550536815
2024-02-08,125966.48068806752
2024-02-09,125644.60473665886
2024-02-12,125474.93752576204
2024-02-13,127809.07893913281
2024-02-14,128176.60047437045
2024-02-15,128881.74123669957
2024-02-16,128835.99661287956
2024-02-19,128835.99661287956
2024-02-20,126968.19374117546
2024-02-21,128450.15620455437
2024-02-22,130602.79015637729
2024-02-23,130974.58137036655
2024-02-26,131110.11686739617
2024-02-27,130787.51618990593
2024-02-28,130509.74992912306
2024-02-29,130010.88564079299
2024-03-01,130418.29888440463
2024-03-04,129817.53909843457
2024-03-05,130006.45862358107
2024-03-06,130693.95434603385
2024-03-07,130497.19842053745
2024-03-08,130756.06747469597
2024-03-11,131030.48870374057
2024-03-12,131585.48161857616
2024-03-13,132579.4785464733
2024-03-14,132943.67696668004
2024-03-15,133272.64554883336
2024-03-18,133436.070607834
2024-03-19,133992.77890047722
2024-03-20,134577.40721014416
2024-03-21,134757.41422433496
2024-03-22,134027.79071461005
2024-03-25,133063.6583903913
2024-03-26,133190.48790902738
2024-03-27,134072.48170763676
2024-03-28,134894.98956983912
2024-03-29,134894.98956983912
2024-04-01,134575.9365913235
2024-04-02,135219.70316236842
2024-04-03,135359.68038099635
2024-04-04,133734.0513018134
2024-04-05,134425.05312778184
2024-04-08,134291.55949069688
2024-04-09,133130.2662879788
2024-04-10,133140.6913469794
2024-04-11,132650.98608574894
2024-04-12,131836.7270983222
2024-04-15,131083.38532179224
2024-04-16,130585.70321831733
2024-04-17,130729.47399061549
2024-04-18,129395.0431892239
2024-04-19,130060.50898919135
2024-04-22,130580.57065504421
2024-04-23,131673.54077324897
2024-04-24,131801.22568942735
2024-04-25,132122.52478712428
2024-04-26,130865.3148923082
2024-04-29,130785.97785617539
2024-04-30,128150.30235975613
2024-05-01,126634.63483351101
2024-05-02,127142.03422997307
2024-05-03,127493.42072775411
2024-05-06,128774.74062826681
2024-05-07,129079.35116802104
2024-05-08,129384.23886333354
2024-05-09,129662.7198712274
2024-05-10,129671.30125143574
2024-05-13,129545.18304668315
2024-05-14,128959.24625875996
2024-05-15,129308.57839173521
2024-05-16,130017.76088176615
2024-05-17,130156.68746155944
2024-05-20,129361.67611503857
2024-05-21,129260.2525003833
2024-05-22,129170.48945920492
2024-05-23,128490.2314279956
2024-05-24,128415.7772450529
2024-05-27,128415.7772450529
2024-05-28,127412.28644610269
2024-05-29,126084.41742246176
2024-05-30,126472.74520668213
2024-05-31,128348.14516497479
2024-06-03,125644.84712013428
2024-06-04,126006.05500587646
2024-06-05,126263.32424720949
2024-06-06,126306.10261329834
2024-06-07,126115.71201881592
2024-06-10,126318.88669634685
2024-06-11,126417.96033526285
2024-06-12,125253.96936337971
2024-06-13,125738.44325559164
2024-06-14,126073.00352272217
2024-06-17,127028.76118263428
2024-06-18,127342.29422299885
2024-06-19,127342.29422299885
2024-06-20,128010.0822479012
2024-06-21,128303.71166786375
2024-06-24,129255.68044838135
2024-06-25,129292.80037737712
2024-06-26,129032.73750099364
2024-06-27,128069.39140114014
2024-06-28,128310.14068397706
2024-07-01,127135.80423785074
2024-07-02,127744.56051429932
2024-07-03,128228.13163042888
2024-07-04,128228.13163042888
2024-07-05,128076.46831052327
2024-07-08,127504.73004961833
2024-07-09,126867.14935096924
2024-07-10,127391.81886207167
2024-07-11,127890.82161882624
2024-07-12,128583.0515916656
2024-07-15,130373.93335385226
2024-07-16,132326.65725115043
2024-07-17,132816.24041409398
2024-07-18,130918.76765866185
2024-07-19,130909.33448961479
2024-07-22,131433.27262285457
2024-07-23,130582.3522101552
2024-07-24,129988.75480058894
2024-07-25,127523.27443356419
2024-07-26,127565.60822720431
2024-07-29,127489.87960476782
2024-07-30,129709.12350888159
2024-07-31,130100.00853390599
2024-08-01,129354.73484209283
2024-08-02,126033.5296953033
2024-08-05,123494.51782905166
2024-08-06,125117.06159888807
2024-08-07,125674.8870866607
2024-08-08,127518.89724525635
2024-08-09,127519.90467120038
2024-08-12,127049.89761655356
2024-08-13,127410.01697080159
2024-08-14,128371.95264483316
2024-08-15,129422.73865048907
2024-08-16,129146.42285459067
2024-08-19,129236.87168678467
2024-08-20,128943.48845721109
2024-08-21,129288.11211443765
2024-08-22,129421.38392648085
2024-08-23,129436.94124095447
2024-08-26,129407.06939443754
2024-08-27,130005.20777639555
2024-08-28,129802.42420197335
2024-08-29,130981.81825002836
2024-08-30,132165.38629974576
2024-09-02,132163.75466278286
2024-09-03,130742.1640560934
2024-09-04,130409.50913869432
2024-09-05,129204.888116152
2024-09-06,128258.5469245423
2024-09-09,130036.24583811652
2024-09-10,129912.60353973598
2024-09-11,129589.73191192836
2024-09-12,130089.61892568163
2024-09-13,130514.40515513312
2024-09-16,131098.78090790007
2024-09-17,130494.53212860317
2024-09-18,129963.54997630011
2024-09-19,130687.0103237936
2024-09-20,130180.44121165168
2024-09-23,131362.2573279847
2024-09-24,130370.97283294887
2024-09-25,130684.76172760219
2024-09-26,130505.652174583
2024-09-27,130813.7612444072
2024-09-30,131314.69279347948
2024-10-01,131817.8035824606
2024-10-02,131848.01653412078
2024-10-03,132719.61431244106
2024-10-04,132765.66025665493
2024-10-07,131602.32730479134
2024-10-08,132001.31089650682
2024-10-09,133376.8643073548
2024-10-10,133228.042509666
2024-10-11,133744.4459927389
2024-10-14,134370.58328623662
2024-10-15,133938.44098785613
2024-10-16,134556.35234955043
2024-10-17,134643.83287424932
2024-10-18,134723.58032603154
2024-10-21,134255.64780039678
2024-10-22,133922.10075246386
2024-10-23,133848.07829152636
2024-10-24,132885.9853349834
2024-10-25,132113.0090471416
2024-10-28,132593.39349233202
2024-10-29,133825.10330068163
2024-10-30,133486.24664683233
2024-10-31,132270.9735348532
2024-11-01,132466.17777374474
2024-11-04,132382.21117014776
2024-11-05,136756.81108893524
2024-11-06,140442.58101182748
2024-11-07,139695.1815087554
2024-11-08,141077.84660885305
2024-11-11,142433.6992496408
2024-11-12,143761.40224239795
2024-11-13,143007.52582078744
2024-11-14,142887.7197498239
2024-11-15,140889.2745899118
2024-11-18,140804.21260871063
2024-11-19,141205.45252265106
2024-11-20,140660.5028893706
2024-11-21,142208.5358737863
2024-11-22,143604.04957872204
2024-11-25,143719.53899929495
2024-11-26,144381.30470567514
2024-11-27,145520.90618933807
2024-11-28,145520.90618933807
2024-11-29,145902.15999386282
2024-12-02,144798.9650195993
2024-12-03,143923.30741411023
2024-12-04,143472.8162514922
2024-12-05,143813.6827370879
2024-12-06,144338.72418250213
2024-12-09,141934.9805632191
2024-12-10,142422.1430998402
2024-12-11,142470.30054002572
2024-12-12,143482.57535081674
2024-12-13,142648.93899573456
2024-12-16,142381.16070593963
2024-12-17,143770.5196333485
2024-12-18,142072.1227547881
2024-12-19,141805.19724311004
2024-12-20,143015.03308397104
2024-12-23,142665.4528176543
2024-12-24,144171.10093471975
2024-12-25,144171.10093471975
2024-12-26,143899.1470950998
2024-12-27,143035.40945726208
2024-12-30,141496.06920661102
2024-12-31,141139.4752938506
2025-01-01,141139.4752938506
2025-01-02,152757.40113342705
2025-01-03,153620.70804108086
2025-01-06,153315.77381663423
2025-01-07,152739.64964823824
2025-01-08,152991.3099952231
2025-01-09,152991.3099952231
2025-01-10,149350.81485769054
2025-01-13,149737.53351105156
2025-01-14,151553.49277771416
2025-01-15,155614.4477871746
2025-01-16,155995.30280579033
2025-01-17,157044.0657325278
2025-01-20,157044.0657325278
2025-01-21,158189.95641601982
2025-01-22,158079.44985982677
2025-01-23,159599.14752218028
2025-01-24,159796.5962958823
2025-01-27,162027.44104533296
2025-01-28,162267.13089518648
2025-01-29,162626.43267588713
2025-01-30,165577.56981171074
2025-01-31,164284.55184702974
2025-02-03,164952.14873016777
2025-02-04,167070.47232330742
2025-02-05,168486.26079071464
2025-02-06,168955.53147654634
2025-02-07,167952.87105326753
2025-02-10,167993.0558244874
2025-02-11,167795.02938100597
2025-02-12,168869.5211031129
2025-02-13,169748.0036470582
2025-02-14,170902.3345796754
2025-02-17,170902.3345796754
2025-02-18,172695.14570638438
2025-02-19,173175.6333899985
2025-02-20,170098.80019145113
2025-02-21,167636.04898092055
2025-02-24,169127.528511255
2025-02-25,167567.65311706963
2025-02-26,167582.26300578218
2025-02-27,166578.218602706
2025-02-28,170444.42653422456
2025-03-03,159803.5671212432
2025-03-04,156291.35857937307
2025-03-05,156927.08448065887
2025-03-06,154164.80287462048
2025-03-07,154665.1964572824
2025-03-10,151725.5782601592
2025-03-11,148931.24907467337
2025-03-12,147946.06629726858
2025-03-13,146239.3414666411
2025-03-14,148877.84081559948
2025-03-17,150152.20039404999
2025-03-18,149273.50873602997
2025-03-19,150776.9479399281
2025-03-20,151043.64045752655
2025-03-21,150920.07648759653
2025-03-24,151912.87140947155
2025-03-25,153378.3578800119
2025-03-26,154465.01823971243
2025-03-27,154814.55356380908
2025-03-28,152754.55000088186
2025-03-31,156430.09834326874
2025-04-01,155978.47789038788
2025-04-02,157282.72948747445
2025-04-03,150847.72964514862
2025-04-04,142469.82708523245
2025-04-07,139893.98125495086
2025-04-08,137830.90720404754
2025-04-09,146806.86394538055
2025-04-10,143941.23472378225
2025-04-11,145123.64046769906
2025-04-14,146359.27313269745
2025-04-15,146975.5434192575
2025-04-16,144548.35755194793
2025-04-17,145100.27379391162
2025-04-18,145100.27379391162
2025-04-21,143094.11901892792
2025-04-22,146102.63836452932
2025-04-23,146350.9205910918
2025-04-24,147374.61335537402
2025-04-25,147370.81441789438
2025-04-28,147724.34172858368
2025-04-29,148250.78505235485
2025-04-30,150187.54640743704
2025-05-01,149715.3821567453
2025-05-02,151355.50343360077
2025-05-05,151324.82749721973
2025-05-06,151119.61662329803
2025-05-07,153518.12770372204
2025-05-08,152744.44138119192
2025-05-09,152562.58307685028
2025-05-12,154123.76194800506
2025-05-13,155735.3459654408
2025-05-14,154868.5213931955
2025-05-15,157591.07754045297
2025-05-16,158589.8107964751
2025-05-19,159106.15530178518
2025-05-20,159471.27215104867
2025-05-21,157083.5736189442
2025-05-22,156632.18171474905
2025-05-23,156631.56862423389
2025-05-26,156631.56862423389
2025-05-27,156631.56862423389
