Date,PriceA,PriceB,BetaDyn,SpreadDyn,ZScoreDyn
2021-11-24,51.28861618041992,50.74975204467773,0.9208809377248378,4.554136928214092,
2021-11-25,51.28861618041992,50.74975204467773,0.9208809377248378,4.554136928214092,
2021-11-26,48.5942497253418,47.7543830871582,0.9208809377248378,4.618148647568418,
2021-11-29,48.317169189453125,47.554046630859375,0.9208809377248378,4.525554135416677,
2021-11-30,47.50503921508789,46.42839431762695,0.9208809377248378,4.750015918813048,
2021-12-01,46.41581344604492,45.86557388305664,0.9208809377248378,4.179080759327896,
2021-12-02,48.24072647094727,47.40142059326172,0.9208809377248378,4.589661825534982,
2021-12-03,47.67701721191406,46.5237922668457,0.9208809377248378,4.8341437627056365,
2021-12-06,48.5942497253418,47.84976959228516,0.9208809377248378,4.530309033280808,
2021-12-07,47.91587066650391,47.20109939575195,0.9208809377248378,4.449277993300576,
2021-12-08,47.4668083190918,47.1724739074707,0.9208809377248378,4.026576312379731,
2021-12-09,47.256614685058594,46.800437927246094,0.9208809377248378,4.158983520683144,
2021-12-10,47.56235504150391,46.93398284912109,0.9208809377248378,4.341744904243832,
2021-12-13,46.66423034667969,46.61918258666992,0.9208809377248378,3.7335137703016628,
2021-12-14,46.54002380371094,47.02938461303711,0.9208809377248378,3.2315600006352625,
2021-12-15,45.54635620117188,46.075439453125,0.9208809377248378,3.116362311494143,
2021-12-16,45.69923782348633,46.55241394042969,0.9208809377248378,2.8300072206686266,
2021-12-17,45.38393020629883,46.352088928222656,0.9208809377248378,2.699175088572076,
2021-12-20,46.30116271972656,44.50143814086914,0.9208809377248378,5.320636634459127,
2021-12-21,47.43815612792969,45.98004150390625,0.9208809377248378,5.096012391185539,
2021-12-22,48.04964065551758,46.60010528564453,0.9208809377248378,5.13649200199707,
2021-12-23,48.21206283569336,46.94352340698242,0.9208809377248378,4.982666980563515,
2021-12-24,48.21206283569336,46.94352340698242,0.9208809377248378,4.982666980563515,
2021-12-27,48.83311462402344,47.45866012573242,0.9208809377248378,5.129339184274599,
2021-12-28,49.13885116577149,47.763916015625,0.9208809377248378,5.153971395892341,
2021-12-29,48.804443359375,47.93563079833984,0.9208809377248378,4.661434719368195,
2021-12-30,48.479591369628906,47.56246948242188,0.9208809377248378,4.680219872147262,
2021-12-31,47.88721084594727,47.53377151489258,0.9208809377248378,4.114266759714809,
2022-01-03,50.294952392578125,49.19860076904297,0.9208809377248378,4.98889878163191,
2022-01-04,50.70579147338867,50.404178619384766,0.9208809377248378,4.289544201119405,
2022-01-05,50.51470184326172,49.96404266357422,0.9208809377248378,4.503767382705689,
2022-01-06,52.998870849609375,51.63844299316406,0.9208809377248378,5.4460130434138705,
2022-01-07,52.79823303222656,51.73412322998047,0.9208809377248378,5.15726511982983,
2022-01-10,52.97020721435547,51.67671203613281,0.9208809377248378,5.382108175985074,
2022-01-11,52.368282318115234,51.542762756347656,0.9208809377248378,4.903534618120958,
2022-01-12,52.979759216308594,51.810665130615234,0.9208809377248378,5.268305326680078,
2022-01-13,52.444705963134766,52.75789260864258,0.9208809377248378,3.8609683453017,
2022-01-14,53.562599182128906,52.88228225708008,0.9208809377248378,4.8643135081994515,
2022-01-17,53.562599182128906,52.88228225708008,0.9208809377248378,4.8643135081994515,
2022-01-18,52.73134613037109,51.78196334838867,0.9208809377248378,5.0463231648737406,
2022-01-19,51.84277725219727,50.31805419921875,0.9208809377248378,5.505840316731501,
2022-01-20,50.61025238037109,48.41402816772461,0.9208809377248378,6.026696722240139,
2022-01-21,49.41592788696289,48.1174201965332,0.9208809377248378,5.105512855479347,
2022-01-24,49.998756408691406,49.30384826660156,0.9208809377248378,4.595782383500243,
2022-01-25,51.09752655029297,49.18903732299805,0.9208809377248378,5.800279734508479,
2022-01-26,50.3236083984375,49.01681137084961,0.9208809377248378,5.184961178968017,
2022-01-27,48.77577590942383,47.524208068847656,0.9208809377248378,5.011638618353096,
2022-01-28,49.47325897216797,46.77789688110352,0.9208809377248378,6.396385427501592,
2022-01-31,50.046531677246094,47.17975997924805,0.9208809377248378,6.59959006592338,
2022-02-01,50.88732147216797,46.65352249145508,0.9208809377248378,7.924981932070004,
2022-02-02,49.53058624267578,47.02666473388672,0.9208809377248378,6.2246271244626215,
2022-02-03,49.98077392578125,46.42388534545898,0.9208809377248378,7.22990285602463,
2022-02-04,50.51717376708984,46.854454040527344,0.9208809377248378,7.3698001936637,
2022-02-07,50.47885894775391,47.485939025878906,0.9208809377248378,6.749962888858072,
2022-02-08,51.1972541809082,48.58624649047852,0.9208809377248378,6.4551059522262335,
2022-02-09,51.17809295654297,48.9785385131836,0.9208809377248378,6.0746904821303715,
2022-02-10,50.48843383789063,48.509708404541016,0.9208809377248378,5.816768073558457,
2022-02-11,50.35433578491211,48.23223876953125,0.9208809377248378,5.9381865182578935,
2022-02-14,49.98077392578125,47.447662353515625,0.9208809377248378,6.287126124824297,
2022-02-15,51.06315612792969,48.99767303466797,0.9208809377248378,5.942133037429649,0.8451403971204113
2022-02-16,51.11104965209961,49.10292434692383,0.9289846080600681,5.495188723069404,0.400544265694612
2022-02-17,50.047828674316406,47.47636032104492,0.9307502362867798,5.859195087467548,0.7281472460240338
2022-02-18,50.047828674316406,47.926063537597656,0.9285151447011969,5.547752853745159,0.4144491278327289
2022-02-21,50.047828674316406,47.926063537597656,0.9254907172478519,5.692701756039028,0.5351316438709766
2022-02-22,49.49227523803711,46.97882461547852,0.9161005506039782,6.454948141069508,1.2253687157379511
2022-02-23,48.90798568725586,46.34733963012695,0.8963033814716779,7.366708454556765,1.984927796757106
2022-02-24,47.66276550292969,45.64887237548828,0.8900575861208267,7.032640347264895,1.606626459236425
2022-02-25,49.40607070922852,47.466796875,0.8850694956099752,7.394656740851126,1.8417988006176123
2022-02-28,48.68767547607422,47.36155319213867,0.8845787102118601,6.792653839741789,1.2663750333527501
2022-03-01,47.11679458618164,44.72078323364258,0.8730548630238233,8.073097305815729,2.2375499353530532
2022-03-02,49.319862365722656,46.67265319824219,0.8612183555128713,9.124516730909967,2.856447445532363
2022-03-03,49.44438171386719,46.49085998535156,0.8455002593839587,10.136347537269138,3.2590908107144143
2022-03-04,48.132118225097656,44.749488830566406,0.8225146636893657,11.325007469353302,3.578896172841239
2022-03-07,46.55165863037109,42.443607330322266,0.783109316835238,13.313674289899318,4.065625231782938
2022-03-08,46.84860229492188,42.443607330322266,0.7486280029780283,15.074129300039118,4.184302356030793
2022-03-09,48.50568771362305,44.29978942871094,0.7148717086258572,16.83702155295477,4.166242601534238
2022-03-10,48.77388381958008,44.481590270996094,0.6866047006840277,18.23261484561325,3.9947581192884574
2022-03-11,48.94629669189453,45.74456787109375,0.6666431674548403,18.450993072455674,3.569154773496298
2022-03-14,48.80261993408203,45.03652572631836,0.6456908969667805,19.722945241588043,3.466008092747309
2022-03-15,48.52483749389648,45.2087516784668,0.6356855130796045,19.78628898748188,3.123559766911799
2022-03-16,49.32943344116211,46.21339416503906,0.6291383377985793,20.25481545213887,2.938958008806956
2022-03-17,48.71641540527344,45.52449417114258,0.624243907768787,20.298027264682027,2.709144972416947
2022-03-18,48.01717758178711,45.14177703857422,0.6231292413235687,19.88801630374266,2.4391379583038693
2022-03-21,47.82560348510742,44.53898620605469,0.6231204838680193,20.072448849399585,2.3179853161809865
2022-03-22,47.85434341430664,44.58683395385742,0.6241001757074978,20.027692509463197,2.173569128409087
2022-03-23,46.034427642822266,42.041751861572266,0.6299101497583621,19.55190143159538,1.9760419663726883
2022-03-24,46.16851806640625,42.72108459472656,0.6370339619612613,18.953736287745382,1.7807791166090374
2022-03-25,47.45204544067383,42.99854278564453,0.6320570802871507,20.27451203097722,1.9188022813289844
2022-03-28,46.71449661254883,42.40533065795898,0.633766892676984,19.83940196851412,1.759435816605197
2022-03-29,48.05549621582031,44.31892776489258,0.6391878711434482,19.727375126418366,1.6668291949282958
2022-03-30,45.92905044555664,43.19583511352539,0.654890551798951,17.640506152643496,1.270364372503411
2022-03-31,44.65511322021485,42.12074279785156,0.6686839071538007,16.489650353927157,1.0431646089689588
2022-04-01,43.89840698242188,41.26642990112305,0.6881928157732975,15.499146391856613,0.8499844945299565
2022-04-04,42.9597053527832,40.87286376953125,0.7126292964868329,13.832505199299987,0.5518398818802827
2022-04-05,42.23174285888672,39.89376068115234,0.7432691459621384,12.579941428188683,0.3241208019233652
2022-04-06,41.30263900756836,39.12582015991211,0.7738455344748469,11.025297794154433,0.04775849261162446
2022-04-07,40.41181945800781,38.857051849365234,0.8264709790017885,8.29759377493967,-0.4295599787886287
2022-04-08,39.8658447265625,38.55947494506836,0.869907106993847,6.322683429896358,-0.7734327218022573
2022-04-11,39.93289566040039,38.981842041015625,0.9141738183006591,4.296716277371978,-1.116671923494464
2022-04-12,39.35819625854492,38.69386672973633,0.9579773011251073,2.2903502386975347,-1.4377533965294162
2022-04-13,40.08614730834961,39.63458251953125,0.989906020156412,0.8516354658795322,-1.640311165846482
2022-04-14,40.01910018920898,39.13542938232422,1.0100668230890926,0.4897013627772253,-1.6536655037472345
2022-04-15,40.01910018920898,39.13542938232422,1.0325211827005745,-0.38905964212323596,-1.7469490221588468
2022-04-18,40.08614730834961,39.11623001098633,1.0602466845043705,-1.386705871109001,-1.848568813921538
2022-04-19,41.139793395996094,40.66168594360352,1.0791284447278051,-2.7393885163352323,-1.9770982607905827
2022-04-20,41.61872482299805,41.02645111083984,1.1006288373623545,-3.536170364229079,-2.012639957928463
2022-04-21,41.22600173950195,40.738468170166016,1.1188993472989457,-4.356243706055679,-2.043083199701901
2022-04-22,40.17236328125,39.56738662719727,1.1296009928047117,-4.522995935519916,-1.9755187885352772
2022-04-25,40.6033935546875,39.55778503417969,1.1358730711443759,-4.329229219755213,-1.868051438167508
2022-04-26,39.492286682128906,38.12752532958984,1.1329743991822112,-3.705223420467675,-1.7141471218353868
2022-04-27,38.88883209228516,40.42171096801758,1.1522402704055885,-7.686691083759953,-2.1198753163158863
2022-04-28,39.31985855102539,40.623291015625,1.1636700404348228,-7.952248147722528,-2.044653609738152
2022-04-29,38.38117218017578,40.02814102172852,1.1770919035851604,-8.735628532065888,-2.0313161391950034
2022-05-02,38.3907585144043,41.26642990112305,1.1920233605215622,-10.799789933059877,-2.1481658903350755
2022-05-03,38.476959228515625,41.42000961303711,1.2098510916145777,-11.635084616503626,-2.121441943827909
2022-05-04,39.81795501708984,42.76387786865234,1.2229982147232141,-12.482191270913539,-2.0960273436915675
2022-05-05,38.53040313720703,41.69838333129883,1.2447988862764987,-13.37569799312427,-2.0746432004316118
2022-05-06,38.28058242797852,41.160831451416016,1.2675258856185008,-13.891836910271401,-2.0186834989076163
2022-05-09,37.89623641967773,41.1704330444336,1.2853094505830018,-15.020510256927487,-2.018310786675497
2022-05-10,36.71438217163086,40.46969223022461,1.3220316136032078,-16.78783034951818,-2.0665473030353505
2022-05-11,36.29160690307617,40.018531799316406,1.3665820577607888,-18.3970006317992,-2.0911160387125807
2022-05-12,36.78165054321289,40.79606246948242,1.3914816029189487,-19.98531985460408,-2.1050900666860337
2022-05-13,36.91616439819336,41.06484222412109,1.4234777647783798,-21.538725421975357,-2.1099890097911858
2022-05-16,36.54143524169922,40.74807357788086,1.4613071905593444,-23.004017679099313,-2.1031384269308586
2022-05-17,38.54001235961914,42.552696228027344,1.4666177831760074,-23.868528650492372,-2.05204888462707
2022-05-18,38.18450164794922,41.14163589477539,1.4804633289348053,-22.72418158665363,-1.8729816628765126
2022-05-19,37.79054641723633,40.69047164916992,1.498424178121056,-23.18104012102925,-1.81663092277991
2022-05-20,38.09801864624024,41.285621643066406,1.5324481429248649,-25.170055570175478,-1.8599412076740294
2022-05-23,39.27027130126953,41.86156845092773,1.5744459131328348,-26.63850406362404,-1.863923159991794
2022-05-24,38.924354553222656,41.85197067260742,1.5736820062871875,-26.937338621918727,-1.795789372102464
2022-05-25,39.51047897338867,42.36071395874024,1.5789715258199888,-27.375882180867507,-1.7413322348647735
2022-05-26,40.62507247924805,43.20543670654297,1.561568229814203,-26.843164836937845,-1.6360566796456784
2022-05-27,41.374542236328125,44.213340759277344,1.499160539740866,-24.908353560096927,-1.4606863712701446
2022-05-30,41.374542236328125,44.213340759277344,1.4462113763412114,-22.567294155789348,-1.274749680965867
2022-05-31,41.10550308227539,43.76218032836914,1.4061561270939338,-20.430954921450493,-1.110293918451312
2022-06-01,40.711551666259766,43.20543670654297,1.3566241797004057,-17.901988464351888,-0.9297110714187662
2022-06-02,41.32649993896485,44.0501594543457,1.2875682757864084,-15.391087917783402,-0.7540534389231516
2022-06-03,41.00941467285156,43.848575592041016,1.2211755619429898,-12.537394266158792,-0.5595852353644251
2022-06-06,41.25924682617188,43.867774963378906,1.1475217827043094,-9.07998050307615,-0.32761243832245973
2022-06-07,41.83575820922852,44.12694549560547,1.0734349263575804,-5.531646279231701,-0.08624231028778397
2022-06-08,40.93255615234375,43.23422622680664,0.9872643087112836,-1.751052316131755,0.17562918448862985
2022-06-09,40.394474029541016,41.79437255859375,0.9088193505781192,2.4109395030198755,0.468409791026059
2022-06-10,39.23183441162109,40.71927261352539,0.8357342051079217,5.201345481383676,0.677752617848957
2022-06-13,38.703369140625,39.55778503417969,0.7604822265292037,8.62037670126842,0.9317754142490776
2022-06-14,38.94357681274414,40.17213439941406,0.671417161113672,11.971316378412663,1.1815657580111776
2022-06-15,39.12613677978516,40.06654357910156,0.6519611325303224,13.004307651378593,1.2736398661867974
2022-06-16,37.65602111816406,38.13712692260742,0.621468797569308,13.954986706823146,1.3568819733097919
2022-06-17,38.46314239501953,38.42509460449219,0.5579857622196958,17.022486693768037,1.5840261953597554
2022-06-20,38.46314239501953,38.42509460449219,0.5161541947351165,18.629868631817196,1.7020914945476266
2022-06-21,38.83787536621094,39.74017333984375,0.39602069824118385,23.099944171940336,1.9964239967657151
2022-06-22,38.37666702270508,39.34660720825195,0.33316092845807527,25.26791483352866,2.103200784337692
2022-06-23,38.347843170166016,38.684268951416016,0.3071921450765496,26.464339610262364,2.12889821173722
2022-06-24,38.876312255859375,39.57698440551758,0.29876966518746073,27.051909875893536,2.106862758639719
2022-06-27,39.32792282104492,39.51938629150391,0.2957017383875037,27.641971594639934,2.0774216721137964
2022-06-28,39.193397521972656,39.20262145996094,0.30890495552101654,27.083513483576176,1.9780957221723052
2022-06-29,38.65531921386719,38.73053359985352,0.332188663544939,25.789475018949492,1.8414209049998551
2022-06-30,38.52079772949219,38.71126174926758,0.3517906832094577,24.9025365108172,1.732957664618017
2022-07-01,39.32792282104492,39.34713745117188,0.3643300680120757,24.99257755737898,1.6828929932465317
2022-07-04,39.32792282104492,39.34713745117188,0.37304967463874006,24.649485996919466,1.6090450282042912
2022-07-05,39.40478897094727,39.722877502441406,0.38027577085304504,24.299141108205287,1.5371702559824947
2022-07-06,39.068485260009766,39.68434524536133,0.38738013536054955,23.695558227166913,1.455253604350982
2022-07-07,38.88592529296875,39.74215316772461,0.40094534507990975,22.95149397691678,1.371224496799285
2022-07-08,38.96279144287109,39.7132453918457,0.4143367726143539,22.508133517171874,1.3069492873168307
2022-07-11,37.99232482910156,39.21225357055664,0.4355720393963751,20.912563572046416,1.1871849022843521
2022-07-12,38.01154708862305,39.4434814453125,0.44197803710354316,20.578394582893804,1.1362256527581722
2022-07-13,37.16598892211914,38.42223358154297,0.4506849075595173,19.849668132191265,1.0673675069611208
2022-07-14,36.47417831420898,37.43951797485352,0.4693406857149566,18.902289275053782,0.9902028092489721
2022-07-15,37.97311019897461,39.04846954345703,0.481711683552399,19.163006195051345,0.9756055643350259
2022-07-18,38.57845687866211,39.15444946289063,0.49187685471654374,19.3192894286976,0.9562830938650557
2022-07-19,40.18308639526367,40.589988708496094,0.5169000635912436,19.20211865067418,0.9245569890225285
2022-07-20,41.09590148925781,40.94646453857422,0.5192720725745609,19.833545983711616,0.9276955539501831
2022-07-21,40.980594635009766,40.97536849975586,0.5217942812651083,19.599881679106698,0.8886800232386639
2022-07-22,40.480953216552734,40.69596862792969,0.5202454830839612,19.309059358145724,0.8477593140853101
2022-07-25,41.14393997192383,41.75575256347656,0.5310561760036651,18.96928968940873,0.8048131877090302
2022-07-26,42.48914337158203,41.34147262573242,0.5437780642154846,20.00855741534381,0.8286370621829294
2022-07-27,44.03612518310547,44.096927642822266,0.600971969654996,17.535107721864733,0.6831353002120193
2022-07-28,45.32366943359375,44.655723571777344,0.6761918457414774,15.127833288672427,0.5431567690238651
2022-07-29,45.85213851928711,45.56136322021485,0.7456313967474296,11.88015562368134,0.3635582075603388
2022-08-01,45.97705078125,45.72515487670898,0.8024886708260055,9.283132020926573,0.2160641470282227
2022-08-02,45.69840240478516,44.79061126708984,0.8402001104120398,8.065325872753526,0.13570323348063262
2022-08-03,45.544681549072266,45.53246307373047,0.8617736281579105,6.306005647057475,0.02618920042769037
2022-08-04,45.776004791259766,45.18562316894531,0.8897522919893484,5.57199301172367,-0.03375580121245772
2022-08-05,46.6146125793457,45.5421028137207,0.9241910961726139,4.525006657927285,-0.11286019663481792
2022-08-08,46.43146133422852,45.45538711547852,0.9475067763731235,3.3621740196490535,-0.202025697975737
2022-08-09,46.44110107421875,45.62880706787109,0.9815406299810813,1.6545730395353502,-0.3251553645825813
2022-08-10,47.44356536865234,46.30322647094727,1.007374612610125,0.798870539882941,-0.40367172842392035
2022-08-11,47.838775634765625,47.14141845703125,1.0236382875890564,-0.41698522910898106,-0.5068952196947901
2022-08-12,48.78340530395508,47.873634338378906,1.0431701694302493,-1.15694194005345,-0.5911868301882915
2022-08-15,49.1786003112793,48.03742218017578,1.0641332122281302,-1.9396160604699872,-0.6873546173359555
2022-08-16,49.56416702270508,48.596221923828125,1.079152868225831,-2.8785852513330497,-0.802046859014908
2022-08-17,49.06293869018555,48.16267395019531,1.0915897678524364,-3.5109433862607418,-0.9083944384755676
2022-08-18,49.274993896484375,48.81781005859375,1.0996746651953115,-4.408715035268017,-1.0423648367476759
2022-08-19,48.79303741455078,47.95071029663086,1.1146547425462963,-4.655449226052326,-1.1344676249143781
2022-08-22,47.877323150634766,46.76567840576172,1.1297131403528355,-4.954478261869092,-1.2292133271158574
2022-08-23,47.55923080444336,46.399559020996094,1.141317022542595,-5.397375744689306,-1.3327204923871896
2022-08-24,47.78093338012695,46.73677444458008,1.1488704185155272,-5.913564236083559,-1.4348173276222747
2022-08-25,48.34000396728516,47.54606246948242,1.1571670146305673,-6.678731197964268,-1.5462650196538739
2022-08-26,47.308624267578125,46.49591064453125,1.1647413885133215,-6.847087256724528,-1.5924233213479935
2022-08-29,46.96162033081055,45.34941101074219,1.1748691908878064,-6.318005490618702,-1.5612798060097517
2022-08-30,47.46284484863281,45.30123901367188,1.1870245619771673,-6.31083854859402,-1.5568027691121529
2022-08-31,46.6049690246582,44.973663330078125,1.1931761412279012,-7.056533044407175,-1.5966419660193294
2022-09-01,46.37363052368164,44.51121520996094,1.1954421774861357,-6.836953509468067,-1.5404101833915902
2022-09-02,46.31578826904297,44.37632751464844,1.1956381002307908,-6.742239655790655,-1.489820968142747
2022-09-05,46.31578826904297,44.37632751464844,1.196971079876406,-6.801392397114839,-1.4471128678751985
2022-09-06,44.94704818725586,43.45141220092773,1.1946108705655556,-6.9604811693972195,-1.40965606985568
2022-09-07,45.853118896484375,44.2125358581543,1.194034263645166,-6.938163800792388,-1.359462247014401
2022-09-08,47.173675537109375,45.18562316894531,1.1986557556622102,-6.988331747530637,-1.3167108007012631
2022-09-09,47.81948852539063,45.59027099609375,1.2074576270104533,-7.228831906316223,-1.288561640488337
2022-09-12,47.95444488525391,46.41884231567383,1.2138624382391738,-8.391644228289657,-1.3283671339386984
2022-09-13,46.99053192138672,45.14708709716797,1.2135699848246078,-7.798617881998659,-1.2397362376591305
2022-09-14,46.75920104980469,45.49393081665039,1.2110016201136404,-8.33402287449681,-1.238605706021247
2022-09-15,47.99300003051758,45.86967086791992,1.2162037808474158,-7.793867105273193,-1.1606495903428087
2022-09-16,47.86768341064453,46.149070739746094,1.2161232626216918,-8.25527506433474,-1.1601092889687414
2022-09-19,48.87015151977539,46.89091873168945,1.2203625023648945,-8.353767401818054,-1.1343124143351175
2022-09-20,48.9858283996582,46.70786666870117,1.227866501024042,-8.365196417137376,-1.1030188184602012
2022-09-21,48.50386428833008,46.6885986328125,1.2341288527401864,-9.115882378429845,-1.1286611327559666
2022-09-22,47.414649963378906,45.58063507080078,1.2395811483042907,-9.086245998123147,-1.0937456780200328
2022-09-23,46.62425231933594,44.8773193359375,1.2442142627060813,-9.212748470452901,-1.0729282364426278
2022-09-26,46.37363052368164,44.31851196289063,1.2482404503182136,-8.946528806310099,-1.021900221881772
2022-09-27,45.65069961547852,43.74045181274414,1.246947687172292,-8.891355608293871,-0.9892295110160599
2022-09-28,45.86275863647461,44.16436767578125,1.2435870777364966,-9.059478301530383,-0.9759219299724194
2022-09-29,44.995243072509766,43.42007446289063,1.2353066616282997,-8.641864159895853,-0.913472144455449
2022-09-30,44.783180236816406,43.21709060668945,1.226439745869718,-8.219977384080387,-0.8509435828593439
2022-10-03,45.67961120605469,44.15470123291016,1.2128974197340778,-7.875511988471153,-0.794296518082315
2022-10-04,47.1254768371582,46.725887298583984,1.189348941485614,-8.447907761388755,-0.8216485960132287
2022-10-05,46.62425231933594,46.870872497558594,1.1597440386380222,-7.73396264547047,-0.7295266651233426
2022-10-06,46.26760482788086,47.2285270690918,1.1213292439632396,-6.691123724001244,-0.6036565104290075
2022-10-07,43.87710952758789,46.75488662719727,1.0637677631522993,-5.8592316362651005,-0.49538507887095906
2022-10-10,44.06989288330078,46.3295783996582,1.0154838524788194,-2.9770458737036307,-0.16815874713595277
2022-10-11,43.77107620239258,46.45523834228516,0.9649408382823518,-1.0554804262185158,0.07584820976240449
2022-10-12,43.96385955810547,46.29091644287109,0.9270803071680364,1.0484625231586335,0.36298034856959793
2022-10-13,46.64352798461914,48.1274642944336,0.8599167249035049,5.257916510639426,0.9305903182117099
2022-10-14,46.31578826904297,47.82781600952149,0.7687005325905318,9.55052062988183,1.5467412181749596
2022-10-17,47.79057312011719,48.71710205078125,0.6750665147201916,14.903288831428391,2.296931078417465
2022-10-18,47.92552185058594,48.668758392333984,0.616887227844532,17.902386403303726,2.7336445249967394
2022-10-19,47.983360290527344,48.05013656616211,0.5904155972624899,19.613810211272536,2.9191921649196213
2022-10-20,45.66997528076172,46.65821838378906,0.5748617230283194,18.84795146722513,2.7518371010256883
2022-10-21,47.1158447265625,47.08353042602539,0.5690878188543235,20.321181092454534,2.8028838349694443
2022-10-24,47.36645126342773,48.07913589477539,0.5569884003469004,20.58693027133554,2.6806219519560512
2022-10-25,44.52293014526367,49.10374069213867,0.46529414279507386,21.675247211883423,2.6426306169018994
2022-10-26,43.87710952758789,49.45172119140625,0.3603727737252437,26.05605559635341,2.8868510999275085
2022-10-27,43.99277877807617,49.56771087646485,0.2699810592673781,30.610435690189053,3.0551353511940427
2022-10-28,44.648231506347656,50.06068801879883,0.20018729199448723,34.626717936483445,3.1061876178259857
2022-10-31,44.87957000732422,49.79003143310547,0.1505836783694198,37.38200392799816,3.029888333973829
2022-11-01,45.2747802734375,49.335731506347656,0.12027704329572327,39.34082435902234,2.9014447581563547
2022-11-02,44.67715072631836,49.10374069213867,0.0900116033198483,40.25724429761688,2.727170578962636
2022-11-03,44.70616149902344,48.38845443725586,0.0673763689399891,41.445923140423034,2.596354788863434
2022-11-04,45.48946380615234,50.02202224731445,0.03196412685391156,43.89055354154999,2.551951311870418
2022-11-07,45.8956184387207,50.428001403808594,0.0018384915102460258,45.80290698626113,2.4799517722603084
2022-11-08,45.76023483276367,50.05101776123047,-0.03539282975037336,47.53168198321981,2.405260443662357
2022-11-09,45.56682205200195,49.413047790527344,-0.06138431445567122,48.600008115788796,2.3066464018740263
2022-11-10,47.616943359375,51.96490097045898,-0.05417236184084593,50.43200477777043,2.2548221115945237
2022-11-11,46.659576416015625,51.73291778564453,-0.05454435562497269,49.4813150812333,2.0835763994543814
2022-11-14,46.76595687866211,51.11429214477539,-0.04454755144942268,49.042973437782315,1.9560723155908781
2022-11-15,47.40419769287109,50.85330581665039,-0.026640627863166923,48.75896168874429,1.849205157330669
2022-11-16,46.62089538574219,49.99302673339844,-0.02180450633350542,47.71096865378168,1.7207774297666885
2022-11-17,45.27671813964844,49.558048248291016,-0.0322535612759428,46.875141685540825,1.612966085917039
2022-11-18,45.27671813964844,50.28300857543945,-0.03868405132223789,47.22186862401727,1.5626254729434956
2022-11-21,45.24769973754883,50.61165237426758,-0.04359840703252891,47.45428715835101,1.5110190304378295
2022-11-22,46.44683074951172,51.18194961547852,-0.032258767181120064,48.09789734603326,1.4793846395593915
2022-11-23,46.02133560180664,50.91129684448242,-0.0305327656260122,47.575798296075554,1.4032958799722541
2022-11-24,46.02133560180664,50.91129684448242,-0.030277241304665668,47.5627892215005,1.3520949728535316
2022-11-25,46.35979843139648,51.48159790039063,-0.026799653343475498,47.73948740869514,1.3112779036889848
2022-11-28,45.71187973022461,50.331336975097656,-0.029232574531141555,47.183194289601154,1.243883004944288
2022-11-29,45.876277923583984,50.3699951171875,-0.04832703641124354,48.31051051164646,1.2458155702626503
2022-11-30,46.911014556884766,51.11429214477539,-0.04602227306420312,49.263410467455074,1.2407985715748955
2022-12-01,47.57826614379883,50.891971588134766,-0.02642059533150281,48.92286233075127,1.1858081174637494
2022-12-02,47.73298645019531,50.891971588134766,-0.0019582843658672777,47.83264740250452,1.1041152049607201
2022-12-05,44.77384948730469,48.69776153564453,0.005419722358905244,44.50992114028132,0.937812136629482
2022-12-06,44.851219177246094,48.63011169433594,0.012215633170806966,44.25717157173272,0.8970399236580596
2022-12-07,44.677154541015625,48.67843246459961,0.016679072321923658,43.86524344542069,0.8517371512251654
2022-12-08,44.976932525634766,48.639766693115234,0.03143962833524687,43.4477163384901,0.8062494901007153
2022-12-09,44.851219177246094,48.58177185058594,0.04491411007378613,42.66921212876931,0.7467251409823948
2022-12-12,45.24769973754883,48.62043380737305,0.059646703036981275,42.347651160711244,0.7066767766304229
2022-12-13,45.0156135559082,47.42184066772461,0.080923415874247,41.17807622203165,0.6311354669257601
2022-12-14,43.690765380859375,46.14592361450195,0.11205191822308465,38.52002612167849,0.49102212012826796
2022-12-15,42.89780807495117,45.256649017333984,0.15651875812923857,35.81429357366723,0.34621929321863076
2022-12-16,43.149227142333984,44.54134750366211,0.19798861132275378,34.330547603639715,0.2527947151404219
2022-12-19,43.2169189453125,45.20831298828125,0.2382113250292315,32.447786806037804,0.13767462492165647
2022-12-20,43.39098739624024,45.12131118774414,0.27354414752450834,31.04831679220071,0.04094384731172183
2022-12-21,44.44506072998047,46.08792495727539,0.30067179124825033,30.587721778161537,-0.014276779718435285
2022-12-22,43.90352249145508,45.55628967285156,0.32858285469590126,28.934506781396106,-0.13394655420017376
2022-12-23,44.33868789672852,46.26191329956055,0.35576767320100855,27.880194644317076,-0.22908449835120942
2022-12-26,44.33868789672852,46.26191329956055,0.3943647290948684,26.094620990937038,-0.37179212487577706
2022-12-27,44.425724029541016,46.35857391357422,0.4161802057781768,25.132203198606877,-0.479950017619834
2022-12-28,43.91318893432617,45.39196395874024,0.43290260622741306,24.26288943480672,-0.5923664009848404
2022-12-29,44.79319381713867,45.886512756347656,0.43474059083693345,24.84446414999761,-0.622038031056163
2022-12-30,43.84550094604492,45.71196746826172,0.4327733694139738,24.06257876226334,-0.7496695433194476
2023-01-02,43.84550094604492,45.71196746826172,0.43310280576460547,24.047519578520404,-0.8289902412001338
2023-01-03,43.53604507446289,44.89740753173828,0.4310127435757716,24.184690274768865,-0.9021310656722815
2023-01-04,43.26527404785156,45.08165740966797,0.43530963369019454,23.640794274702156,-1.0337874430616436
2023-01-05,42.7720832824707,44.61619567871094,0.44921715588814165,22.72972275313138,-1.1898363988747107
2023-01-06,44.43538665771485,46.0319709777832,0.44997281683500795,23.722251012374407,-1.1669699859081946
2023-01-09,44.14528274536133,45.91560363769531,0.4469919259079812,23.621378646120395,-1.2154174553827328
2023-01-10,45.20901870727539,46.206520080566406,0.43691033103791643,25.02091272276499,-1.1143055555049006
2023-01-11,45.93429946899414,46.83682632446289,0.4323762472611267,25.683168269201726,-1.0754441769228815
2023-01-12,46.60154342651367,47.48653030395508,0.4343150963653429,25.97742644149565,-1.0761462903227443
2023-01-13,47.08507537841797,47.825931549072266,0.44135429057362363,25.976895288554495,-1.099354075889509
2023-01-16,47.08507537841797,47.825931549072266,0.43961669448720314,26.059997440043578,-1.1141435187940738
2023-01-17,46.62089538574219,47.47683334350586,0.4367924837461831,25.88337142922866,-1.1498249586772626
2023-01-18,45.605499267578125,45.49863052368164,0.4285726253495647,26.106031734234044,-1.1275856355423022
2023-01-19,45.56682205200195,45.49863052368164,0.42290951850493375,26.325018124597868,-1.0912721125346407
2023-01-20,46.57254409790039,46.75925064086914,0.4227903783313612,26.803182828956384,-1.0216367747417774
2023-01-23,46.746612548828125,46.8271369934082,0.4204108246486403,27.05997726949453,-0.9710879076240816
2023-01-24,45.83759689331055,46.32288360595703,0.4154403521344789,26.59320181616728,-0.9881893840018373
2023-01-25,45.51847076416016,46.09984588623047,0.41302602047104564,26.47803487344189,-0.9700553838466558
2023-01-26,45.044620513916016,45.37257385253906,0.40747556412224384,26.55640538767449,-0.933187494296086
2023-01-27,46.3017807006836,45.05256652832031,0.3929826686198997,28.596902878208713,-0.7120684471592703
2023-01-30,45.28638458251953,44.39316177368164,0.3828695535914401,28.28959455171746,-0.7159605599007245
2023-01-31,46.71760559082031,45.73136520385742,0.37287660427292707,29.665449424840862,-0.5588411728196688
2023-02-01,47.0463981628418,46.50712585449219,0.3676242323933616,29.949251719762646,-0.5069908983688065
2023-02-02,48.19716644287109,48.28168869018555,0.36404544356500446,30.62043766758503,-0.4157291051816316
2023-02-03,48.8450813293457,48.65987777709961,0.3799631041214311,30.356123122989494,-0.41763260123438045
2023-02-06,48.61299514770508,47.4477424621582,0.3799910678963539,30.583276820238407,-0.3695877726910977
2023-02-07,49.02882385253906,48.14593124389648,0.3804891682652782,30.70981851819162,-0.3313830455937653
2023-02-08,48.51628494262695,47.7192611694336,0.3827709991421836,30.25073566647605,-0.3556849363165243
2023-02-09,48.49689102172852,46.93379592895508,0.38733781373077003,30.317657116520948,-0.32410849278021003
2023-02-10,48.9333610534668,46.99197769165039,0.4012508165926065,30.077791631390532,-0.3254937034398773
2023-02-13,49.62201690673828,47.350772857666016,0.42929751483435147,29.2944477934564,-0.3881488616417145
2023-02-14,49.195255279541016,47.011375427246094,0.44503012729431296,28.273776888872952,-0.479954992697204
2023-02-15,49.07885360717773,47.88411331176758,0.48416838371442483,25.894879859420843,-0.7359218895230453
2023-02-16,48.92366409301758,47.07925796508789,0.5194210993910875,24.469704162275015,-0.8836090800036068
2023-02-17,49.32133865356445,47.43804168701172,0.5790221127121602,21.8536635330234,-1.1824632083587947
2023-02-20,49.32133865356445,47.43804168701172,0.638393979963161,19.037178419334694,-1.5064333660468987
2023-02-21,48.51629257202149,46.07075881958008,0.6787790284011604,17.24442766276273,-1.7069481707626384
2023-02-22,48.25440979003906,45.789546966552734,0.7259878608534643,15.011754538342203,-1.9719050640541327
2023-02-23,48.19620513916016,46.8271369934082,0.7871173068319068,11.33775518225994,-2.4076469582841566
2023-02-24,47.81793594360352,46.565311431884766,0.8659060600032528,7.496750588795763,-2.805720540193814
2023-02-27,48.45809173583984,46.64288330078125,0.9478864597847458,4.2459342097092545,-3.0219528712057273
2023-02-28,48.40959930419922,46.41984939575195,1.030590523190249,0.5697424290186461,-3.2154675712152834
2023-03-01,47.74034118652344,46.29379653930664,1.136203991571402,-4.858855226431125,-3.4905817169919837
2023-03-02,46.75101089477539,45.53741836547852,1.2310575051758554,-9.308169750379783,-3.561169613413681
2023-03-03,47.85673141479492,45.682884216308594,1.338108870602655,-13.27194118976162,-3.5323398921434417
2023-03-06,46.59581756591797,45.23680877685547,1.45414916287875,-19.1852500482525,-3.6070823285511833
2023-03-07,45.04390335083008,43.3555793762207,1.367729006873905,-14.254780171851017,-2.9295061120739647
2023-03-08,45.42218780517578,43.55921173095703,1.2627413156062102,-9.581828522742363,-2.3993073991931992
2023-03-09,42.880950927734375,41.1446533203125,1.0915615717410565,-2.030971519326819,-1.7398384965858014
2023-03-10,41.687931060791016,41.16404342651367,1.0396538211799127,-1.108423982799792,-1.603036060833062
2023-03-13,37.52689743041992,36.01490020751953,0.9545031093860756,3.1505631981133106,-1.2398726574160384
2023-03-14,38.37074279785156,35.62701797485352,0.8867064015007644,6.780037893166146,-0.9382771728765846
2023-03-15,38.3028450012207,35.67550277709961,0.861479876832343,7.5691172628730214,-0.8509122995449928
2023-03-16,39.72865295410156,37.35309982299805,0.8477805109086061,8.061422902140116,-0.7879775494406416
2023-03-17,37.46869659423828,34.7057991027832,0.8396239494620461,8.32887648232311,-0.7433928407676358
2023-03-20,37.41050338745117,34.93852615356445,0.8392837206192065,8.087167164336144,-0.7376839531787063
2023-03-21,38.78781127929688,37.391883850097656,0.8479115875379404,7.082799682926304,-0.7873838469488832
2023-03-22,37.04192352294922,35.7918701171875,0.8578237831277296,6.338806093807104,-0.8171295300702839
2023-03-23,35.93619155883789,34.3082160949707,0.8660901287944077,6.222184262438343,-0.8004795042660625
2023-03-24,36.82854080200195,35.65610885620117,0.8756867967819196,5.6049570520077125,-0.8202008315057574
2023-03-27,36.7800407409668,35.78217697143555,0.8856697870366234,5.088847682968709,-0.8318111428125021
2023-03-28,36.72184753417969,35.83066177368164,0.8935613612712276,4.704952624439784,-0.8333373247437031
2023-03-29,37.04192352294922,35.733680725097656,0.8989854306718024,4.9178651668086175,-0.7929420025670503
2023-03-30,36.36297607421875,35.15922164916992,0.9047172204428822,4.553822790846532,-0.7946882652260217
2023-03-31,36.47936630249024,35.61684799194336,0.9140896666946741,3.9223735928198664,-0.8141521899414402
2023-04-03,36.275672912597656,35.04238510131836,0.9216107122554242,3.980235420242778,-0.7847352163498812
2023-04-04,35.57732009887695,33.766876220703125,0.925362683041005,4.3307129213736,-0.734777862302353
2023-04-05,35.14085388183594,32.705570220947266,0.9261676617655011,4.850012383593803,-0.6737071410595491
2023-04-06,35.82950210571289,33.49424743652344,0.9285010676545136,4.730057600616426,-0.6584820245283612
2023-04-07,35.82950210571289,33.49424743652344,0.931103921348412,4.642876974951921,-0.6410996349724607
2023-04-10,36.20777893066406,33.844764709472656,0.9339483660513824,4.598516230858586,-0.6208194095075612
2023-04-11,35.83919906616211,33.396881103515625,0.9369352604632648,4.548483570779009,-0.6012262648340089
2023-04-12,35.32513427734375,32.617942810058594,0.9354877798612529,4.811447374320721,-0.55928834577995
2023-04-13,36.2271728515625,33.338462829589844,0.9338736143355634,5.093262072501599,-0.5161966158156849
2023-04-14,35.587013244628906,32.54978561401367,0.9332014268621935,5.211506865572847,-0.48492857067996614
2023-04-17,36.624847412109375,33.72793197631836,0.9335481549848372,5.138198744163276,-0.467610049687022
2023-04-18,36.07198715209961,32.82241439819336,0.9336480043838182,5.427405450167676,-0.423610514890588
2023-04-19,37.14861679077149,34.06871032714844,0.9353120824489494,5.283740388336259,-0.4120378587646447
2023-04-20,36.624847412109375,33.66951370239258,0.9366602288352238,5.087953002855638,-0.40425923410792397
2023-04-21,36.36297607421875,33.085304260253906,0.9336582745159547,5.472607986754721,-0.3503994340046812
2023-04-24,36.130184173583984,32.88084030151367,0.9317085458474643,5.494824270017983,-0.3243601727987452
2023-04-25,33.29796600341797,31.235334396362305,0.934390734886392,4.1119589423787986,-0.40966035769920506
2023-04-26,32.96818542480469,31.78058624267578,0.9412041903873316,3.0561644802322583,-0.4703977284142732
2023-04-27,33.08457565307617,32.871097564697266,0.9528854899704593,1.7621837442728463,-0.5534341594182166
2023-04-28,34.11271286010742,32.617942810058594,0.9603311163353973,2.788687428759708,-0.43880079201468253
2023-05-01,33.75383377075195,31.848743438720703,0.9627725142454676,3.090738974695981,-0.38473272644678647
2023-05-02,31.571474075317383,29.920879364013672,0.9680815341316031,2.6056232780364006,-0.4021735861639292
2023-05-03,32.21164321899414,29.950084686279297,0.971413416182221,3.1177291389487465,-0.3239371838763538
2023-05-04,30.526029586791992,28.869312286376957,0.9742777257543425,2.3993016683287536,-0.36759318231298016
2023-05-05,31.53934097290039,29.72614479064941,0.9745500647471907,2.569724642488641,-0.3194787429872167
2023-05-08,30.555259704589844,28.80115509033203,0.9735262971269487,2.5165778365199323,-0.29394719983592554
2023-05-09,30.204500198364254,28.557737350463867,0.973244616584761,2.4108360601837404,-0.2738441885142301
2023-05-10,29.76604652404785,28.46037483215332,0.9790096668366657,1.9030644415748057,-0.3078646107194287
2023-05-11,29.17169761657715,28.25589942932129,0.983097617514775,1.393390206874301,-0.34872899401103
2023-05-12,29.56143569946289,28.275375366210938,0.9852170062392932,1.7040550308722935,-0.2705948964223702
2023-05-15,30.47731590270996,29.395097732543945,0.9874202395436588,1.4520014582321572,-0.2787357687650862
2023-05-16,30.058347702026367,28.470109939575195,0.9849608245044054,2.016404742211318,-0.15070480938500014
2023-05-17,32.73777770996094,31.060068130493164,0.9810853712819271,2.2651992361141,-0.07350061902645133
2023-05-18,32.69880676269531,31.099018096923828,0.9838737824008242,2.101298198723182,-0.07693740690311075
2023-05-19,31.714723587036133,30.222715377807617,0.9885355562592504,1.838494829370081,-0.10881566122715584
2023-05-22,32.689056396484375,31.15743827819824,0.9886918164943307,1.8839521479025656,-0.09313394472419012
2023-05-23,34.111595153808594,31.916900634765625,0.9855142277742827,2.6570354717890368,0.044267342526285516
2023-05-24,33.20545959472656,31.498218536376957,0.9886920102487315,2.063422590742171,-0.08918283242351302
2023-05-25,33.20545959472656,31.361906051635746,0.9952025290540762,1.9940113761823284,-0.14432801816438012
2023-05-26,33.371097564697266,31.65400695800781,0.9904294716504699,2.0200361776572926,-0.20842279120526327
2023-05-29,33.371097564697266,31.65400695800781,0.9977479240209829,1.7883778353992277,-0.43193900292255133
2023-05-30,33.27366638183594,31.55664825439453,1.0010583132325839,1.6836213090177843,-0.7004669905825981
2023-05-31,32.581886291503906,30.729022979736328,1.0017164009706285,1.800119986898693,-0.9339065192672432
2023-06-01,33.19572067260742,31.634536743164062,1.0056755204434227,1.3816414694393266,-1.2246310562038254
2023-06-02,35.66079330444336,33.69872283935547,1.0402561512079271,0.6054895829527709,-1.6759145621776312
2023-06-05,34.49159240722656,32.65688705444336,1.0455813049439953,0.34616182543300766,-1.7399489953770908
2023-06-06,37.04435729980469,34.70159149169922,1.0413055526756205,0.909397392817219,-1.4115197754082351
2023-06-07,38.74945068359375,35.78237533569336,1.044749282589233,1.3658397222894436,-1.1553031477681464
2023-06-08,38.42791366577149,35.64606094360352,1.0480720764656994,1.068272554786077,-1.288945332279404
2023-06-09,37.95048522949219,34.70159149169922,1.051364964325438,1.4664477287859157,-1.0695003551055207
2023-06-12,38.10638427734375,34.25370788574219,1.0581713903521068,1.8600905791730113,-0.8389189973077235
2023-06-13,38.74945068359375,35.11054229736328,1.085371425860557,0.6414713275671744,-1.5298039619285335
2023-06-14,37.62895584106445,33.99081802368164,1.10508200355883,0.06631455685075593,-1.8190038344751422
2023-06-15,38.252532958984375,34.5166015625,1.1194062033053878,-0.38556494709856537,-2.017434221309075
2023-06-16,37.424354553222656,34.39002227783203,1.1388404525454603,-1.7403939807120352,-2.6462728605801704
2023-06-19,37.424354553222656,34.39002227783203,1.1625337553917392,-2.555207193430988,-2.862167825507895
2023-06-20,36.49872589111328,33.766876220703125,1.1875988821268295,-3.602778561508771,-3.0973878911988835
2023-06-21,35.64131164550781,33.19240951538086,1.207547478398986,-4.440098766776849,-3.16574485721077
2023-06-22,34.618247985839844,32.4232063293457,1.225426058134844,-5.113993938422986,-3.128439927340422
2023-06-23,34.267486572265625,32.4232063293457,1.2546404811250473,-6.411980616401351,-3.2708300741543996
2023-06-26,35.89463806152344,33.056095123291016,1.2769496274349792,-6.316330290618261,-2.9365459529799236
2023-06-27,36.81051635742188,33.45530319213867,1.2870147334082518,-6.2469517615007035,-2.683479869980908
2023-06-28,36.732566833496094,33.153465270996094,1.2912514456491304,-6.0768931259558485,-2.451821020790961
2023-06-29,37.45357131958008,33.6424560546875,1.299948413925258,-6.279886069261131,-2.358501974214204
2023-06-30,36.752052307128906,33.45663070678711,1.3052557173984785,-6.917406207794464,-2.390537437015388
2023-07-03,37.72639465332031,34.22923278808594,1.3133495451299844,-7.228552659060703,-2.3286666170561006
2023-07-04,37.72639465332031,34.22923278808594,1.3192096197382257,-7.4291385169817445,-2.2453269031051675
2023-07-05,36.86897277832031,33.48597717285156,1.3221796671891428,-7.4055053755838,-2.119261793026161
2023-07-06,35.797203063964844,32.93830108642578,1.3221689131759282,-7.752794685336227,-2.097419258740695
2023-07-07,36.67410659790039,33.65222930908203,1.3226928148218686,-7.837455311960305,-2.0168973663843746
2023-07-10,37.05409622192383,33.720680236816406,1.325401646581016,-7.639348887784557,-1.8798128229038125
2023-07-11,37.4340934753418,34.22923278808594,1.3254407695947459,-7.934727173936537,-1.8699588444248487
2023-07-12,38.23304748535156,35.42237091064453,1.317198451487539,-8.42524462616666,-1.9033758962691922
2023-07-13,38.34022521972656,36.38078689575195,1.2902240829738503,-8.599142190712072,-1.8623804406871654
2023-07-14,37.73613739013672,35.69620513916016,1.2728933289366915,-7.701323999855894,-1.5922533812061872
2023-07-17,38.48637771606445,36.625282287597656,1.2484058250130265,-7.23683803451889,-1.4357806740094106
2023-07-18,39.86019515991211,38.41498565673828,1.2063308559799244,-6.4809873698375,-1.21587264972765
2023-07-19,41.25349807739258,39.51031875610352,1.167428004660823,-4.8719545115584495,-0.8061695519519704
2023-07-20,40.795555114746094,38.88441467285156,1.146440841662559,-3.783125970353815,-0.5264765165335528
2023-07-21,40.56171798706055,38.88441467285156,1.1250812408312354,-3.186407522067583,-0.36329087537565397
2023-07-24,42.1401481628418,39.95041275024414,1.1099422195027606,-2.202501635215569,-0.1064688195033637
2023-07-25,40.4935188293457,39.74503326416016,1.0787400342939364,-2.3810397170480755,-0.13096263221296775
2023-07-26,42.96833038330078,41.01640701293945,1.0667980067289131,-0.7878908612848434,0.28005944530685695
2023-07-27,42.25706481933594,40.664329528808594,1.0497664305408736,-0.43098324045930525,0.3839591912136
2023-07-28,42.53962326049805,41.53474044799805,1.0273987009115175,-0.13311511847220459,0.47444783381011435
2023-07-31,42.62731170654297,42.68874740600586,0.9919461700319856,0.2823722136925966,0.5941282304511051
2023-08-01,41.769901275634766,42.68874740600586,0.9512289272319167,1.1631298757455468,0.828901991001571
2023-08-02,41.380157470703125,42.81588745117188,0.9070403063244556,2.544421801438766,1.1773825121762216
2023-08-03,41.40949249267578,43.38311767578125,0.8568695227358155,4.235821155037378,1.5745046235548161
2023-08-04,42.21128845214844,43.56892776489258,0.8200993260392625,6.48044015590672,2.0574312982606955
2023-08-07,43.25752258300781,44.31219100952149,0.7920346656974223,8.160731190461135,2.337336729055508
2023-08-08,42.91529846191406,43.61782836914063,0.7686039711159107,9.390462365940344,2.4732254858683906
2023-08-09,42.34817886352539,42.78654479980469,0.756140538372078,9.99553784352004,2.458072443035296
2023-08-10,42.70996475219727,42.62028503417969,0.7473079257613262,10.859487947947958,2.481363794944399
2023-08-11,42.74907684326172,43.05059814453125,0.7328555620165073,11.199206544904467,2.399257771229418
2023-08-14,42.11350631713867,42.19976425170898,0.7217546489235002,11.655630284991986,2.3440255489608752
2023-08-15,40.32415771484375,40.8990478515625,0.712264719591611,11.193208865286707,2.1508561014526344
2023-08-16,40.4708137512207,40.27314376831055,0.7021322551191567,12.193740496438807,2.2051270236586094
2023-08-17,40.461036682128906,40.32203674316406,0.691507391331611,12.578050240686157,2.153207387483014
2023-08-18,40.54903411865234,40.2242431640625,0.6811258752795054,13.151261286074604,2.131351249276623
2023-08-21,40.08948516845703,39.73525238037109,0.6697934640421135,13.475072832020647,2.072581141902786
2023-08-22,38.83789825439453,38.42476272583008,0.657293321086316,13.581558350379996,1.9887221572583196
2023-08-23,38.798789978027344,38.874637603759766,0.6395141493194152,13.937909180758368,1.945702709075827
2023-08-24,38.66189956665039,38.81595230102539,0.6224909739297839,14.499319614773057,1.9295857906945497
2023-08-25,37.35165786743164,38.57146072387695,0.6142246993291862,13.660114001620805,1.7379882080483073
2023-08-28,38.40766906738281,39.089786529541016,0.6011047033793777,14.910614530379867,1.8180748800540587
2023-08-29,38.60322952270508,39.3734016418457,0.5962137827394249,15.128264790501568,1.7660974603774846
2023-08-30,38.34900665283203,39.17780685424805,0.5946748729626081,15.050949338828477,1.6849027574950721
2023-08-31,38.42722702026367,39.85261154174805,0.5907350812143679,14.884891304544485,1.5998009021282853
2023-09-01,39.972145080566406,40.85014724731445,0.5893608514848184,15.89666751560895,1.6520160684947296
2023-09-04,39.972145080566406,40.85014724731445,0.5907277492732519,15.840829539679412,1.5828733862461923
2023-09-05,38.466346740722656,39.55921936035156,0.5920696022762801,15.044535467679186,1.4381658054204045
2023-09-06,37.537445068359375,38.77683639526367,0.5946998584700712,14.476865952178962,1.3273778916152343
2023-09-07,37.15610122680664,38.287845611572266,0.6002121566476857,14.175270838891223,1.2509589291709227
2023-09-08,37.1854362487793,38.346527099609375,0.6026404288047393,14.076268714298145,1.1986788261006087
2023-09-11,36.75521087646485,38.06291198730469,0.6065245367971835,13.66912081421291,1.116654052113846
2023-09-12,37.31254959106445,38.29762268066406,0.6073086080712229,14.054073668433464,1.119445406136961
2023-09-13,37.06809997558594,37.7010612487793,0.6061848026523501,14.214289602710497,1.098763756152663
2023-09-14,37.99700546264648,38.727935791015625,0.5968996198441308,14.880315311641347,1.130534855596903
2023-09-15,37.33210372924805,38.522560119628906,0.5835616256711375,14.851815920823274,1.0907079615425594
2023-09-18,36.55964660644531,37.98467254638672,0.585266548703915,14.328488401573207,1.0016059571727032
2023-09-19,36.39342498779297,37.85753631591797,0.5953179945635986,13.85615238908208,0.9202580488509229
2023-09-20,35.630741119384766,37.31964874267578,0.6127138148756183,12.764476768441817,0.7758455924814162
2023-09-21,35.43518829345703,36.58616256713867,0.6392911151503604,12.045979626838577,0.6724513619433985
2023-09-22,34.9560661315918,36.36122512817383,0.6660304927494319,10.738381442501154,0.505528687786866
2023-09-25,35.01473617553711,37.00669479370117,0.6970279965024888,9.2200338463045,0.31325317715623013
2023-09-26,34.64318084716797,36.4199104309082,0.7349628739830694,7.875898806661709,0.13621403882476477
2023-09-27,35.17118453979492,36.41012573242188,0.7737331375578526,6.999463717972233,0.008098024260391088
2023-09-28,35.630741119384766,36.95019912719727,0.8090930055888245,5.734593450455165,-0.17151206685695905
2023-09-29,35.68941116333008,37.69646453857422,0.8523493995881586,3.5588522472800292,-0.4696668040922556
2023-10-02,35.337406158447266,37.08766555786133,0.9126893209018964,1.4878898666061602,-0.764765132298011
2023-10-03,35.02451705932617,36.31193542480469,0.9768300284567663,-0.4460718550060463,-1.052495961026307
2023-10-04,35.21029281616211,36.71453094482422,1.0291049579683935,-2.5728130086405017,-1.373529534720949
2023-10-05,35.884971618652344,37.20549392700195,1.0610687838836939,-3.5926165762637794,-1.5536376886144592
2023-10-06,35.87519454956055,37.58844757080078,1.1049839626382176,-5.6594371966417825,-1.8574614707556598
2023-10-09,35.94363784790039,37.52953338623047,1.1384427637871717,-6.781587863962756,-2.0173226034930853
2023-10-10,36.8921012878418,38.40345764160156,1.1495772782106461,-7.255641021668367,-2.0733228872725435
2023-10-11,36.8921012878418,38.61948394775391,1.1518417794808127,-7.5914338251697515,-2.0878757791942224
2023-10-12,35.601409912109375,38.0008659362793,1.164682291027647,-8.65752568759087,-2.175792764714379
2023-10-13,34.49650955200195,36.97965621948242,1.1804821546822815,-9.157314701382688,-2.175831853737042
2023-10-16,35.42540740966797,37.794654846191406,1.181293448142485,-9.221170734944558,-2.113499508790826
2023-10-17,36.04141998291016,38.04996109008789,1.1828926094940846,-8.967597782092284,-2.020777609882876
2023-10-18,35.22007751464844,36.901100158691406,1.169631318571962,-7.940604920717831,-1.8396841635253525
2023-10-19,34.74095153808594,36.527957916259766,1.1607652169942626,-7.65943145893862,-1.7559885788018843
2023-10-20,33.587162017822266,35.53620529174805,1.1507224446443585,-7.305147008881832,-1.6691963626324045
2023-10-23,33.54804992675781,35.10415267944336,1.1426852543671502,-6.5649477070952,-1.5452382973162466
2023-10-24,33.69471740722656,34.80957794189453,1.1387545693038916,-5.944848529645789,-1.4395879702768677
2023-10-25,33.55782699584961,34.534629821777344,1.1400587816848506,-5.813681004703177,-1.3881654182416814
2023-10-26,34.22272872924805,35.526390075683594,1.1619565483696304,-7.057392859126352,-1.4780403301415808
2023-10-27,33.20581817626953,35.29071807861328,1.1863355389328463,-8.660814874849294,-1.5899587791751908
2023-10-30,34.31072998046875,36.331581115722656,1.2152469187510575,-9.841112023767316,-1.6449677813551233
2023-10-31,34.61384582519531,36.62615585327149,1.2362051792236939,-10.663597735673115,-1.657229484488664
2023-11-01,34.83873748779297,37.441165924072266,1.248808254545423,-11.918099577993289,-1.7065557613809603
2023-11-02,36.45891189575195,39.74870300292969,1.2211971624132434,-12.082091421032544,-1.6493373582396549
2023-11-03,37.87288665771485,41.084129333496094,1.1771461953048024,-10.489139874620498,-1.4372757601706185
2023-11-06,38.2165641784668,40.61281204223633,1.137865417660821,-7.9953501583528634,-1.1573338251359875
2023-11-07,37.19535827636719,39.945091247558594,1.1086400436151065,-7.089369426535583,-1.036208280214184
2023-11-08,36.44909286499024,39.33629608154297,1.072007389173463,-5.719707197138959,-0.8768603844661363
2023-11-09,35.78137969970703,38.52128982543945,1.0424892477607692,-4.376650753189921,-0.7241332446773429
2023-11-10,35.67337417602539,38.73731231689453,1.0034511670402206,-3.1976270763639434,-0.5890760235492636
2023-11-13,35.77156448364258,39.09081268310547,0.961573351276951,-1.8171192721906877,-0.43616253627560386
2023-11-14,39.070838928222656,42.223182678222656,0.9164971003656857,0.37341443542094765,-0.20646322089521338
2023-11-15,39.59125900268555,42.74360656738281,0.878749374108885,2.0303414844414718,-0.026891936599804756
2023-11-16,38.82535552978516,42.18390655517578,0.8477321543483352,3.064701546937144,0.09428806097022457
2023-11-17,39.18866729736328,42.60613632202149,0.8261080428041215,3.9913954089325117,0.20445471872662638
2023-11-20,38.953006744384766,42.37047576904297,0.8049262075215343,4.847900372725945,0.31150108669829396
2023-11-21,38.10854721069336,41.51618576049805,0.7860015255912615,5.476761866211689,0.39765514252897266
2023-11-22,38.15764999389648,41.820587158203125,0.7671397146438762,6.0754166951131765,0.4819888442799744
2023-11-23,38.15764999389648,41.820587158203125,0.7497304691107198,6.803481565291104,0.5806765163789387
2023-11-24,38.00053405761719,41.820587158203125,0.7205281146692588,7.867625238155675,0.7198427595805361
2023-11-27,37.55866622924805,41.62419509887695,0.6896713988768527,8.851649368282544,0.8520727202805828
2023-11-28,37.37210464477539,41.329620361328125,0.6736237283420996,9.531491686013986,0.9488836093235611
2023-11-29,37.90233612060547,41.86967849731445,0.6640044002172116,10.100685362708703,1.0310528059155453
2023-11-30,37.87288665771485,41.81077194213867,0.6576488069827511,10.376082370939471,1.0791479547227512
2023-12-01,40.32770156860352,44.403076171875,0.6612864770430796,10.96454775702879,1.161017784089179
2023-12-04,40.897216796875,45.51266098022461,0.6625719951893367,10.741802204831707,1.1496758218756327
2023-12-05,39.46360778808594,44.93331527709961,0.6488051991027148,10.310639223382267,1.11802883568469
2023-12-06,39.69926834106445,45.02169036865234,0.6425525329064742,10.770467158955881,1.1893475620345286
2023-12-07,40.651737213134766,45.954532623291016,0.6392487426892086,11.275360012825764,1.2690847327756791
2023-12-08,40.73028945922852,46.150917053222656,0.6367240124156527,11.344892376438622,1.2979764994704592
2023-12-11,40.63209915161133,46.21965026855469,0.6337038154489446,11.342530427712386,1.3155317142337863
2023-12-12,40.25896453857422,45.97417068481445,0.6294605473817245,11.320037893890081,1.3281131816110903
2023-12-13,42.92980194091797,49.19491195678711,0.6317340880468105,11.85169909935393,1.3986436977689558
2023-12-14,45.38462066650391,51.6104736328125,0.647670648668197,11.958031730667365,1.412192377052035
2023-12-15,44.59907150268555,51.21769714355469,0.6520145332354196,11.204388606237657,1.3174052187036858
2023-12-18,44.83474349975586,50.50089263916016,0.6607305150814562,11.467262694210248,1.3374373748286374
2023-12-19,45.728294372558594,51.53192138671875,0.6703322258177012,11.184786808736611,1.2868184825072688
2023-12-20,44.92311096191406,50.55980682373047,0.6781429846196003,10.636332660679045,1.2044654733071882
2023-12-21,45.345340728759766,50.80529022216797,0.6870348484657351,10.4403358597149,1.1617314157687428
2023-12-22,45.60063934326172,51.57120513916016,0.6917868145811094,9.92435961593317,1.078043950609111
2023-12-25,45.60063934326172,51.57120513916016,0.6961710389642106,9.698259880896153,1.0259809900985177
2023-12-26,46.22908020019531,52.61205291748047,0.7006184341247456,9.368106069061895,0.9608960048802062
2023-12-27,46.16033935546875,52.76915740966797,0.7031269793874323,9.05692110118897,0.8975659087778511
2023-12-28,46.05233383178711,52.87747573852539,0.7052268382173147,8.761718803794082,0.8370823137066394
2023-12-29,45.09986114501953,52.237430572509766,0.7038655717184965,8.331732209994676,0.7616279226917486
2024-01-01,45.09986114501953,52.237430572509766,0.7032003367344495,8.36648237628824,0.7392197034715162
2024-01-02,44.74636459350586,51.35121536254883,0.7046952078995118,8.559409207701911,0.7348156359779883
2024-01-03,43.14582824707031,49.37199783325195,0.7054999964834363,8.313883949330837,0.6806142600509485
2024-01-04,43.07709503173828,49.66740417480469,0.7035769740671474,8.132253092659198,0.633920700833809
2024-01-05,43.66625213623047,49.79541397094727,0.7020551138912647,8.707127109594403,0.6755323781659217
2024-01-08,44.30449676513672,50.7997932434082,0.7014088768321297,8.67307084297336,0.6456227739258399
2024-01-09,43.774261474609375,50.120361328125,0.702032568046471,8.588135500008747,0.6097519778148053
2024-01-10,44.06884002685547,50.64224624633789,0.7027497803191912,8.480012602371133,0.5712249340531766
2024-01-11,43.79389953613281,50.39607620239258,0.7026174478814708,8.384737091567615,0.5342905564671995
2024-01-12,43.7546272277832,49.98250198364258,0.7013666071830128,8.698569392997598,0.5490719832905137
2024-01-15,43.7546272277832,49.98250198364258,0.7013965743331273,8.697071559857562,0.5240147278183093
2024-01-16,43.175289154052734,49.13568115234375,0.7037121660904706,8.597912538006206,0.48646998575295425
2024-01-17,42.80215835571289,48.60395050048828,0.7069768158249673,8.440292194363359,0.44096838591656073
2024-01-18,42.8414306640625,49.13568115234375,0.7094752400837954,7.9808814818226,0.3528883747306563
2024-01-19,44.03937530517578,50.75056076049805,0.7062065591033152,8.198996417940727,0.35570024639367753
2024-01-22,45.345340728759766,52.276817321777344,0.7060054768198529,8.437621388874007,0.3616826498914538
2024-01-23,44.58925628662109,51.69585418701172,0.7052824719133245,8.129076457934673,0.2841471629600546
2024-01-24,44.991844177246094,52.28666305541992,0.7018461456854388,8.294651241046395,0.27760716727435775
2024-01-25,45.1194953918457,51.96171951293945,0.7002055674573784,8.7356100942268,0.323468077842026
2024-01-26,45.75774765014648,51.93218231201172,0.7035322956480442,9.22178021016412,0.3912394720480299
2024-01-29,46.366546630859375,51.81401443481445,0.7131010928675009,9.417916311540722,0.40893076668472017
2024-01-30,46.48437881469727,51.16412734985352,0.7213990366269013,9.574626634656852,0.4246772727574063
2024-01-31,43.70552444458008,48.87965774536133,0.7234695843601562,8.34257877187683,0.05576138609684435
2024-02-01,42.87089157104492,48.16083908081055,0.7247102089319027,7.968239818454961,-0.126137656637476
2024-02-02,42.3701057434082,48.46609878540039,0.7232703204464724,7.316014944101276,-0.45539805542319
2024-02-05,41.35872650146485,47.49126052856445,0.7208597800367696,7.124186883174957,-0.675284480223915
2024-02-06,41.22125244140625,46.23085784912109,0.7260361957532038,7.655976282223236,-0.5627808744508879
2024-02-07,40.68119430541992,46.32933044433594,0.733575043489646,6.695153709870006,-1.1793374814642879
2024-02-08,41.0951042175293,46.59519577026367,0.7392327039392365,6.650411657699209,-1.3354865323580802
2024-02-09,41.656829833984375,47.294315338134766,0.7452456501769422,6.410947050142802,-1.5843736784321423
2024-02-12,42.08059310913086,48.07221984863281,0.7516609652132656,5.946581937763213,-1.9321272020394642
2024-02-13,40.40525436401367,45.45296096801758,0.7580560505431864,5.9493622871046625,-1.9561400578085897
2024-02-14,41.05567932128906,46.1225471496582,0.7625512155655155,5.884874927339396,-1.9874619674384757
2024-02-15,43.184349060058594,47.28447341918945,0.7650200949135959,7.010776716970874,-1.2753907214626365
2024-02-16,42.80986022949219,46.693660736083984,0.7639039102597803,7.140390208854058,-1.1758898750088298
2024-02-19,42.80986022949219,46.693660736083984,0.7581558584687416,7.408787789078261,-0.982005168074154
2024-02-20,41.80465698242188,45.78776168823242,0.7508090146448043,7.426792746488978,-0.9423138224322432
2024-02-21,41.42031478881836,45.68928527832031,0.7460417501667853,7.334200435910738,-0.9679749370910572
2024-02-22,41.14437484741211,45.21663665771485,0.738752473617917,7.740472667842681,-0.6896656069115735
2024-02-23,41.37104415893555,45.17724990844727,0.7348224152678634,8.173788266050458,-0.3950792340950605
2024-02-26,41.20351028442383,44.7636833190918,0.7246318159450181,8.766321152522622,0.0016651321637921
2024-02-27,41.29219818115234,44.73414611816406,0.7025639819526743,9.863598355122225,0.7147378431390417
2024-02-28,40.9472770690918,44.49782180786133,0.6844700667520728,10.489850005943115,1.1261764258946507
2024-02-29,41.77509307861328,45.620361328125,0.6729566067870814,11.074569518837691,1.512421352769913
2024-03-01,41.55828094482422,45.098480224609375,0.6594429675860727,11.818405311886,1.9720472973309682
2024-03-04,41.12466430664063,44.803070068359375,0.6477270765749206,12.104502709680887,2.1148337667603783
2024-03-05,42.70145797729492,46.66412353515625,0.6339115340902813,13.12053184014562,2.6313039525759243
2024-03-06,42.92812347412109,46.693660736083984,0.6287693891901114,13.568578934043273,2.7724798898216716
2024-03-07,43.15478515625,46.84136962890625,0.6213900980357251,14.048021890416308,2.8903818619551913
2024-03-08,43.05623245239258,46.772438049316406,0.6178250557391791,14.159048307516368,2.7660681850350795
2024-03-11,43.15478515625,46.673973083496094,0.6102638511044145,14.67134659597189,2.836349553252096
2024-03-12,42.307254791259766,45.768062591552734,0.5997667889973335,14.857090852095205,2.733956455610983
2024-03-13,42.17914581298828,45.37419128417969,0.5906738898611562,15.377795747857693,2.755429850794322
2024-03-14,40.71075820922852,44.6750602722168,0.5884434061163709,14.422013574191105,2.213460755585402
2024-03-15,41.302059173583984,44.89168930053711,0.5818544908520717,15.181628152130568,2.3744059334768575
2024-03-18,41.25278472900391,45.18709945678711,0.5768524116827554,15.186497430407744,2.2370959710272316
2024-03-19,41.568138122558594,45.41357421875,0.5681271970937108,15.767451491652945,2.3054491037075078
2024-03-20,43.01681518554688,46.861061096191406,0.558700311995249,16.835525730676316,2.5018368842130614
2024-03-21,43.78549957275391,47.63896179199219,0.5516474814355271,17.505586281998117,2.532010128642292
2024-03-22,42.89855194091797,46.2702522277832,0.5487562563899345,17.50746154618163,2.364403089488967
2024-03-25,42.829566955566406,46.13239288330078,0.5458055672892544,17.65025008748566,2.25883089155445
2024-03-26,42.4550895690918,45.83699035644531,0.5417787656449273,17.62158151289842,2.121731912250465
2024-03-27,44.31766891479492,47.55587768554688,0.544159618777502,18.43968064279822,2.2131078860011986
2024-03-28,44.485198974609375,47.792964935302734,0.5502196538996673,18.18857034906817,2.029108896602743
2024-03-29,44.485198974609375,47.792964935302734,0.5536387226141707,18.02516291788452,1.8878052920934225
2024-04-01,43.53913116455078,46.84461212158203,0.554253481204642,17.57534182048277,1.6944521583991308
2024-04-02,42.750732421875,46.251895904541016,0.5558168618060074,17.043148787634884,1.4995874374846363
2024-04-03,42.829566955566406,46.1926155090332,0.5582430711520728,17.04285940925684,1.4424852285163015
2024-04-04,42.5339241027832,46.31116485595703,0.5640943016021686,16.410059906979228,1.2438324814180761
2024-04-05,42.62261962890625,46.45934295654297,0.5679585771115577,16.235637309770233,1.1616086129666523
2024-04-08,43.40115737915039,46.992794036865234,0.572721077721175,16.48739373322773,1.180524215170435
2024-04-09,44.22897338867188,47.14097213745117,0.5774367228392983,17.008044926163407,1.2583531257136775
2024-04-10,41.676544189453125,44.74046325683594,0.5786602907241452,15.787014714119508,0.9405361702576749
2024-04-11,42.10030746459961,44.80961227416992,0.5809997803773276,16.06593257451368,0.9728852612824649
2024-04-12,42.1298713684082,44.61203384399414,0.5857003341576327,16.000588238529218,0.9263520898420257
2024-04-15,41.7553825378418,44.50336837768555,0.5913929237619496,15.436405395707247,0.7682065504641383
2024-04-16,41.272491455078125,43.90077590942383,0.6077025104057169,14.593879726162445,0.5489611185165747
2024-04-17,41.134521484375,43.96992492675781,0.6338948553410201,13.262212283572342,0.2183713792554595
2024-04-18,41.242923736572266,44.246524810791016,0.6582891341804095,12.115917228384642,-0.06645116186826107
2024-04-19,42.64232635498047,45.71844482421875,0.6681677879751302,12.094734207119185,-0.08329229600113841
2024-04-22,43.26318740844727,46.20249938964844,0.6518778498166448,13.144801450168409,0.1536264909555538
2024-04-23,44.30781173706055,47.279273986816406,0.6128909541085533,15.330772393720935,0.6559683416314135
2024-04-24,44.42607116699219,47.66454315185547,0.6464403791669987,13.613785819084967,0.22418476315159888
2024-04-25,43.88404846191406,46.93352127075195,0.6795070277193423,11.992390922822871,-0.18717242904388223
2024-04-26,42.22841644287109,47.29903411865234,0.7171596726183728,8.30745661917313,-1.0999568301850293
2024-04-29,42.48464584350586,47.91150665283203,0.7268094151260651,7.662111715352431,-1.2649176158397528
2024-04-30,42.11016082763672,46.90388488769531,0.7198850744396647,8.344754163748718,-1.1028532523751222
2024-05-01,43.14492416381836,47.44721221923828,0.722170144254555,8.879964070974566,-0.9905790793336903
2024-05-02,44.2191162109375,48.08932113647461,0.7423174104479823,8.521575874708248,-1.0998920324930603
2024-05-03,45.40170669555664,49.21549606323242,0.7885234766332758,6.594132635545314,-1.5912728075523779
2024-05-06,45.608665466308594,49.14633941650391,0.8537938549194939,3.647822880709846,-2.2836867457638967
2024-05-07,45.145484924316406,48.89937210083008,0.8487912885950157,3.6401238673656806,-2.2330822781823843
2024-05-08,45.58895492553711,49.02780151367188,0.8618741606436405,3.3331596477381495,-2.2508026395035277
2024-05-09,45.97454833984375,49.46245956420898,0.8798079137593355,2.4570849812515547,-2.3605089709226488
2024-05-10,45.658164978027344,49.2451286315918,0.8884439366654718,1.906629034978387,-2.377959983797804
2024-05-13,45.35166931152344,48.95864868164063,0.8940110223762795,1.5820977494888098,-2.338264228966426
2024-05-14,46.13274002075195,49.30440139770508,0.9061332497074542,1.4563825573687055,-2.2612603143401406
2024-05-15,45.895450592041016,49.59088134765625,0.9045860947156203,1.0362289002589478,-2.2444100873591353
2024-05-16,45.95477294921875,49.63039779663086,0.9017149969914723,1.2022989493441827,-2.1181819573116267
2024-05-17,45.84601211547852,49.83784866333008,0.8950156404769047,1.2403580740771005,-2.0238596538837568
2024-05-20,45.055057525634766,48.93888854980469,0.8907034357923814,1.4650213504632958,-1.903130741266514
2024-05-21,44.768333435058594,49.07719039916992,0.8819967143620758,1.4824127528687114,-1.8223566576171457
2024-05-22,44.22454833984375,48.929012298583984,0.8666018020950185,1.8225781071615472,-1.6939883069602661
2024-05-23,43.3050537109375,47.22988510131836,0.8623967656921903,2.5741535555467863,-1.5095835520987333
2024-05-24,43.473140716552734,47.43733215332031,0.8588514840249755,2.7315175984878977,-1.4314656261477847
2024-05-27,43.473140716552734,47.43733215332031,0.8521254734338908,3.05058159696393,-1.3327608969988483
2024-05-28,43.324832916259766,46.89400863647461,0.8511388865984352,3.411518617273366,-1.2319421773351686
2024-05-29,42.18782806396485,46.39019012451172,0.8535696299878687,2.590570644318504,-1.3167147914862125
2024-05-30,42.83047866821289,47.08169937133789,0.8531363106442317,2.663371367688839,-1.2601445186425526
2024-05-31,43.5621223449707,49.34391784667969,0.826019451165162,2.803086406917508,-1.1964816482420657
2024-06-03,42.9985580444336,47.26939010620117,0.8253559482132186,3.9844857518694,-0.9800570252422675
2024-06-04,42.51409530639648,46.726070404052734,0.8264299916688572,3.898269331656742,-0.961522693304134
2024-06-05,42.61296463012695,46.97303771972656,0.8289591563169295,3.6742349123391165,-0.9637334865973479
2024-06-06,43.27539825439453,47.03231048583984,0.817138161078648,4.84350255271535,-0.7582410960776048
2024-06-07,43.295169830322266,47.0026741027832,0.811875955291384,5.134828891875557,-0.6888992415394934
2024-06-10,42.31635665893555,46.36055755615234,0.8057967372505747,4.959170643070522,-0.6913011757225986
2024-06-11,42.30647277832031,46.26177215576172,0.8021816115391543,5.196129837754199,-0.6304847781309352
2024-06-12,44.03669357299805,48.0695686340332,0.8003962162280116,5.5619927226051615,-0.5496048530019966
2024-06-13,43.31494903564453,47.09157943725586,0.8007962695752604,5.604187893883001,-0.5185692203754105
2024-06-14,42.72172546386719,46.222259521484375,0.801776543067015,5.661802011985031,-0.4850044356439856
2024-06-17,43.5126838684082,47.25951766967773,0.8031163401395895,5.55779300077436,-0.47706099503130595
2024-06-18,44.590362548828125,47.57563400268555,0.8051927565346366,6.282806662322763,-0.33339147584773
2024-06-19,44.590362548828125,47.57563400268555,0.8058474845527048,6.251657561763842,-0.31225329020077436
2024-06-20,44.29375457763672,47.35829925537109,0.8044088984295749,6.198317242125505,-0.2946675546054291
2024-06-21,43.76974487304688,47.14097213745117,0.8022608046705668,5.950390633102536,-0.3112802377465062
2024-06-24,44.95619201660156,47.87199401855469,0.807175388184571,6.315096661505223,-0.21748731377010613
2024-06-25,44.53104782104492,47.39782333374024,0.8076077320143018,6.252199216068412,-0.2012358287053696
2024-06-26,44.84743118286133,47.94114303588867,0.8116055507416233,5.938133386035965,-0.23280741253037937
2024-06-27,45.49996948242188,48.50423049926758,0.8167365119487076,5.884793449693966,-0.21498010466334713
2024-06-28,46.468894958496094,49.8914794921875,0.8266162176642686,5.227788886989636,-0.3206379708635955
2024-07-01,45.87567901611328,49.87166213989258,0.8276141365750823,4.601186414641866,-0.4249635959624195
2024-07-02,46.557884216308594,50.14910888671875,0.8383762488655478,4.514062423911419,-0.4169425674524356
2024-07-03,45.95477294921875,49.36630630493164,0.8478021616899829,4.101911749247876,-0.4846524782971059
2024-07-04,45.95477294921875,49.36630630493164,0.8648819045356175,3.2587479323208086,-0.6622692080609676
2024-07-05,45.579063415527344,48.49431610107422,0.888468917471517,2.493370885684378,-0.8359490891262804
2024-07-08,45.13415145874024,48.167327880859375,0.9062260317701697,1.483665052296395,-1.0875127687117636
2024-07-09,45.75703430175781,50.40674591064453,0.9147624441915712,-0.35316379120686037,-1.570864728226623
2024-07-10,46.36014175415039,51.63544845581055,0.8939663076652644,0.1997905534693558,-1.3939256838060854
2024-07-11,48.35731506347656,53.8847770690918,0.8533706491524873,2.3736278765886354,-0.742722750176332
2024-07-12,48.891212463378906,54.03340911865234,0.8414577113076163,3.424383692249627,-0.4017210769805163
2024-07-15,50.1666374206543,55.6386604309082,0.830737028008671,3.9455420118979774,-0.20436904407045195
2024-07-16,53.745731353759766,58.40325164794922,0.863487806934855,3.3152356704076382,-0.3918969983477673
2024-07-17,55.19911956787109,58.74015808105469,0.9086026753132839,1.8276547870995898,-0.974331054479832
2024-07-18,54.38838577270508,58.37352752685547,0.9270593889340939,0.27265901373093726,-1.6638430072348076
2024-07-19,54.200531005859375,58.08616256713867,0.9337687903505468,-0.038514750562917754,-1.7530137371014543
2024-07-22,55.466064453125,59.45359802246094,0.9391597074374662,-0.37035927175413264,-1.8366011318448678
2024-07-23,56.56352615356445,60.49403762817383,0.944156064287559,-0.5522863263156523,-1.8675043510067955
2024-07-24,55.4957275390625,59.01760482788086,0.9519495283078069,-0.6860535386952336,-1.8962219345517117
2024-07-25,56.44488143920898,60.32558822631836,0.9568730122317792,-1.2790458815622259,-2.120081727300508
2024-07-26,56.21747589111328,61.14802551269531,0.9508098588510864,-1.9226696156351792,-2.296716420378387
2024-07-29,55.96041870117188,60.44449234008789,0.9501779393101514,-1.4726044731810575,-1.981651248936593
2024-07-30,56.02962493896485,60.42467498779297,0.9501846493505895,-1.384973676434548,-1.8499326452880123
2024-07-31,55.851661682128906,60.33549499511719,0.9499725341494375,-1.4654013975432747,-1.7983226915859878
2024-08-01,53.56776809692383,57.87807846069336,0.9501526438005512,-1.4252411705997048,-1.7100581557344876
2024-08-02,51.33330154418945,55.80711364746094,0.9494756338545468,-1.6541930598262482,-1.7342985814216314
2024-08-05,49.38556289672852,54.6279525756836,0.9471249601868872,-2.3539345116069725,-1.9250687201176393
2024-08-06,49.24714660644531,55.460296630859375,0.9422332004150983,-3.009386184020009,-2.0715273170438997
2024-08-07,49.14827346801758,54.89549255371094,0.938827706518108,-2.3891359043647356,-1.7749799311345376
2024-08-08,49.64262771606445,56.20347213745117,0.9320874138145142,-2.743921275928514,-1.8282085250415583
2024-08-09,49.57320785522461,55.747657775878906,0.9271033578938841,-2.1106328635118246,-1.5546287419129468
2024-08-12,48.769962310791016,55.15312194824219,0.9226123872223103,-2.1149911926399056,-1.5065334936480668
2024-08-13,49.23604583740234,55.60892868041992,0.9172336453389052,-1.7703345295304231,-1.3506753019763462
2024-08-14,48.789794921875,55.66838836669922,0.9099807806061795,-1.8673685791419175,-1.3414975866735348
2024-08-15,50.14837265014648,56.570098876953125,0.9044662215352759,-1.0173709329682694,-1.0331800466243728
2024-08-16,51.05078506469727,57.63035583496094,0.8978923241875065,-0.6950690797088299,-0.9035638255379096
2024-08-19,51.66561126708984,58.19516372680664,0.8915483085324373,-0.21818851831287134,-0.7290560115531024
2024-08-20,50.73345184326172,57.19436264038086,0.887615076406786,-0.033126721817367866,-0.6496938043205644
2024-08-21,51.06070709228516,57.57089614868164,0.8808081997790786,0.35178969589659204,-0.5130089412306368
2024-08-22,51.32844924926758,57.96725845336914,0.8738388868683703,0.6744046475643586,-0.39853983463249126
2024-08-23,54.90835189819336,61.32638549804688,0.8651880474227215,1.849496173645072,-0.016926925677533483
2024-08-26,53.79768753051758,60.69221496582031,0.8568008515228279,1.796546066996214,-0.022298384378840352
2024-08-27,52.74652862548828,59.9787712097168,0.8472125529485214,1.9317607461888429,0.03189291200566391
2024-08-28,53.46052551269531,60.503944396972656,0.8381214978651735,2.750869007953419,0.3021862774152788
2024-08-29,53.76794052124024,60.07786178588867,0.8348030038974202,3.6147610346463495,0.5916941406909703
2024-08-30,54.28360366821289,61.068756103515625,0.8300353039516647,3.5943801338812236,0.5976998889833514
2024-09-02,54.28360366821289,61.068756103515625,0.822994784179939,4.024335918662715,0.7472666995208874
2024-09-03,53.024192810058594,61.068756103515625,0.8108856615789992,3.5044141152527786,0.5900899163469863
2024-09-04,52.5977783203125,60.246315002441406,0.8027776296499042,4.233384367511128,0.8462704583029361
2024-09-05,52.01269912719727,60.01840591430664,0.7936768433205994,4.377480179995985,0.9083591694984706
2024-09-06,50.60453796386719,58.78970336914063,0.7854093200564837,4.430557014388079,0.940754310714447
2024-09-09,50.65412521362305,58.89869689941406,0.7768422654988825,4.89912807935022,1.1089827857664316
2024-09-10,50.84253692626953,59.05724334716797,0.7733929732113889,5.168079904334782,1.218249527393483
2024-09-11,49.731876373291016,58.37352752685547,0.7704979541338698,4.755192838271746,1.0973982530741118
2024-09-12,50.31695175170898,58.730247497558594,0.7672484660101822,5.256259450808805,1.288082806079084
2024-09-13,51.53670120239258,60.474220275878906,0.757420335462676,5.732296994192616,1.4596508527594327
2024-09-16,51.80445098876953,61.068756103515625,0.7506528851042792,5.963013029935965,1.548265606903599
2024-09-17,52.32011032104492,61.59392929077149,0.7433582106404749,6.53375725714109,1.7434502375716483
2024-09-18,52.21103286743164,62.01010513305664,0.7321292176955502,6.8116231071480655,1.8203580284028953
2024-09-19,53.03410720825195,64.54678344726562,0.7080616676372814,7.331004079958582,1.9643372639806032
2024-09-20,52.00278091430664,63.49644470214844,0.6864092437189703,8.418234327461512,2.2472045820092017
2024-09-23,51.249114990234375,63.12981033325195,0.6584923894670821,9.678615337287603,2.5123208588893795
2024-09-24,49.91037368774414,61.77228546142578,0.6389692176007999,10.439784777043641,2.5788242883942485
2024-09-25,49.01787567138672,60.68230819702149,0.6227077948127948,11.23052934986908,2.6212825878568293
2024-09-26,49.741790771484375,60.90030288696289,0.6062299857440542,12.822201020512281,2.8159883438967084
2024-09-27,49.68228912353516,60.76158142089844,0.5904168249690748,13.807629140908382,2.8124721801774064
2024-09-30,50.56487274169922,61.97343063354492,0.5579493511658814,15.986837330189068,3.0191532388150346
2024-10-01,48.90879440307617,59.599388122558594,0.5227026106267587,17.75603863965736,3.0757361943564647
2024-10-02,48.38321304321289,59.599388122558594,0.48066255539774755,19.736018848081713,3.1250346147950334
2024-10-03,48.16504669189453,60.13578796386719,0.45044921667622934,21.076928109362736,3.043642432403253
2024-10-04,48.760040283203125,61.2979736328125,0.4107772368462376,23.580228050042876,3.119341723419725
2024-10-07,49.05754470825195,60.49338150024414,0.3944753938126583,25.19439421788377,3.0423316759027337
2024-10-08,48.44271469116211,59.7781867980957,0.39677948735292967,24.72395637852603,2.728838938566861
2024-10-09,48.7104606628418,60.38411712646485,0.3932026442436526,24.967266138397388,2.555530986093114
2024-10-10,48.789794921875,60.17551803588867,0.396135539603629,24.95213361380033,2.382873023355316
2024-10-11,50.29712677001953,62.4402961730957,0.3863996850735091,26.170215992838717,2.3642702304776253
2024-10-14,50.89211654663086,63.47335052490234,0.36085077849236613,27.987708596201013,2.402288487450589
2024-10-15,50.91195297241211,64.15873718261719,0.3188058248454792,30.45777384386352,2.4870150704441807
2024-10-16,51.86394882202149,65.60900115966797,0.3048615383846026,31.862287796607937,2.4532642414850114
2024-10-17,52.27052688598633,66.0162582397461,0.28452127977080777,33.487496605933636,2.438772846494582
2024-10-18,51.53670120239258,64.41700744628906,0.2603322558620377,34.76687633801846,2.393818926315172
2024-10-21,49.55337524414063,61.9932975769043,0.24424955063944015,34.41154016832466,2.2224439428648837
2024-10-22,50.16820907592773,62.4700927734375,0.23028959317531747,35.781996825508465,2.2065334490869497
2024-10-23,50.22770690917969,62.301231384277344,0.2198043810361966,36.53362330696574,2.143653566807326
2024-10-24,50.307037353515625,62.60915756225586,0.22882111639854574,35.980740023347785,1.9921131906446248
2024-10-25,48.69062423706055,60.84104537963867,0.24025761763720604,34.07309961959142,1.759567060568491
2024-10-28,49.58312225341797,62.75815963745117,0.22839573071054595,35.24942652497322,1.7714042671033392
2024-10-29,49.43437576293945,61.87410354614258,0.21637693529020668,36.04624686379621,1.7554828168748382
2024-10-30,49.58312225341797,62.58929061889648,0.1998172009390826,37.0767053931873,1.755962849737561
2024-10-31,48.760040283203125,61.57610321044922,0.18983565664111451,37.070700296846454,1.685255527205265
2024-11-01,49.22612380981445,61.68536758422852,0.18018387566304728,38.11141520678845,1.6909098227226569
2024-11-04,48.85921096801758,60.8211784362793,0.16037032055741116,39.105299085511966,1.6927367734608716
2024-11-05,50.07895660400391,62.15222930908203,0.14184419380515365,41.263023744464135,1.770770158808653
2024-11-06,58.19075393676758,70.66500854492188,0.29901679742679466,37.06072939152796,1.4224535668266418
2024-11-07,55.5231819152832,68.85716247558594,0.35496704733939094,31.081158263155757,0.9682724021704632
2024-11-08,55.64250183105469,69.234619140625,0.40297912439907796,27.74239563166198,0.7047301510534479
2024-11-11,57.12405014038086,70.69480895996094,0.4617717213910642,24.479186513527267,0.4469550223523039
2024-11-12,58.12831878662109,70.03921508789062,0.5256371470030855,21.313105589486796,0.19396015911752928
2024-11-13,58.20786666870117,69.51275634765625,0.581821788764836,17.763830428533602,-0.09078127557709327
2024-11-14,57.19365310668945,69.15516662597656,0.6194532152152248,14.35526279148366,-0.36903981290396415
2024-11-15,57.14393615722656,69.16508483886719,0.6419052985485609,12.746501724596975,-0.5119602201347345
2024-11-18,57.58143615722656,68.32076263427734,0.6716598447437796,11.693123333511224,-0.6137684181773705
2024-11-19,57.17376327514648,68.25122833251953,0.6977640643763777,9.550508795167467,-0.7998766742845496
2024-11-20,57.17376327514648,67.65524291992188,0.7231874194830149,8.246342733391664,-0.9177527179469104
2024-11-21,58.37689971923828,69.27435302734375,0.7565275266272603,5.968944764758255,-1.1064950877681778
2024-11-22,60.13685607910156,71.3106689453125,0.7879168535079247,3.9499781821656583,-1.2691902046466295
2024-11-25,60.7433967590332,71.88680267333984,0.8181191442449612,1.931427273414016,-1.4224804561086941
2024-11-26,59.79878616333008,70.89347839355469,0.8389083010062041,0.3256586517730753,-1.5368921095749628
2024-11-27,60.08713912963867,70.41667175292969,0.8660301291725517,-0.8958202044521997,-1.6111307274268534
2024-11-28,60.08713912963867,70.41667175292969,0.8910695640715754,-2.6590138726156027,-1.716827426305175
2024-11-29,59.679466247558594,69.81075286865234,0.9173641254896449,-4.362414007566386,-1.8062836412334211
2024-12-02,59.49054718017578,69.14522552490234,0.9441783359252726,-5.794876793104194,-1.8635173353471863
2024-12-03,58.70502853393555,68.13202667236328,0.9698482841093209,-7.372700627146472,-1.9202855561691614
2024-12-04,59.76895523071289,68.87702178955078,0.9993530204294745,-9.063504532861415,-1.9757000673074043
2024-12-05,58.96355056762695,68.41017150878906,1.0280422580969517,-11.364996627068308,-2.0570700587271884
2024-12-06,59.21213150024414,68.92669677734375,1.0487542958439435,-13.075037843328019,-2.085000313828506
2024-12-09,58.834285736083984,67.43671417236328,1.067105711195711,-13.127817101517621,-2.0058208810967564
2024-12-10,58.48627471923828,67.09898376464844,1.0830575242320686,-14.185784515389614,-1.9899296652530125
2024-12-11,58.75474166870117,67.22811126708984,1.0967491599653145,-14.977632889534306,-1.9567764987086824
2024-12-12,57.86979293823242,66.95991516113281,1.1012393628910515,-15.869101373052331,-1.928703622218368
2024-12-13,57.80018997192383,66.19505310058594,1.1047529447996034,-15.328989872114605,-1.8227605437670922
2024-12-16,57.7504768371582,66.55265045166016,1.1077377278571143,-15.972404957032566,-1.78627517046465
2024-12-17,56.12972259521485,64.9236068725586,1.1061297144899789,-15.684208138388023,-1.7029572656370786
2024-12-18,52.91804885864258,61.665504455566406,1.094515757970912,-14.57581749120034,-1.5842643192105976
2024-12-19,52.31150817871094,61.53636932373047,1.0867090488155968,-14.56062119664547,-1.527573816914535
2024-12-20,52.5998649597168,62.39062881469727,1.08381171412232,-15.01982940110966,-1.4967232472600578
2024-12-23,53.39532470703125,62.57936096191406,1.076730748601266,-13.98579746847932,-1.39413255078721
2024-12-24,53.653846740722656,63.15549087524414,1.078294848562926,-14.446393728515986,-1.3681888729811988
2024-12-25,53.653846740722656,63.15549087524414,1.0759471766878597,-14.298125358832166,-1.313898769763612
2024-12-26,53.98197555541992,63.5329475402832,1.068459051308576,-13.900377300308605,-1.2505750244037042
2024-12-27,53.08708190917969,62.629024505615234,1.0552003508408703,-12.999086721966975,-1.1667552302144244
2024-12-30,52.91804885864258,62.38069534301758,1.046864173294533,-12.386066201163644,-1.0999153511009214
2024-12-31,52.82855987548828,62.35079956054688,1.0390100836671086,-11.954549592626648,-1.0443458954710547
2025-01-01,52.82855987548828,62.35079956054688,1.0278893929438466,-11.26116563436571,-0.9789497221671127
2025-01-02,51.64530944824219,60.77633666992188,1.0119150003802682,-9.855177296213121,-0.8833447731675076
2025-01-03,52.98765182495117,61.70307540893555,0.9936815678368484,-8.325556887755184,-0.7845855202439057
2025-01-06,53.01747894287109,62.07178115844727,0.9792812719752213,-7.768253863740732,-0.732322168677903
2025-01-07,52.32144927978516,61.17493438720703,0.9629485579167778,-6.586865569029349,-0.6515028315085395
2025-01-08,52.19218826293945,60.985599517822266,0.9523590206084789,-5.887997565074684,-0.5937172983778091
2025-01-09,52.19218826293945,60.985599517822266,0.944920981443711,-5.4343842873742645,-0.5474237088684663
2025-01-10,50.07427597045898,59.2218017578125,0.9338556976510913,-5.230341026237639,-0.5128042877670572
2025-01-13,51.20780944824219,59.73001480102539,0.9142824944337826,-3.4022974766060656,-0.39834244157386484
2025-01-14,52.95781707763672,62.44048690795898,0.9045172628386889,-3.520681230665325,-0.37908070221148854
2025-01-15,53.673736572265625,63.95516204833984,0.8972266657371885,-3.7085402290479053,-0.36280629012030224
2025-01-16,53.13679885864258,63.59642028808594,0.8903074877091862,-3.483570315340735,-0.32464620944015316
2025-01-17,53.81293869018555,64.6028823852539,0.8775882629847542,-2.881792646097807,-0.2657610953203612
2025-01-20,53.81293869018555,64.6028823852539,0.8672783009249355,-2.2157393797509073,-0.2005844222886304
2025-01-21,54.50896835327149,65.3801498413086,0.8550027450650852,-1.3912392338139554,-0.12265944357299897
2025-01-22,53.345611572265625,64.26407623291016,0.8441734540113286,-0.9044156301174695,-0.059361061454239014
2025-01-23,53.216346740722656,63.99502182006836,0.828794419932081,0.177629752818234,0.04638869350339465
2025-01-24,53.53453063964844,64.18435668945312,0.8145307021862431,1.2544015160158892,0.16337660265707532
2025-01-27,54.47914123535156,64.87193298339844,0.7966772257533131,2.7971496368828426,0.3301296466348423
2025-01-28,55.20499801635742,64.73242950439453,0.7825313841619269,4.549840356119212,0.5476756745852184
2025-01-29,55.26465606689453,64.98155212402344,0.7919040403408418,3.80550239226136,0.5820797124858473
2025-01-30,55.28454208374024,65.34029388427734,0.8044766080522533,2.719804090579416,0.5718953811730204
2025-01-31,55.682273864746094,65.42001342773438,0.8204392047019116,2.0091300765073257,0.5885384909341421
2025-02-03,55.18511199951172,64.00498962402344,0.8409016867895198,1.3632082617246937,0.6044716065117764
2025-02-04,56.895355224609375,66.66563415527344,0.8514526085085806,0.13272712522307728,0.5453462220540662
2025-02-05,58.20786666870117,67.59237670898438,0.8602389108462692,0.06227414705371359,0.6056104029338251
2025-02-06,58.99338150024414,68.23013305664062,0.8752033422500468,-0.7218589930931358,0.5665744690299572
2025-02-07,56.96978378295898,67.96107482910156,0.8827704456931481,-3.024244533712398,0.31841800105288576
2025-02-10,56.620887756347656,67.16387939453125,0.8842869052622221,-2.7712512988475098,0.403534192959471
2025-02-11,58.26568603515625,68.06072998046875,0.890529975769431,-2.3444341852003774,0.5116115267535933
2025-02-12,56.12246322631836,66.43643188476562,0.891715140443567,-3.1199089623748932,0.44127404350217936
2025-02-13,56.29193115234375,66.57594299316406,0.8961632229745559,-3.3709804929804577,0.4388361424460804
2025-02-14,55.86328506469727,65.95812225341797,0.9056767628724347,-3.8734535829226147,0.3884700573293892
2025-02-17,55.86328506469727,65.95812225341797,0.916932183920278,-4.615840020409955,0.2911500931541561
2025-02-18,56.58101272583008,66.26703643798828,0.9297214374128753,-5.02887164438777,0.24087289515424695
2025-02-19,56.36170959472656,65.5794448852539,0.9347428468314359,-4.938207410940926,0.2686314684014105
2025-02-20,56.00284194946289,64.61284637451172,0.9396080183002582,-4.7079065892310865,0.31322497720259057
2025-02-21,54.46769714355469,63.2376823425293,0.9404557337146277,-5.0045438023012565,0.2659632781724566
2025-02-24,53.37117004394531,62.95866394042969,0.9390895883288541,-5.752655757607478,0.1417191243970465
2025-02-25,53.5605697631836,63.08821105957031,0.9358420821072444,-5.480033031225965,0.18169121719988565
2025-02-26,53.15186309814453,62.90884017944336,0.9273481313355582,-5.1865322867495465,0.21989265788765508
2025-02-27,53.321327209472656,63.06827926635742,0.9231681174514448,-4.901297431752511,0.25064308988477474
2025-02-28,54.11880493164063,64.353759765625,0.9195826716462067,-5.059797404110967,0.20400977327357078
2025-03-03,53.829715728759766,63.88540649414063,0.905704272850404,-4.03156990576835,0.3556076635704069
2025-03-04,52.28460693359375,60.56707000732422,0.8800679101524593,-1.018527791809774,0.8405353245039664
2025-03-05,52.14504623413086,60.28805160522461,0.8500969502342937,0.8943574289617047,1.1360895000105145
2025-03-06,51.42731857299805,59.36130905151367,0.8255720481723067,2.4202810771506194,1.3646179222478578
2025-03-07,52.29457092285156,58.57407760620117,0.77479330414402,6.9117677971547025,2.0678040584185133
2025-03-10,50.38063049316406,56.66080474853516,0.7310903162210238,8.956464832219801,2.315025494784688
2025-03-11,49.79248809814453,56.092803955078125,0.7058741080829265,10.198030136483311,2.4053055446560676
2025-03-12,50.4105339050293,56.282135009765625,0.6837013192715005,11.930363947435836,2.5407318554652787
2025-03-13,50.46037292480469,55.365360260009766,0.6522919486772947,14.34599419158247,2.7398730908120523
2025-03-14,51.83602523803711,57.12915802001953,0.6304369367140898,15.819693858840814,2.774303959535745
2025-03-17,51.89583587646485,57.60747909545898,0.6162593995857101,16.394685397450957,2.67451648655464
2025-03-18,51.90580368041992,57.55765151977539,0.6036158233806148,17.1630944664562,2.6160604180568567
2025-03-19,52.52384567260742,57.85660171508789,0.5897250865392717,18.404356219309044,2.6185113746634343
2025-03-20,51.517032623291016,57.22880935668945,0.581303326443707,18.249735375834696,2.4544242402503853
2025-03-21,51.8858642578125,57.577579498291016,0.5728768835700192,18.90099995132651,2.399391288608114
2025-03-24,53.15186309814453,59.12215423583984,0.5654956927370871,19.718539532439372,2.3653586969386433
2025-03-25,52.86277389526367,58.93281555175781,0.5591980021809532,19.9076611758221,2.264619987941651
2025-03-26,52.92258834838867,58.733516693115234,0.5522550660074301,20.48670621018382,2.2145064028219137
2025-03-27,52.72321701049805,58.14558410644531,0.5417281043470905,21.224119956359115,2.1803008556278156
2025-03-28,51.61671829223633,56.88999938964844,0.5352405008322431,21.166886526574896,2.0637394888213807
2025-03-31,51.7064323425293,57.56999969482422,0.5318636491075326,21.087042225720552,1.9566873682327868
2025-04-01,51.965614318847656,57.0,0.5240772368623094,22.093211817696016,1.9645055211760856
2025-04-02,52.50391006469727,57.77999877929688,0.5169985480155449,22.631734591460827,1.9238533269674996
2025-04-03,47.8785400390625,52.060001373291016,0.522335486783412,20.68575387979944,1.6515187072953323
2025-04-04,46.51286315917969,50.810001373291016,0.5302906301867975,19.56879551114515,1.4797937144655535
2025-04-07,46.213809967041016,50.880001068115234,0.5423016382662369,18.62150203281424,1.3346862500288112
2025-04-08,45.85494613647461,50.68999862670898,0.5567456287519382,17.633510979612634,1.1941028127191236
2025-04-09,49.0847282409668,54.900001525878906,0.5616511375337331,18.250079933353227,1.2122655027393747
2025-04-10,45.99450302124024,51.119998931884766,0.5748394340577395,16.608711766203353,1.0160590084494405
2025-04-11,45.7552604675293,51.40999984741211,0.589495862011257,15.449278291480503,0.8723392022120695
2025-04-14,46.223777770996094,51.68000030517578,0.6006196560262062,15.183753764267188,0.8182436275551912
2025-04-15,47.11096954345703,52.40999984741211,0.6081916440804941,15.235645570001015,0.796262341539921
2025-04-16,47.33027648925781,52.880001068115234,0.6158967430852041,14.761656057063526,0.7245103417370455
2025-04-17,47.78882598876953,53.20000076293945,0.6218918838417976,14.704177293920047,0.6951269934479488
2025-04-18,47.78882598876953,53.20000076293945,0.6276350857109149,14.398638950101294,0.6433033107656936
2025-04-21,47.519676208496094,52.380001068115234,0.6317600655695711,14.428083299169408,0.6263225553920624
2025-04-22,49.56321334838867,54.0099983215332,0.6301486693906776,15.528884772281792,0.7142987095035588
2025-04-23,51.0584831237793,55.5099983215332,0.6285450442570731,16.167948772061152,0.7543216937323599
2025-04-24,51.98555374145508,56.79999923706055,0.6288299746104773,16.268011663339166,0.7405187712953339
2025-04-25,51.49709701538086,56.02000045776367,0.6275882082860643,16.339605299908456,0.7235673457833249
2025-04-28,52.085235595703125,56.959999084472656,0.625871262230249,16.435609072070392,0.7086829564777817
2025-04-29,52.06529998779297,59.0,0.6255977719116016,15.155031445008476,0.5615382110202064
2025-04-30,51.38744354248047,58.59999847412109,0.6210471778277824,14.99407986941521,0.5239619090945659
2025-05-01,51.80611801147461,58.93999862670898,0.6126794074361159,15.694794578577067,0.5695987328155124
2025-05-02,53.13192367553711,60.47999954223633,0.6166236692223224,15.838524443238967,0.5592163148405233
2025-05-05,52.89268112182617,60.15999984741211,0.6197587300822718,15.607996014644378,0.5118363427593721
2025-05-06,52.79299545288086,59.650001525878906,0.6149670188751294,16.11021183861419,0.5383042138260972
2025-05-07,52.64347076416016,59.43000030517578,0.6188544326967833,15.864951640130947,0.488357973134465
2025-05-08,53.7400016784668,60.68000030517578,0.624041845787471,15.873142285640597,0.4642101113440824
2025-05-09,53.34999847412109,60.36000061035156,0.629463061061306,15.355607724266896,0.38350410359649506
2025-05-12,54.93000030517578,62.91999816894531,0.6365531353729926,14.878078193070685,0.304452821609966
2025-05-13,55.09000015258789,63.58000183105469,0.6383577250999619,14.503214821864404,0.23353887489536718
2025-05-14,55.2599983215332,63.040000915527344,0.6413044075228684,14.832167884159858,0.24196638424712882
2025-05-15,55.43999862670898,63.27999877929688,0.642734857204597,14.767737647390526,0.20315860525282972
2025-05-16,55.0,63.45000076293945,0.6452477331479444,14.059030839477977,0.07883613712813255
2025-05-19,55.11000061035156,63.36000061035156,0.6541723355117742,13.661641033050444,-0.01610441909394317
2025-05-20,54.75,62.84000015258789,0.6624675966656175,13.120536124448066,-0.14262565120799028
2025-05-21,53.08000183105469,61.619998931884766,0.6684837381736792,11.888034598810236,-0.3941717106786871
2025-05-22,52.93999862670898,61.310001373291016,0.6752774169925675,11.538739263542254,-0.5369837757833809
2025-05-23,52.7599983215332,61.220001220703125,0.6853489456148072,10.802935034387104,-0.78919817448889
2025-05-26,52.7599983215332,61.220001220703125,0.694927468551555,10.216537848506874,-1.067850433503169
2025-05-27,52.7599983215332,61.220001220703125,0.6941166695293958,10.266174965633205,-1.2201166949421725
