,Open,High,Low,Close,Volume
2021-11-29,19.522979582715546,19.607276017022965,19.017202584691777,19.244802474975586,7676300.0
2021-11-30,18.97505124468735,19.12678447347637,18.781170611377124,18.916044235229492,16124800.0
2021-12-01,19.312239485207996,19.413395528906666,18.578864197720524,18.595722198486328,8518200.0
2021-12-02,18.806462302833605,19.37967612673916,18.654729042644398,19.244802474975586,8062800.0
2021-12-03,19.29537362031788,19.40495943277789,18.71373178305872,18.8907527923584,9779800.0
2021-12-06,19.253231692582922,19.6915718513696,19.10149843701671,19.438682556152344,8455400.0
2021-12-07,19.55669631639684,19.86016119042269,19.47239989279278,19.56512451171875,8759800.0
2021-12-08,19.57355317410769,19.77586361427438,19.47239875793457,19.47239875793457,6288800.0
2021-12-09,19.37124320129584,19.57355364634352,19.211081770520906,19.37967300415039,5810600.0
2021-12-10,19.53141144674933,19.556700862054853,19.152078256271093,19.39653778076172,5177100.0
2021-12-13,19.312235996709166,19.345955207791384,18.907615110645413,18.924474716186523,8929500.0
2021-12-14,18.99191416318525,19.404964909276558,18.932905535611606,19.185794830322266,7643900.0
2021-12-15,19.98660455300877,19.98660455300877,19.227939974012507,19.4808292388916,11667900.0
2021-12-16,19.725287081199557,20.129907975379325,19.522976634109675,19.65785026550293,8581400.0
2021-12-17,19.514544431774073,19.598840842985382,18.94976056682469,18.97504997253418,19772200.0
2021-12-20,18.705301055943533,18.73058885155208,18.258531242290527,18.604145050048828,10854700.0
2021-12-21,18.85703801926477,19.21950989373285,18.848608216441722,19.126785278320312,6662200.0
2021-12-22,19.05934833678345,19.227939568661537,19.000341325235095,19.10149574279785,4748400.0
2021-12-23,19.244798575782823,19.421821212743886,19.10149514884117,19.16893196105957,4851200.0
2021-12-24,19.244798575782823,19.421821212743886,19.10149514884117,19.16893196105957,4851200.0
2021-12-27,19.295375445470413,19.46396827697754,19.000340402063536,19.46396827697754,4040300.0
2021-12-28,19.337523326652303,19.6325599606297,19.337523326652303,19.548263549804688,3964000.0
2021-12-29,19.624133212405532,19.767436650760892,19.472399970873905,19.6409912109375,3667200.0
2021-12-30,19.733714367363472,19.860158179690842,19.53140394607562,19.548263549804688,3132300.0
2021-12-31,19.480828388775194,19.640989814273503,19.455538981044725,19.4976863861084,3397000.0
2022-01-03,19.767435662033026,20.07090052209701,19.74214625376916,19.87701988220215,6834300.0
2022-01-04,20.188917506549465,20.964441725949868,20.138338686630327,20.922292709350586,8397900.0
2022-01-05,21.07402785718621,21.301627743920793,20.787420949702817,20.79585075378418,10080400.0
2022-01-06,21.276338998228002,21.9422790711318,21.158324953033215,21.857982635498047,9425800.0
2022-01-07,21.916986108349416,22.2963192033529,21.798972082268563,22.21202278137207,11174500.0
2022-01-10,22.464912928119677,22.540779555524754,21.866411320613743,22.195165634155273,9951900.0
2022-01-11,22.346895813845016,22.372185222106907,21.900125914807827,22.27945899963379,7982800.0
2022-01-12,22.3384677979219,22.448052026848,22.1192977322491,22.25417137145996,10741600.0
2022-01-13,22.363759454951403,22.667224369752727,22.296322628571023,22.507062911987305,10551600.0
2022-01-14,22.119298786887757,22.776809015255964,21.925418122255575,22.76837921142578,9869500.0
2022-01-17,22.119298786887757,22.776809015255964,21.925418122255575,22.76837921142578,9869500.0
2022-01-18,22.88639175000362,22.90325135655943,22.27103058110176,22.42276382446289,6643800.0
2022-01-19,22.422763823005994,22.47334103484956,21.571372985839844,21.571372985839844,10692100.0
2022-01-20,21.706243576549767,21.959131208099876,21.124600094600094,21.18360710144043,10669000.0
2022-01-21,21.08245400802028,21.461785479025203,20.787417347580593,20.897003173828125,13063000.0
2022-01-24,20.52610294882814,21.149893965096037,20.163629421362312,21.065597534179688,11456600.0
2022-01-25,20.89700430938772,21.17518137970254,20.34064856093755,20.989728927612305,7949800.0
2022-01-26,21.19203834372107,21.461785597791653,20.8632840788001,21.276334762573242,13971100.0
2022-01-27,21.41120831109258,21.739964182628444,20.871713804929758,21.023447036743164,9332300.0
2022-01-28,20.964438678267854,21.18360710144043,20.669402036245824,21.18360710144043,8776500.0
2022-01-31,20.922290925173233,21.251045187509753,20.66940327842521,21.124601364135742,8375500.0
2022-02-01,21.099316338562062,21.5882336989657,20.972870890740936,21.537654876708984,6372000.0
2022-02-02,21.49550513073837,21.798971600027816,21.402778907828704,21.75682258605957,5676700.0
2022-02-03,21.87483891322486,22.03500034793775,21.55451282815801,21.588232040405273,6388300.0
2022-02-04,21.706243822708554,22.212020699364867,21.621947408629108,22.060287475585938,6724500.0
2022-02-07,22.060287607412324,22.372183859023973,21.959131588348434,22.262598037719727,7508600.0
2022-02-08,22.700942440030932,22.78523887070305,22.414335540438135,22.717802047729492,11143500.0
2022-02-09,22.675654174027873,22.717803195403587,22.448054282061303,22.507062911987305,6496500.0
2022-02-10,22.51548695490637,22.844242829706783,22.27102910730654,22.380613327026367,8221500.0
2022-02-11,22.220451694850947,22.69250938809806,21.933844836281516,22.102436065673828,11342100.0
2022-02-14,22.18673559123027,22.313179432936355,21.65567081293644,21.841121673583984,8755800.0
2022-02-15,22.068719504670344,22.422763193273312,22.035000292507906,22.36375617980957,6272200.0
2022-02-16,22.16987521937177,22.60821535614226,22.13615761306207,22.431194305419922,5209000.0
2022-02-17,22.169873885501666,22.220452703654033,21.596661750159566,21.68938636779785,6181400.0
2022-02-18,21.621947563480823,21.91698421096169,21.537651148797664,21.61351776123047,7210700.0
2022-02-21,21.621947563480823,21.91698421096169,21.537651148797664,21.61351776123047,7210700.0
2022-02-22,21.630380000960766,21.76525363775733,21.385922137199717,21.571372985839844,7548500.0
2022-02-23,21.706248692901795,21.798974929976048,20.694694712628564,20.79585075378418,8771800.0
2022-02-24,20.104620595155218,20.391227469819476,19.624133072282945,20.340648651123047,12517100.0
2022-02-25,20.517666495795815,21.360627316139702,20.475519097906687,21.326908111572266,8884300.0
2022-02-28,20.592088108121516,21.29718017578125,20.592088108121516,21.29718017578125,11545700.0
2022-03-01,20.999852380765777,21.042328783703816,19.402776897404657,19.530202865600586,14839300.0
2022-03-02,19.878501268538773,20.677039820389616,19.878501268538773,20.532623291015625,12759200.0
2022-03-03,20.507137399071105,20.694030330926644,20.158838997370076,20.524127960205078,10191800.0
2022-03-04,19.793552291522012,20.00592946898602,19.428264907343706,19.7255916595459,8838100.0
2022-03-07,19.513213026534693,19.606659496147383,18.782636692364616,18.7911319732666,13428000.0
2022-03-08,19.241370770971727,19.59816447198339,18.774141657405842,19.028993606567383,12318900.0
2022-03-09,19.759571088427442,20.0568994353997,19.649134058259023,19.8105411529541,7809000.0
2022-03-10,19.445251529824137,19.85301689333397,19.309330282090556,19.504716873168945,11670900.0
2022-03-11,19.734082740236133,20.141846445291087,19.445249710744974,19.470735549926758,7928500.0
2022-03-14,19.878502494544495,20.651555252310008,19.861511932321054,20.2268009185791,11074500.0
2022-03-15,20.362720407908377,20.52412749439974,19.95495667180193,20.25228500366211,6940200.0
2022-03-16,20.634563514953257,20.991355551454422,20.252284018260617,20.694028854370117,12916900.0
2022-03-17,20.25228531437868,20.498641967773438,20.00592704067484,20.498641967773438,7443500.0
2022-03-18,20.46466232009305,20.46466232009305,19.90398677326659,20.3287410736084,24007000.0
2022-03-21,20.40519677473185,20.694029825721753,20.15034322487126,20.29475975036621,6494300.0
2022-03-22,20.626073793043616,20.914906908307124,20.515636744102586,20.668548583984375,6197900.0
2022-03-23,20.464661674995533,20.643057697767247,19.92947036606235,19.98044204711914,5056000.0
2022-03-24,20.158840106431903,20.303256643397745,19.93796766046595,20.048404693603516,5844900.0
2022-03-25,20.09087788266317,20.43068099550157,19.99743303932577,20.29475975036621,6459700.0
2022-03-28,20.116366974249765,20.116366974249765,19.581175567279836,19.903989791870117,6018300.0
2022-03-29,20.269278926431877,20.354228503646,19.895494629514314,20.073890686035156,5608300.0
2022-03-30,20.065398219390747,20.090882445948758,19.377294936754918,19.547197341918945,8303100.0
2022-03-31,19.51321317993968,19.71709506226271,18.995014003317912,19.01200294494629,8962700.0
2022-04-01,19.207392108271414,19.326322807046587,18.306911725144605,18.400358200073242,14329300.0
2022-04-04,18.36637667539357,18.442830958836016,17.984097156635997,18.332395553588867,8741400.0
2022-04-05,18.213468400269075,18.50230151039,18.11152663539312,18.137012481689453,9276200.0
2022-04-06,18.001088608841897,18.10302873868532,17.71225554043695,17.77172088623047,10894900.0
2022-04-07,17.831187783837695,17.890653134806374,17.363958637390134,17.610315322875977,9634000.0
2022-04-08,17.839683264425734,17.85667382783752,17.54235488595678,17.644296646118164,10992700.0
2022-04-11,17.652790182098784,18.14550513014959,17.601818496904144,17.72075080871582,7571600.0
2022-04-12,17.695264305803526,17.92463201969289,17.28750056131738,17.414926528930664,9048500.0
2022-04-13,17.219543807793926,17.49138636522198,17.16007845089522,17.482891082763672,12789100.0
2022-04-14,17.49987761299664,17.601817738374635,17.329975243621217,17.39793586730957,9067900.0
2022-04-15,17.49987761299664,17.601817738374635,17.329975243621217,17.39793586730957,9067900.0
2022-04-18,17.380947774163463,17.66978087092653,17.346968267649206,17.644296646118164,9049300.0
2022-04-19,17.737738707821023,18.272930028751418,17.669778085197535,18.20496940612793,12486100.0
2022-04-20,18.442829336506723,18.833604101340846,18.32389866127017,18.476810455322266,13951100.0
2022-04-21,18.00958219772855,18.799623800873363,17.763223936518656,17.90764045715332,16539300.0
2022-04-22,17.933127498374773,18.001088123206657,17.57633381293011,17.59332275390625,13425700.0
2022-04-25,17.457401390381875,17.584828978881017,17.007162861423108,17.525362014770508,15848300.0
2022-04-26,17.151580277712345,17.48288813620053,16.905221988870945,16.91371726989746,11212500.0
2022-04-27,16.947696516303342,17.10060669691157,16.786289435300823,16.871240615844727,11467400.0
2022-04-28,17.049638836692065,17.143085309379032,16.78629160130331,17.01565933227539,8962800.0
2022-04-29,16.964686324562404,17.134588694347265,16.361535990413405,16.404010772705078,10362700.0
2022-05-02,16.47197162617706,16.607892875776063,16.15765434409528,16.539932250976562,10348400.0
2022-05-03,16.701341587140064,16.879739263908473,16.531439192151993,16.743816375732422,8193300.0
2022-05-04,16.709834209192064,17.279005035404246,16.633378305647962,17.22803497314453,10343100.0
2022-05-05,16.98167975150912,17.07512623269216,16.480469458397216,16.80328369140625,9991500.0
2022-05-06,16.794786164544234,16.811776726180867,16.302071219245896,16.59939956665039,8197000.0
2022-05-09,16.37852647134215,16.50595243790298,16.055712294391693,16.293575286865234,9018300.0
2022-05-10,16.548424795426463,16.565415353894323,15.80935332547182,16.07270050048828,12488300.0
2022-05-11,16.081199049427873,16.454983310176168,15.74989119348573,15.783870697021484,9088400.0
2022-05-12,15.749892185488003,15.945278798975165,15.418582688369263,15.7413969039917,12601100.0
2022-05-13,15.885813606272778,16.0472190953746,15.70741593370065,15.817852973937988,8640000.0
2022-05-16,15.843337041328798,15.919792954486256,15.579989796180481,15.7413969039917,7519000.0
2022-05-17,16.064205613955973,16.42099924895891,16.064205613955973,16.327552795410156,6574200.0
2022-05-18,16.149160592665947,16.20862594245781,15.62246448536365,15.724406242370605,7998000.0
2022-05-19,15.503532672382342,15.732900393943837,15.401590922696407,15.596979141235352,9430400.0
2022-05-20,15.664940526290767,15.868822415228118,15.231690904682937,15.56299877166748,9884200.0
2022-05-23,15.970760815745765,16.259593865461742,15.809355350552577,16.098188400268555,9014500.0
2022-05-24,16.064207210293652,16.24260485567735,15.639452917857948,16.183137893676758,13355300.0
2022-05-25,16.09819109512142,16.743816304590556,16.09819109512142,16.58241081237793,16263100.0
2022-05-26,16.675852431560923,16.998666593896207,16.675852431560923,16.922210693359375,15423800.0
2022-05-27,16.943658489125802,17.08950270359922,16.866446749914743,17.003711700439453,6529700.0
2022-05-30,16.943658489125802,17.08950270359922,16.866446749914743,17.003711700439453,6529700.0
2022-05-31,16.737764128127445,17.261087870531284,16.686290171337298,17.123821258544922,22267600.0
2022-06-01,17.201029338184014,17.201029338184014,16.480387551722696,16.72918128967285,8022500.0
2022-06-02,16.79781578673964,17.123819664499862,16.660550823858763,17.08950424194336,5045400.0
2022-06-03,16.969398925450317,17.038031411408227,16.797816892391776,16.84929084777832,7764800.0
2022-06-06,17.038031388911087,17.149558564822602,16.840711560256043,16.8664493560791,6143800.0
2022-06-07,16.686289361159975,16.960819299148156,16.634813770541566,16.917922973632812,7363400.0
2022-06-08,16.72918586026756,16.772080554096146,16.480392054344243,16.57476234436035,6142000.0
2022-06-09,16.55760293214354,16.59191999444436,15.999963760375977,15.999963760375977,6735000.0
2022-06-10,15.613903873280943,15.751168825616517,15.219265908070689,15.245003700256348,7510000.0
2022-06-13,14.84178697540787,15.21926642532364,14.687365126027537,14.918998718261719,16276700.0
2022-06-14,14.936156826044286,15.19352820408574,14.798891872911868,15.047685623168945,15323400.0
2022-06-15,15.219265937805176,15.468059687104049,15.047685565214138,15.219265937805176,14413900.0
2022-06-16,14.884683750942893,14.927578437690537,14.5415213479795,14.653048515319824,8566500.0
2022-06-17,14.687365795237593,15.021948938630855,14.661628001004482,14.807472229003906,17306600.0
2022-06-20,14.687365795237593,15.021948938630855,14.661628001004482,14.807472229003906,17306600.0
2022-06-21,15.219268913542502,15.313639200532009,14.9275804231455,15.030529975891113,7033200.0
2022-06-22,14.816049852427252,15.00478874691261,14.713100323226987,14.936156272888184,15142500.0
2022-06-23,14.81604969308062,14.850365111560142,14.318463852673256,14.5844144821167,14936000.0
2022-06-24,14.627312198249575,15.382271197317179,14.592996772652453,15.296480178833008,14867300.0
2022-06-27,15.390847708760003,15.425163128216722,14.961894329423648,15.064842224121094,8650200.0
2022-06-28,15.236428989979238,15.545276043204534,15.064846930114562,15.107743263244629,7895100.0
2022-06-29,15.184950626705886,15.184950626705886,14.918998347342631,15.004789352416992,7174700.0
2022-06-30,14.532943271363791,15.056265365039287,14.369940503008696,14.78173542022705,10531100.0
2022-07-01,14.730260371130237,15.099160570708564,14.541521457165071,15.0133695602417,8677000.0
2022-07-04,14.730260371130237,15.099160570708564,14.541521457165071,15.0133695602417,8677000.0
2022-07-05,14.635888613806639,14.910418510437012,14.412832663712646,14.910418510437012,6269700.0
2022-07-06,14.781732540215328,14.927576749522089,14.61873143994624,14.798891067504883,7574900.0
2022-07-07,15.013368218398986,15.159212432259382,14.936156479512466,15.116317749023438,5105000.0
2022-07-08,15.253583103499912,15.330794844434106,14.9275776114828,15.004789352416992,5668400.0
2022-07-11,14.858944535069798,15.090579748524954,14.790312061045372,14.936156272888184,7266100.0
2022-07-12,14.764575583162667,15.17637210027108,14.738839425818478,14.850366592407227,6039000.0
2022-07-13,14.687366902748542,14.704523797203574,14.344202832406953,14.575838088989258,6078500.0
2022-07-14,14.241252598621887,14.34420049387877,14.078249855416647,14.266988754272461,6595600.0
2022-07-15,14.550100911515095,15.107741731368414,14.429994463584904,15.030529975891113,8562500.0
2022-07-18,15.262161611989264,15.519532978142216,15.107738137766598,15.18494987487793,7110900.0
2022-07-19,15.40800345363227,15.588164710435787,15.339370983499302,15.485215187072754,16754400.0
2022-07-20,15.382272606497054,15.588170087924915,15.33079864522202,15.562432289123535,16636000.0
2022-07-21,15.871275042698601,16.283069894331152,15.399426979743879,15.665377616882324,19771600.0
2022-07-22,15.665379623385032,15.828382386657218,15.365111891987057,15.476640701293945,14757100.0
2022-07-25,15.656800980714387,15.665380246104222,15.450903520341011,15.528115272521973,11060400.0
2022-07-26,15.408006197428167,15.536693533629872,15.047686892311237,15.124897003173828,8816800.0
2022-07-27,15.193530822355998,15.502377838290574,15.064845111159125,15.45948314666748,22081200.0
2022-07-28,15.442324055873069,15.622483717754369,15.10774089162063,15.3651123046875,9106300.0
2022-07-29,15.425162830471486,15.759747572598048,15.399426675457539,15.699692726135254,17599700.0
2022-08-01,15.52811735608164,15.7082770444593,15.382273097540201,15.691120147705078,8152600.0
2022-08-02,15.613907666297024,15.673960892991385,15.39943092162991,15.425167083740234,7109800.0
2022-08-03,15.536693572998047,15.639641478627327,15.373690813369654,15.536693572998047,8683800.0
2022-08-04,15.442321894868103,15.519533635248628,15.210686673726528,15.219265937805176,7681700.0
2022-08-05,15.184952882627961,15.60532706998433,15.150635820969041,15.49379825592041,7073400.0
2022-08-08,15.656802569550706,15.708276530785685,15.502379049518044,15.571011543273926,7780500.0
2022-08-09,15.596746790669703,15.613905320383736,15.382270078226671,15.536693572998047,5416300.0
2022-08-10,15.794067382359053,16.377444390994974,15.794067382359053,16.188705444335938,12419000.0
2022-08-11,16.360286001344896,16.57476274837108,16.334549838951492,16.480392456054688,7637200.0
2022-08-12,16.60907712907483,16.660551081870448,16.35170409244184,16.6519718170166,7441200.0
2022-08-15,16.454651711269783,16.78065555597785,16.3860192367877,16.68628692626953,8235600.0
2022-08-16,16.600498282169337,17.04661024783626,16.591919017099492,16.969398498535156,8757400.0
2022-08-17,16.72060617958125,16.746343977036737,16.47181401615542,16.677711486816406,9904600.0
2022-08-18,16.703446610576822,16.84929084777832,16.634814124618913,16.84929084777832,6062200.0
2022-08-19,16.686289268212636,16.746342487272102,16.437495490592013,16.557601928710938,5672700.0
2022-08-22,16.265912170955428,16.300229228452462,15.991382256288608,16.051435470581055,7036500.0
2022-08-23,16.06859013154936,16.283066780298263,16.06859013154936,16.102907180786133,4827300.0
2022-08-24,16.1114883698395,16.137224523517844,15.922747849120059,16.085750579833984,6004800.0
2022-08-25,16.12864767270122,16.394599966891104,16.077173721317898,16.351703643798828,5513300.0
2022-08-26,16.411756825168254,16.480389305643655,15.811223030090332,15.811223030090332,7755000.0
2022-08-29,15.711509319701085,15.763533719517321,15.520750430665128,15.616129875183105,10273500.0
2022-08-30,15.71151173517658,15.772207153264432,15.442715378178802,15.494741439819336,10357700.0
2022-08-31,15.59011572707781,15.616128752027928,15.321321084562879,15.338663101196289,10605900.0
2022-09-01,15.29531016362223,15.34733622067912,14.983162090410687,15.329994201660156,7052100.0
2022-09-02,15.546762556469295,15.659482358509411,15.139233429020651,15.217270851135254,6913200.0
2022-09-05,15.546762556469295,15.659482358509411,15.139233429020651,15.217270851135254,6913200.0
2022-09-06,15.338663956770151,15.338663956770151,14.90512343970687,15.017843246459961,9018400.0
2022-09-07,14.931135868812701,15.451384856866742,14.87911146615508,15.408031463623047,6318100.0
2022-09-08,15.2866392739258,16.041000568903616,15.251956889442,16.032329559326172,9992400.0
2022-09-09,16.101693946513176,16.29245282544888,16.07568257489523,16.179731369018555,9411100.0
2022-09-12,16.301124199871467,16.52656548683933,16.249099796363794,16.387832641601562,8724500.0
2022-09-13,16.08435004096747,16.19707148416233,15.56410282378541,15.60745620727539,8372300.0
2022-09-14,15.694168185019528,15.728850568906843,15.19126121495889,15.295310020446777,13859900.0
2022-09-15,15.364674139926663,15.858911680332305,15.329991761235881,15.668152809143066,15219700.0
2022-09-16,15.503407094256108,15.503407094256108,15.16524604347159,15.347333908081055,16604900.0
2022-09-19,15.069867280153579,15.538091821068894,15.069867280153579,15.460054397583008,8848000.0
2022-09-20,15.312654815665852,15.382021249843365,15.078542480131901,15.269301414489746,11357500.0
2022-09-21,15.303979483739893,15.399358923989386,14.853096961975098,14.853096961975098,10911100.0
2022-09-22,14.957146906109095,14.957146906109095,14.306836171060873,14.376202583312988,13440000.0
2022-09-23,14.159432253114362,14.298165076783981,13.9600040258175,14.237469673156738,17577700.0
2022-09-26,14.081396582528818,14.32417988102663,13.881968330455214,13.960005760192871,11489200.0
2022-09-27,14.090066980084519,14.159433397525747,13.673868475437148,13.838613510131836,12110200.0
2022-09-28,13.82994333545967,14.142092232774337,13.812602143509787,14.02070140838623,11769000.0
2022-09-29,13.786589592984882,14.02937290400061,13.647856744926182,13.899311065673828,8992700.0
2022-09-30,13.951333758290009,14.254812446363708,13.855954316768784,13.89063835144043,9116800.0
2022-10-03,14.1160795056477,14.384874156961237,13.864625217709454,14.280823707580566,12253100.0
2022-10-04,14.497595256406974,14.887782409163602,14.497595256406974,14.844429016113281,12371300.0
2022-10-05,14.558292715644432,14.731707946360256,14.532279686815368,14.644999504089355,6929300.0
2022-10-06,14.523605604276593,14.679680436576442,14.376201779751804,14.41088581085205,8821900.0
2022-10-07,14.306837543849827,14.31550855294157,13.960005449309552,14.003358840942383,12931400.0
2022-10-10,14.046714969236122,14.14209276894602,13.734565233173894,13.821272850036621,11590400.0
2022-10-11,13.725893909485725,13.881968773947214,13.491782439706475,13.58716106414795,10090400.0
2022-10-12,13.52646466432484,13.760576117026345,13.413744028982292,13.517793655395508,14216500.0
2022-10-13,13.387731486896104,14.56696145585274,13.231657455082095,14.488924026489258,16254800.0
2022-10-14,14.566962114847094,14.913795884964488,14.246143027462283,14.289496421813965,16069600.0
2022-10-17,14.627659138695957,14.75772097518932,14.497595648376617,14.644999504089355,10544900.0
2022-10-18,14.965818132029888,15.09587995016599,14.57563102379583,14.723034858703613,16378700.0
2022-10-19,14.549619602193406,14.740376824545553,14.237469916684676,14.298165321350098,14995400.0
2022-10-20,13.89063943932093,14.480254844309723,13.569818708785522,13.74323558807373,21413700.0
2022-10-21,13.829943428448294,14.67101232995358,13.65652737321859,14.653670310974121,21911300.0
2022-10-24,14.723038293536789,15.572777467681293,14.723038293536789,15.3733491897583,16617800.0
2022-10-25,15.243285592410315,15.555435316007927,15.121894768267216,15.408031463623047,13140800.0
2022-10-26,15.460053909978697,15.564104355953427,15.321321084562879,15.338663101196289,12541100.0
2022-10-27,15.503408706890362,15.61613017142741,15.373346877969517,15.3906888961792,10511300.0
2022-10-28,15.477398758393393,15.702840054397802,15.321323887788338,15.694169044494629,9137300.0
2022-10-31,15.590119245174773,15.659485673536047,15.47739941927249,15.494741439819336,8120500.0
2022-11-01,15.633471785112745,15.754862601787698,15.520750323492425,15.650812149047852,10874100.0
2022-11-02,15.590118756656107,16.093025759973205,15.434043884277344,15.434043884277344,15562400.0
2022-11-03,15.243285825090883,15.581446928266184,15.026515547911647,15.468727111816406,11473300.0
2022-11-04,15.694166867520075,15.945619504528386,15.512078992463334,15.806886672973633,9812300.0
2022-11-07,15.902269567101355,15.980307008520402,15.694170274592619,15.893598556518555,6444200.0
2022-11-08,15.893598556518555,16.032331418191045,15.728852663097658,15.893598556518555,6953300.0
2022-11-09,15.728848327245656,15.780874376400838,15.49473772135017,15.52074909210205,9855500.0
2022-11-10,16.084350936062926,16.890736482926336,16.067010573997283,16.86472511291504,15582900.0
2022-11-11,16.934092141956146,17.3763036404027,16.925421133693384,17.194215774536133,12219900.0
2022-11-14,17.04681212395486,17.1335205536837,16.474538803100586,16.474538803100586,12114100.0
2022-11-15,16.864729661318616,17.081499956945713,16.353151631332576,16.621946334838867,11506700.0
2022-11-16,16.552579825824488,16.665299651318445,16.29245613386852,16.413846969604492,9650700.0
2022-11-17,16.292454542164712,16.292454542164712,15.94562078167281,16.188404083251953,9468900.0
2022-11-18,16.405173910572426,16.552577758625635,15.936949338935444,16.13637924194336,20771000.0
2022-11-21,16.075682416150812,16.309793027529377,16.032327374172745,16.257768630981445,10591400.0
2022-11-22,16.39650365115717,16.47454108333166,16.28378383458622,16.387832641601562,7719000.0
2022-11-23,16.33580973374987,16.49188461238858,16.32713872340037,16.405176162719727,6214200.0
2022-11-24,16.33580973374987,16.49188461238858,16.32713872340037,16.405176162719727,6214200.0
2022-11-25,16.526560683687357,16.552573704793954,16.45719428122859,16.50054931640625,2839900.0
2022-11-28,16.364693300593153,16.42604967618246,15.99655337522147,16.066675186157227,5721900.0
2022-11-29,16.10173490481919,16.294569442709395,15.94396043207464,16.27703857421875,9528100.0
2022-11-30,16.171854727254793,16.49616739545257,15.610878707075903,16.487401962280273,15632400.0
2022-12-01,16.539999610761143,16.645181497268492,16.20691973587068,16.408519744873047,10317800.0
2022-12-02,16.206919099095845,16.355928158989926,16.13679728690074,16.259510040283203,10413900.0
2022-12-05,16.084203578040132,16.136794510177957,15.269036606643661,15.295332908630371,15433200.0
2022-12-06,15.233976057427837,15.339159601733153,14.909663333504911,15.041141510009766,16514500.0
2022-12-07,14.97978467518367,15.2164463886646,14.804479330715795,15.128793716430664,10238000.0
2022-12-08,15.207682919142052,15.286570167161528,14.971021175083616,15.058673858642578,12291300.0
2022-12-09,14.98855097058617,15.356690877647436,14.883367423496196,15.269038200378418,7691700.0
2022-12-12,15.23397396942949,15.40051386182174,15.067435748872732,15.391748428344727,10469300.0
2022-12-13,15.698533436472577,15.777420673587365,15.014844605422956,15.163853645324707,13180200.0
2022-12-14,15.13756040794589,15.321629530271194,14.87460236940656,14.979785919189453,13531500.0
2022-12-15,14.76941861627598,14.857071284660362,14.61164414755121,14.734356880187988,12686400.0
2022-12-16,14.55028586857443,14.716825749429264,14.401276853459132,14.567816734313965,19929200.0
2022-12-19,14.611647082502813,14.786952454484089,14.462638017869509,14.5941162109375,10493000.0
2022-12-20,14.515226540219286,14.813244619789405,14.515226540219286,14.576582908630371,7295500.0
2022-12-21,14.786949626533861,14.953487859046719,14.778184192427561,14.865835189819336,8290500.0
2022-12-22,14.725592799395436,14.971019959058468,14.655470992611106,14.962254524230957,8437500.0
2022-12-23,14.979786610623101,15.10249936450412,14.935961104761562,15.058673858642578,5318000.0
2022-12-26,14.979786610623101,15.10249936450412,14.935961104761562,15.058673858642578,5318000.0
2022-12-27,15.093731340104602,15.233974941010164,14.944722305162996,15.155089378356934,4919200.0
2022-12-28,15.076203248723443,15.233976057427837,14.988550573774967,15.041141510009766,5051200.0
2022-12-29,15.10249618347836,15.30409614291603,15.058670686847748,15.277801513671875,4481100.0
2022-12-30,15.17262008819892,15.33916000782648,15.155090890213728,15.269038200378418,3886100.0
2023-01-02,15.17262008819892,15.33916000782648,15.155090890213728,15.269038200378418,3886100.0
2023-01-03,15.453109454009255,15.716067522163893,15.38298763686855,15.435580253601074,12443700.0
2023-01-04,15.637179232623804,16.014084601716036,15.593353726753682,15.84754467010498,8698800.0
2023-01-05,15.724831100047274,15.768656603642757,15.47940393313949,15.637178421020508,8867400.0
2023-01-06,15.742356196475852,16.154323179006703,15.575817988738414,16.10173225402832,8378400.0
2023-01-09,16.05790556862598,16.128027361298937,15.856305623670654,15.943958282470703,8958600.0
2023-01-10,15.943961433347681,16.066674176817237,15.830012452838172,15.961490631103516,6681400.0
2023-01-11,15.970256259275391,16.05790893645888,15.908899886797679,16.031614303588867,8601500.0
2023-01-12,16.163094046131583,16.26827593145239,16.014084982063842,16.075441360473633,9545600.0
2023-01-13,15.812483179964955,15.996552294294867,15.400516105698657,15.935195922851562,11329400.0
2023-01-16,15.812483179964955,15.996552294294867,15.400516105698657,15.935195922851562,11329400.0
2023-01-17,15.891369791199367,15.917666097186261,15.63717885400276,15.794953346252441,10854600.0
2023-01-18,15.654706544961114,15.733593775062806,15.093730500700698,15.111261367797852,21140800.0
2023-01-19,14.927193370911178,14.997315172594655,14.32239178649393,14.41880989074707,25026600.0
2023-01-20,14.541523413515849,15.339159577815392,14.3223925624042,15.286568641662598,19077000.0
2023-01-23,15.339158548911934,15.935194691449066,15.24274044590281,15.838776588439941,13967400.0
2023-01-24,15.838777191198846,15.926429863466879,15.628411780856966,15.716064453125,9379100.0
2023-01-25,15.549526203567583,16.128031561746532,15.453108086592474,16.066675186157227,13523500.0
2023-01-26,16.189383949775845,16.44357649670594,16.07543666200971,16.417280197143555,14184200.0
2023-01-27,16.41728345593064,16.785423363701664,16.36469251820214,16.645179748535156,18064100.0
2023-01-30,16.496173481390773,16.56629530080377,16.373460715377043,16.44358253479004,9953500.0
2023-01-31,16.46110970866014,16.829249595813423,16.347160732821727,16.820484161376953,17879100.0
2023-02-01,16.636412787131714,17.460345204511754,16.566290985982498,17.355161666870117,22524900.0
2023-02-02,17.477874804561118,17.79342205091865,17.346396645925854,17.574291229248047,22094200.0
2023-02-03,17.39898938721517,17.740832969638877,17.381458518415066,17.547998428344727,11609000.0
2023-02-06,17.35516233001496,17.416520371221193,17.162327787445257,17.33763313293457,9251700.0
2023-02-07,17.206153174085355,17.609354797309425,17.153562239520706,17.547998428344727,10949900.0
2023-02-08,17.33763247045952,17.530467005660974,17.267510669310305,17.355161666870117,6231500.0
2023-02-09,17.43405019951255,17.512937440655335,17.039615665634354,17.136032104492188,6559200.0
2023-02-10,17.03961753845215,17.100973916787808,16.899373910303236,17.03961753845215,7777400.0
2023-02-13,16.978256951064836,17.223682403564453,16.916898916104422,17.223682403564453,6485300.0
2023-02-14,17.162330394521895,17.206155901633785,16.741599507638426,16.89937400817871,10256400.0
2023-02-15,16.715301737787236,17.048381581304564,16.715301737787236,16.8818416595459,7403600.0
2023-02-16,16.70653872275223,16.899374977511684,16.557529649454484,16.724069595336914,7485800.0
2023-02-17,16.680239508486874,16.85554317072054,16.461108676818114,16.78542137145996,8214600.0
2023-02-20,16.680239508486874,16.85554317072054,16.461108676818114,16.78542137145996,8214600.0
2023-02-21,16.522467262580676,16.522467262580676,16.110500173706015,16.224449157714844,10471200.0
2023-02-22,16.136792794362485,16.215680020098986,15.8650710567342,15.943958282470703,12225400.0
2023-02-23,16.10173499164332,16.198151425190503,15.602115267979638,15.89136791229248,10810100.0
2023-02-24,15.75989091111941,16.101736186556188,15.593352662708329,16.05790901184082,16929600.0
2023-02-27,16.213037467535734,16.3548681614145,15.973697537582101,16.044612884521484,8188600.0
2023-02-28,16.133257514078817,16.319409666029113,16.044612907588338,16.213037490844727,13251800.0
2023-03-01,16.2130334616479,16.390320939814863,16.062338175290833,16.3548641204834,11105800.0
2023-03-02,16.106662151731406,16.150983605545225,15.610254767845268,15.893916130065918,15062700.0
2023-03-03,16.026883703622882,16.24849437523866,15.902782268559724,16.2396297454834,8788600.0
2023-03-06,16.24849389406119,16.452375300128775,15.991426401792328,16.08893394470215,11412000.0
2023-03-07,15.82299974127583,16.009151863867853,15.495015256214442,15.557065963745117,21675500.0
2023-03-08,15.521611415588653,15.627983589583764,15.2645422287159,15.344322204589844,12258700.0
2023-03-09,15.14930431262698,15.202490395718888,14.23626781731456,14.245132446289062,25718500.0
2023-03-10,13.69553799921208,14.360370794506494,13.261181328156999,13.881690979003906,42348500.0
2023-03-13,10.850058426290545,11.426246687517759,8.518714027888816,10.08771800994873,111197500.0
2023-03-14,12.046755374004192,12.179721429216785,10.584124539777859,10.788006782531738,73411900.0
2023-03-15,10.158631653207657,10.672768264394882,9.626765785245532,10.41569995880127,58652900.0
2023-03-16,10.29159948747104,11.22236449559888,9.281055346113076,10.885516166687012,76220300.0
2023-03-17,10.557531392443996,10.628446733899967,9.928157102989084,10.220683097839355,70676000.0
2023-03-20,10.601854022437369,10.876651613172141,10.25614108803767,10.344785690307617,28571500.0
2023-03-21,10.717091808323525,11.364194539129219,10.53980344682728,11.31100845336914,34458700.0
2023-03-22,11.240092912262744,11.284414367828752,10.655040906864667,10.681633949279785,27915300.0
2023-03-23,10.83232893666574,10.92983731948167,9.96361473880748,9.990208625793457,32445400.0
2023-03-24,9.78632665304062,10.57526090224082,9.617902924417749,10.513209342956543,28743000.0
2023-03-27,11.43510899538105,11.506024334470426,10.743684016570864,11.071667671203613,26704600.0
2023-03-28,11.036210178175278,11.266685456590803,10.788006487392618,10.96529483795166,22110900.0
2023-03-29,11.169177162916863,11.293278586594855,11.089397193193843,11.23122787475586,16516100.0
2023-03-30,11.461702828748285,11.48829586943986,10.858921603889142,10.974159240722656,17406100.0
2023-03-31,11.115991200912777,11.15144887438548,10.690499119240334,11.098262786865234,13592600.0
2023-04-03,11.115990147271232,11.231227786478994,10.770277229647943,10.96529483795166,13716500.0
2023-04-04,11.036210053435502,11.053939310979786,10.256140474415123,10.397971153259277,27870700.0
2023-04-05,10.202954958883236,10.353650274864332,9.945886627864468,10.24727725982666,29540100.0
2023-04-06,10.256140733952083,10.73481970985309,10.22068306334377,10.557531356811523,20436900.0
2023-04-07,10.256140733952083,10.73481970985309,10.22068306334377,10.557531356811523,20436900.0
2023-04-10,10.592988510920415,10.85892145020502,10.451157835402629,10.743683815002441,15544600.0
2023-04-11,10.75254804829738,10.974158681991774,10.672768084907,10.85892105102539,13120100.0
2023-04-12,10.92097302177101,10.991888365129713,10.646176277600434,10.681633949279785,15568600.0
2023-04-13,10.74368524531385,10.983025176146674,10.486616900369865,10.894380569458008,12360600.0
2023-04-14,11.124855205059562,11.142583618110212,10.610718545927158,10.71709156036377,16962100.0
2023-04-17,10.646175480941661,10.920972204549058,10.371377911956753,10.912108421325684,57505900.0
2023-04-18,10.92983758923699,10.92983758923699,10.548666986805957,10.71709156036377,38198400.0
2023-04-19,10.858921603889142,11.107125289558045,10.592988660840843,10.974159240722656,47773400.0
2023-04-20,10.282735149758775,10.89438021055206,10.15863287355861,10.672769546508789,37369500.0
2023-04-21,10.548666237564152,10.575260123317594,10.14090262183065,10.273869514465332,25192400.0
2023-04-24,10.238411985177281,10.273869654621407,9.857241404619783,9.866106033325195,23021700.0
2023-04-25,9.65336110919342,9.74200487014736,9.165817465125096,9.289918899536133,31905400.0
2023-04-26,9.378562533906532,9.60017318139086,9.210138813784557,9.360834121704102,23788900.0
2023-04-27,9.351970982808826,9.724276997526053,9.351970982808826,9.706547737121582,20468700.0
2023-04-28,9.582446123906164,10.087718201082431,9.555852233776514,9.981345176696777,19577100.0
2023-05-01,9.937021221486546,10.052258856776387,9.484935308898136,9.502664566040039,23150000.0
2023-05-02,9.484935980415832,9.484935980415832,8.483255706173773,8.6073579788208,44634700.0
2023-05-03,8.713730725413559,9.015121345886058,8.359154022138583,8.447797775268555,34854400.0
2023-05-04,7.782964821010301,8.235050693540424,7.570218826423456,7.915931701660156,57354500.0
2023-05-05,8.846697834005635,8.846697834005635,8.394612694699928,8.71373176574707,32452800.0
2023-05-08,8.908749426234195,8.997393190223116,8.563036464157756,8.580765724182129,20407800.0
2023-05-09,8.447798747788125,8.749189402957038,8.3148326800972,8.616223335266113,14911100.0
2023-05-10,8.802377912669535,8.828970961891693,8.14640955062652,8.26164722442627,24936000.0
2023-05-11,8.128679399735061,8.261645462872536,7.951391033759224,8.057764053344727,19256500.0
2023-05-12,8.155272058803218,8.199594359551988,7.747508413594179,7.969119071960449,29028800.0
2023-05-15,8.022305248589461,8.518712603302685,7.969118323610012,8.500984191894531,22334700.0
2023-05-16,8.412340344949994,8.589628701645621,8.297102701753444,8.305967330932617,17399400.0
2023-05-17,8.598493887416467,9.050579860287604,8.598493887416467,9.02398681640625,25671300.0
2023-05-18,9.041714683448008,9.068307725720297,8.740324053103478,8.908748626708984,22661700.0
2023-05-19,8.92647706815671,8.99739241136009,8.52757805129331,8.704866409301758,23147300.0
2023-05-22,8.793510851803775,9.121494519526232,8.731460138968531,9.112629890441895,15722600.0
2023-05-23,9.130359406154302,9.564716099008207,9.121494776819915,9.27219009399414,22592800.0
2023-05-24,9.130361195584424,9.263327280149474,9.006258896713362,9.041716575622559,12475800.0
2023-05-25,9.02398564449557,9.068307096749427,8.775781115910897,8.961934089660645,15997600.0
2023-05-26,8.930267110396468,9.065985974837307,8.83074063343906,8.948363304138184,14327800.0
2023-05-29,8.930267110396468,9.065985974837307,8.83074063343906,8.948363304138184,14327800.0
2023-05-30,9.020745813213834,9.129320380540884,8.767404293243425,8.984554290771484,20027100.0
2023-05-31,8.885027674501629,8.894075771561479,8.414537844751818,8.450729370117188,34778300.0
2023-06-01,8.622638943049322,8.812644667887195,8.315010544466668,8.704070091247559,18079300.0
2023-06-02,8.957410516217783,9.319326624300466,8.894075564024766,9.301230430603027,17410000.0
2023-06-05,9.373613127417727,9.427900843596092,8.912171422834506,9.165512084960938,17639900.0
2023-06-06,9.165512659942552,9.83505631185913,9.084081512003557,9.608859062194824,16236600.0
2023-06-07,9.672193503008241,9.997918077489144,9.518380175238239,9.97077465057373,20955000.0
2023-06-08,9.835056231858045,10.043158148550944,9.726481656447238,9.934582710266113,14014500.0
2023-06-09,9.934582987315904,9.961727279081106,9.590763920363802,9.66314697265625,16885900.0
2023-06-12,9.654097340261693,10.01601254417424,8.885026453355145,9.246942520141602,37952300.0
2023-06-13,9.246944672601497,9.590764627788149,9.10217855733851,9.482189178466797,19268000.0
2023-06-14,9.590762156757398,9.636000908965872,8.957409271352109,8.96645736694336,23224500.0
2023-06-15,8.91217252196615,9.174561312961522,8.85788479909252,9.12027359008789,18653400.0
2023-06-16,9.201703425425585,9.228846851538858,8.866931627115356,8.984554290771484,28301600.0
2023-06-19,9.201703425425585,9.228846851538858,8.866931627115356,8.984554290771484,28301600.0
2023-06-20,8.939314790303056,8.957410120326726,8.75835717569651,8.912171363830566,12228300.0
2023-06-21,8.885026709761696,8.984554040865266,8.758356816173785,8.903122901916504,10388900.0
2023-06-22,8.830741733728773,8.894076693968147,8.613592559015965,8.649784088134766,14764600.0
2023-06-23,8.595495842286141,8.640735466662461,8.432633539681019,8.45977783203125,17249800.0
2023-06-26,8.505016593533503,8.60454393973622,8.396442012754777,8.45977783203125,19298000.0
2023-06-27,8.468825037928786,8.640735437401835,8.369298554937169,8.586447715759277,18129100.0
2023-06-28,8.505017139049423,8.523113335110276,8.360251022059087,8.42358684539795,16996200.0
2023-06-29,8.541207382937795,8.649782817215243,8.378345957269607,8.441680908203125,22646900.0
2023-06-30,8.57739963424729,8.57739963424729,8.351202375586244,8.360250473022461,19134300.0
2023-07-03,8.405490884552064,8.794550482006432,8.405490884552064,8.658831596374512,13299700.0
2023-07-04,8.405490884552064,8.794550482006432,8.405490884552064,8.658831596374512,13299700.0
2023-07-05,8.523113841569003,8.704071498559754,8.423587345942634,8.613593101501465,14944600.0
2023-07-06,8.432632471700131,8.532159805297852,8.233579530252603,8.532159805297852,21222400.0
2023-07-07,8.48691995631904,8.821691744621337,8.48691995631904,8.676925659179688,18242800.0
2023-07-10,8.685974466243351,8.78550094241291,8.559303699676093,8.595495223999023,22333400.0
2023-07-11,8.713117086119357,8.984553924817957,8.595494427254167,8.975505828857422,25268100.0
2023-07-12,9.283135273108643,9.554572143520257,9.174560697518801,9.255990982055664,29566100.0
2023-07-13,9.301230311101248,9.6179067937457,9.246943456454426,9.599810600280762,18420700.0
2023-07-14,9.726481180138192,9.753624606943166,9.156464039989867,9.192655563354492,17614100.0
2023-07-17,9.20170525724993,9.310279846191406,9.129322197955613,9.310279846191406,11660100.0
2023-07-18,9.274086554091543,9.708384827323156,9.255990361269909,9.690289497375488,20911100.0
2023-07-19,9.744577401524813,10.396024823977795,9.726481208353018,10.323641777038574,36097100.0
2023-07-20,9.98887081751356,10.911756038674001,9.81696128215229,10.748893737792969,44003700.0
2023-07-21,10.893659688490633,10.947947408967531,10.305547174840115,10.3417387008667,24629000.0
2023-07-24,10.40507415679833,10.966043268663437,10.368882629028777,10.757942199707031,23567600.0
2023-07-25,10.893659480606482,11.119856729674618,10.41412155418676,10.51364803314209,25580900.0
2023-07-26,10.866514943661404,11.382244342799517,10.866514943661404,11.237478256225586,27931100.0
2023-07-27,11.346053059162461,11.798447520632854,11.011281261219246,11.09271240234375,26584100.0
2023-07-28,11.273671075287005,11.454628704329727,11.119856874882183,11.373197555541992,14857300.0
2023-07-31,11.436533101109617,11.472724626058184,10.99318584189714,11.13795280456543,17227000.0
2023-08-01,11.05652206642995,11.12890511900281,10.567936030126122,10.848420143127441,17426700.0
2023-08-02,10.712701897484832,10.785084948451024,10.531744270069352,10.766988754272461,11773800.0
2023-08-03,10.757942527792817,10.920803976285558,10.531745256616238,10.893660545349121,11808400.0
2023-08-04,10.803181010629332,10.920803692125498,10.72175071993884,10.785085678100586,9998100.0
2023-08-07,10.75794194592571,10.975091107420447,10.712702321562457,10.902708053588867,7183400.0
2023-08-08,10.513648479597745,10.83032498689022,10.260307791488202,10.803180694580078,12109300.0
2023-08-09,10.685557522651886,10.839370845175997,10.386976385269675,10.4141206741333,11161500.0
2023-08-10,10.504599835435913,10.549839457390867,10.233163829454236,10.45936107635498,13897400.0
2023-08-11,10.368881832445075,10.522696029367502,10.34173840442171,10.45936107635498,7772300.0
2023-08-14,10.377929505800875,10.42316912590922,9.916486933868919,9.97077465057373,13559200.0
2023-08-15,9.780770196482953,9.826008959545463,9.49123710821313,9.62695598602295,16008600.0
2023-08-16,9.608859781045117,9.699339032829313,9.409805944844344,9.52742862701416,12660200.0
2023-08-17,9.58171539036465,9.79886453743477,9.409805001778631,9.75362491607666,17761800.0
2023-08-18,9.599810551883214,9.889343605744571,9.554571794196933,9.798864364624023,14557400.0
2023-08-21,9.844105131019731,9.916488187191824,9.663147490589498,9.853153228759766,15531000.0
2023-08-22,9.780769943713919,9.826008705607304,9.427901905976642,9.44599723815918,13682300.0
2023-08-23,9.464091742676066,9.753623908871093,9.364565276265006,9.726480484008789,12845500.0
2023-08-24,9.708383651791298,10.043156275464113,9.636000615017137,9.835054397583008,11642300.0
2023-08-25,9.925533994618998,10.025060458171414,9.690288684905406,9.84410285949707,13586500.0
2023-08-28,9.940931304610285,10.17147238881378,9.931710329619921,10.051590919494629,10666100.0
2023-08-29,10.07925665281312,10.420457357656238,10.005483574979174,10.337462425231934,11632600.0
2023-08-30,10.29135372463882,10.346683971085497,10.180694111189894,10.263689041137695,10157600.0
2023-08-31,10.291354953904646,10.475787665016021,10.226803724876799,10.44812297821045,15466200.0
2023-09-01,10.531116822114553,10.76165790687285,10.531116822114553,10.6602201461792,11289900.0
2023-09-04,10.531116822114553,10.76165790687285,10.531116822114553,10.6602201461792,11289900.0
2023-09-05,10.623332164346552,10.863094191539648,10.568001924567021,10.577223777770996,13567200.0
2023-09-06,10.43890020520105,10.577225385959023,10.143807893361842,10.226802825927734,10235800.0
2023-09-07,10.162252275689982,10.282132875731833,9.959375858140394,10.042370796203613,15740300.0
2023-09-08,10.060812629708542,10.383570494744506,9.922488332947088,10.374348640441895,11447900.0
2023-09-11,10.475786726309469,10.577225367914489,10.319018716051218,10.337462425231934,10140700.0
2023-09-12,10.34668457600671,10.909204530454376,10.300576181179478,10.853875160217285,21647300.0
2023-09-13,11.0106416536104,11.029085362243839,10.420457048451302,10.540338516235352,16421900.0
2023-09-14,10.595668448083565,10.918426330818935,10.595668448083565,10.74321460723877,8730200.0
2023-09-15,10.678661698396175,10.918424608933925,10.678661698396175,10.807765007019043,22155200.0
2023-09-18,10.752435858053895,10.770879566634504,10.466565410609915,10.485008239746094,10858500.0
2023-09-19,10.512673547301551,10.58644662711497,10.254467767954583,10.355905532836914,10092800.0
2023-09-20,10.475785914882518,10.66944044905777,10.17147177252775,10.180693626403809,13590000.0
2023-09-21,10.134584934833509,10.199137030600264,9.793384266574016,9.885601043701172,15739000.0
2023-09-22,9.940931485503226,9.95015334010584,9.71961225170724,9.784163475036621,14498500.0
2023-09-25,9.728832562740074,9.857934988915535,9.65505949651286,9.802605628967285,10684900.0
2023-09-26,9.63661738280002,9.904045011930355,9.553622449717423,9.61817455291748,15002500.0
2023-09-27,9.627395368341986,9.645839077362865,9.406076136758136,9.498292922973633,15074400.0
2023-09-28,9.442963300920423,9.774943049733206,9.442963300920423,9.701169967651367,11242400.0
2023-09-29,9.848715137948298,10.153029290687652,9.821049575376051,9.92248821258545,15778600.0
2023-10-02,9.8026075314714,9.931710862147742,9.562844579977263,9.636617660522461,12846400.0
2023-10-03,9.535179600062047,9.572066139195103,9.230865432353212,9.286194801330566,15351800.0
2023-10-04,9.433740967815805,9.461406531778133,9.184757048266098,9.452184677124023,19224200.0
2023-10-05,9.32308120505308,9.54440131608138,9.304638375476651,9.498292922973633,10687600.0
2023-10-06,9.332302580792541,9.562843655059485,9.138648043230532,9.415297508239746,17831000.0
2023-10-09,9.249307653345337,9.47062775301935,9.221642970677737,9.415297508239746,12740700.0
2023-10-10,9.516735417223996,9.784163032492673,9.470627905185317,9.645838737487793,15199600.0
2023-10-11,9.701169643054616,9.904045172269294,9.627395683996712,9.738056182861328,12898300.0
2023-10-12,9.69194811253001,9.738056508692287,9.516736383002263,9.701169967651367,12101800.0
2023-10-13,9.885601669644378,9.894822644385462,9.544400979780509,9.645838737487793,17530700.0
2023-10-16,9.848714508739182,9.913265725061573,9.664280954484871,9.885601043701172,11493800.0
2023-10-17,9.793385164605247,10.319018555874079,9.765720480708058,10.217580795288086,21297100.0
2023-10-18,10.005483795884977,10.116143415079092,9.747277138320896,9.848715782165527,17760300.0
2023-10-19,10.051591331496143,10.44812229400166,9.691947788241817,9.738056182861328,28000900.0
2023-10-20,9.6273955760033,9.673503970105598,9.110984024502072,9.120205879211426,22668300.0
2023-10-23,9.055652930601182,9.387632633601234,8.991101712548678,9.129426002502441,17772900.0
2023-10-24,9.175534938913177,9.378411338449727,8.991102248172878,9.046432495117188,20404800.0
2023-10-25,8.935772001228568,9.092540008218933,8.760561164886393,9.046432495117188,16375800.0
2023-10-26,9.027988742598104,9.4982927612915,9.009545913335613,9.378411293029785,21638600.0
2023-10-27,9.387632017780462,9.387632017780462,9.027987656270902,9.147869110107422,14720500.0
2023-10-30,9.276974001776729,9.341525226620647,9.120205987631946,9.295416831970215,14878400.0
2023-10-31,9.304637130937426,9.461405118868639,9.175533823392799,9.424518585205078,9705500.0
2023-11-01,9.406075622336552,9.479848695496493,9.184756402856728,9.359967231750488,12487600.0
2023-11-02,9.452184903482777,10.162251898853373,9.452184903482777,10.134586334228516,18094400.0
2023-11-03,10.49423139926243,10.770880906268976,10.45734485695786,10.503453254699707,18203800.0
2023-11-06,10.780101910900148,10.780101910900148,10.30057685966683,10.392793655395508,9269800.0
2023-11-07,10.291354508058653,10.494230921214346,10.22680328182732,10.42045783996582,9590900.0
2023-11-08,10.438900318065238,10.466565882182625,10.291354160550382,10.402013778686523,8360800.0
2023-11-09,10.43890084536793,10.494231096953147,10.088478263846932,10.097700119018555,12746300.0
2023-11-10,10.134586660260528,10.226803453087715,9.977818640121015,10.097700119018555,17013300.0
2023-11-13,10.051592099692467,10.106922353353408,9.894824073671769,10.005484580993652,11517500.0
2023-11-14,10.494231148816235,11.102859522038917,10.475787438381841,10.992199897766113,25781100.0
2023-11-15,11.047528728108384,11.296513530088582,11.019864043258742,11.241183280944824,16515300.0
2023-11-16,11.195075962394636,11.250405333064508,10.96453486589969,11.139745712280273,10840900.0
2023-11-17,11.342621128423767,11.397950494239943,11.158188443295822,11.361063957214355,15314600.0
2023-11-20,11.351843806711777,11.370286636841358,11.167410228749109,11.296513557434082,10899400.0
2023-11-21,11.204295843736745,11.278068917055363,10.992198477806822,11.075193405151367,11975700.0
2023-11-22,11.185853296446012,11.21351797977514,10.992198754253259,11.093636512756348,7756900.0
2023-11-23,11.185853296446012,11.21351797977514,10.992198754253259,11.093636512756348,7756900.0
2023-11-24,11.102859497070312,11.204297265897802,10.992199873046363,11.102859497070312,4513900.0
2023-11-27,11.060642237091221,11.079405418483738,10.93868424207305,11.032498359680176,11591300.0
2023-11-28,11.023117208728845,11.21074455675038,10.919922390986445,11.19198226928711,11883600.0
2023-11-29,11.276415096864827,11.829915564451747,11.267033505546966,11.670432090759277,18370400.0
2023-11-30,11.726721399411954,11.876823290175974,11.623526573181152,11.623526573181152,21429500.0
2023-12-01,11.50156755750978,12.458467474793075,11.464042088100195,12.402179718017578,23254900.0
2023-12-04,12.242695122141177,12.67423842795699,12.195788066028609,12.60856819152832,21502800.0
2023-12-05,12.430323678842276,12.430323678842276,11.970636451856812,12.139500617980957,21383300.0
2023-12-06,12.214551855560016,12.589806533821482,12.158263206481934,12.158263206481934,10764200.0
2023-12-07,12.223932637731897,12.477230218353359,12.148881701550218,12.298983573913574,13727000.0
2023-12-08,12.270840780035348,12.524138383023097,12.242696900151536,12.439705848693848,13676900.0
2023-12-11,12.430324189163219,12.467849660362258,12.298984592627672,12.355273246765137,8685100.0
2023-12-12,12.308365148424077,12.364653797825198,12.148881685578248,12.21455192565918,10495800.0
2023-12-13,12.214552245214572,13.13392668362285,12.139500412490337,13.09640121459961,19030500.0
2023-12-14,13.621759263103625,13.959488498878915,13.471656485859036,13.856293678283691,30756800.0
2023-12-15,13.753097608204683,13.884437199401193,13.387224502556455,13.434130668640137,25883400.0
2023-12-18,13.546707903044917,13.565471086363821,13.227741838723936,13.237122535705566,14594700.0
2023-12-19,13.274646910466227,13.518562905384485,13.171452094775157,13.47165584564209,15358300.0
2023-12-20,13.509180477880873,13.640520058090209,13.19959515530244,13.208976745605469,18190300.0
2023-12-21,13.387223842016645,13.499800245482827,13.274646543872738,13.396604537963867,12421400.0
2023-12-22,13.481038684225851,13.612378284724777,13.321555203147808,13.405987739562988,7004200.0
2023-12-25,13.481038684225851,13.612378284724777,13.321555203147808,13.405987739562988,7004200.0
2023-12-26,13.44351204038675,13.612377098501703,13.321554042267923,13.5560884475708,7443600.0
2023-12-27,13.537326881120102,13.678047173922819,13.405987285073843,13.621759414672852,7038800.0
2023-12-28,13.518564941024447,13.668666839060418,13.509183348727728,13.640522956848145,7031700.0
2023-12-29,13.631139979752238,13.649903162439509,13.452894217612133,13.50918197631836,10085500.0
2024-01-01,13.631139979752238,13.649903162439509,13.452894217612133,13.50918197631836,10085500.0
2024-01-02,13.415367952249573,13.875055164724388,13.349697711411928,13.70619010925293,15425600.0
2024-01-03,13.471655756870023,13.556088284914413,13.208977476592386,13.302791595458984,16527000.0
2024-01-04,13.321554910497525,13.60299639413942,13.246503967483395,13.443512916564941,17921100.0
2024-01-05,13.452893483472778,13.98763163538963,13.377842546174897,13.734334945678711,22168300.0
2024-01-08,13.640521779772662,13.818767544639623,13.499801486176525,13.790623664855957,12765400.0
2024-01-09,13.734334578980176,13.771860046627209,13.58423181371432,13.687427520751953,15962900.0
2024-01-10,13.640521637253102,13.668665516742713,13.396605629202337,13.565470695495605,14356700.0
2024-01-11,13.462276164055615,13.527945515837663,13.096402144103171,13.499801635742188,16844600.0
2024-01-12,13.556089562221775,13.584233442662482,13.058876832606073,13.321555137634277,19335900.0
2024-01-15,13.556089562221775,13.584233442662482,13.058876832606073,13.321555137634277,19335900.0
2024-01-16,13.068257628732695,13.143308568457458,12.861867097150709,13.058876037597656,17038600.0
2024-01-17,12.824342205814633,13.171453041369825,12.749291262704203,12.98382568359375,25133800.0
2024-01-18,12.617951548237286,12.936918500845866,12.139501119324416,12.383417129516602,38124600.0
2024-01-19,12.411560849706975,13.133927279526262,12.317747620231321,13.077638626098633,26870000.0
2024-01-22,13.143309368606024,13.415369265340408,13.08702071304678,13.321555137634277,17508300.0
2024-01-23,13.359079799943137,13.593614210312973,13.30279204247393,13.518563270568848,19705600.0
2024-01-24,13.696810891772243,13.856294373672716,13.499801937346826,13.546708106994629,20178500.0
2024-01-25,13.743717788078403,13.828150329393107,13.40598851749747,13.640522956848145,13716900.0
2024-01-26,13.734335902326896,13.856293907600225,13.6217594885387,13.762479782104492,17847600.0
2024-01-29,13.734335392703679,13.96886980306262,13.668665149422289,13.950106620788574,10141300.0
2024-01-30,13.93134411359315,14.08144599070838,13.846911584046392,14.072064399719238,13187400.0
2024-01-31,13.62175905873768,14.062683108493054,13.602995876359437,13.631139755249023,33638800.0
2024-02-01,13.649902708305962,13.734335238234015,12.70238348638989,13.293410301208496,42359000.0
2024-02-02,13.04011314198291,13.56547062628274,12.955681503944858,13.481038093566895,17466700.0
2024-02-05,13.32155359122667,13.490418643624189,13.20897718785423,13.340316772460938,17498000.0
2024-02-06,13.302792644771971,13.565470945769448,12.908774745936848,13.04011344909668,24927300.0
2024-02-07,13.10578369535441,13.152690758487699,12.599189381806083,13.04011344909668,19449800.0
2024-02-08,12.927536084172575,13.10578273204187,12.730527149235733,13.011968612670898,11566200.0
2024-02-09,13.06825858111766,13.105784053714814,12.796198681118844,13.030733108520508,13300100.0
2024-02-12,13.040112999110374,13.481037945863411,13.040112999110374,13.255885124206543,18782400.0
2024-02-13,12.85248521409352,12.899392274025526,12.430323464060963,12.693001747131348,22765500.0
2024-02-14,12.861867974184705,13.058876928065436,12.674240612078732,13.002588272094727,16183900.0
2024-02-15,13.133927776899846,13.443513145781115,13.077639121340601,13.321555137634277,13806000.0
2024-02-16,13.14330959684474,13.312173777099206,13.040113875640396,13.199597358703613,15551700.0
2024-02-19,13.14330959684474,13.312173777099206,13.040113875640396,13.199597358703613,15551700.0
2024-02-20,12.993207770346988,13.452895038087348,12.993207770346988,13.312173843383789,22490900.0
2024-02-21,13.227741024536257,13.471656129923915,13.07763825125754,13.377842903137207,18957300.0
2024-02-22,13.434131683350863,13.76248023880417,13.3403184494198,13.462276458740234,15507400.0
2024-02-23,13.44351225135568,13.527944781738155,13.330935842404967,13.377842903137207,10685600.0
2024-02-26,13.277900462742435,13.496819726745194,13.011390883185546,13.020909309387207,18307000.0
2024-02-27,13.163682985128695,13.496820663491528,13.14464703913127,13.458747863769531,12903300.0
2024-02-28,13.306455477612946,13.506337898886095,13.230309879768615,13.249346733093262,10548200.0
2024-02-29,13.47778336869586,13.772848237680465,13.401637771743792,13.582484245300293,15456700.0
2024-03-01,13.506339073181152,13.5729671578832,13.18272070806964,13.506339073181152,13605200.0
2024-03-04,13.782365767642867,14.07743063686594,13.677665798680934,13.877548217773438,18566200.0
2024-03-05,13.772848797988049,14.448641679225632,13.772848797988049,14.296350479125977,19880600.0
2024-03-06,14.22020433456562,14.477196422093321,13.915621926586578,14.26779556274414,17852700.0
2024-03-07,14.439122303657966,14.553340696228723,14.163094294680198,14.248758316040039,16711400.0
2024-03-08,14.46767668956422,14.505749487126478,14.19164868030608,14.201167106628418,15490100.0
2024-03-11,14.153575882743823,14.267794275430594,14.029839063734713,14.201167106628418,14485400.0
2024-03-12,14.220203890382841,14.305867916882937,14.029839891342156,14.096467971801758,12584200.0
2024-03-13,14.134540133800204,14.362976922341,14.125021707345894,14.210685729980469,11962500.0
2024-03-14,14.039358707595387,14.220204284767846,13.620557898090803,13.725257873535156,14072100.0
2024-03-15,13.534893998507757,13.991767613240704,13.534893998507757,13.782366752624512,31490400.0
2024-03-18,13.78236696838872,13.810922250551952,13.553930157446047,13.744294166564941,8196400.0
2024-03-19,13.658630079188125,13.820439702449956,13.611038853335739,13.791884422302246,9561900.0
2024-03-20,13.687185102658946,14.3915323740507,13.649112301711478,14.315386772155762,9810900.0
2024-03-21,14.429604419535812,14.753223664509786,14.420085992865488,14.61996841430664,12163300.0
2024-03-22,14.696114580095415,14.79129703502239,14.296350629492744,14.305868148803711,8422500.0
2024-03-25,14.382013845358886,14.58189627585391,14.343941044680175,14.458159446716309,7131100.0
2024-03-26,14.562859861925228,14.581895807789964,14.26779498534112,14.334423065185547,9889700.0
2024-03-27,14.448641722291473,14.895996896985814,14.429604868358696,14.886479377746582,11001800.0
2024-03-28,14.88647872491297,15.095878662627506,14.88647872491297,15.048288345336914,10561000.0
2024-03-29,14.88647872491297,15.095878662627506,14.88647872491297,15.048288345336914,10561000.0
2024-04-01,15.048289059442572,15.086361859718034,14.743705749511719,14.743705749511719,8025000.0
2024-04-02,14.59141412075523,14.724669371677395,14.42960449739515,14.524786949157715,9397800.0
2024-04-03,14.515268128917246,14.715150546017979,14.458158477862561,14.505749702453613,7952200.0
2024-04-04,14.78177858939371,14.867442617174818,14.286832184486542,14.353459358215332,10365600.0
2024-04-05,14.26779498534112,14.477195836216062,14.182130959631955,14.334423065185547,11254000.0
2024-04-08,14.477196358471756,14.762742818560833,14.410569183950935,14.705633163452148,8256100.0
2024-04-09,14.753223010878212,14.800814234394204,14.515267801025338,14.781777381896973,9565300.0
2024-04-10,14.448641177343514,14.448641177343514,13.972730739699548,14.125021934509277,15203200.0
2024-04-11,14.201167211878392,14.201167211878392,13.639592762877745,14.01080322265625,13274900.0
2024-04-12,13.772847843492224,13.91562060675932,13.677665396162766,13.906102180480957,12745200.0
2024-04-15,14.11550353085635,14.324904377923815,13.611038720296985,13.73477554321289,15557000.0
2024-04-16,13.592001779805052,13.658629858010318,13.382601841808835,13.534893035888672,13134300.0
2024-04-17,13.658629945684199,13.810921140741582,13.48730189738108,13.73477554321289,16756900.0
2024-04-18,13.611039684552463,14.096468583982762,13.420675677244656,13.687185287475586,32085000.0
2024-04-19,13.649111411389239,14.086949047588863,13.630074558293677,13.925139427185059,16943100.0
2024-04-22,13.982248368493913,14.058394874224486,13.763330001165796,13.93465805053711,26489200.0
2024-04-23,13.858512031278536,14.115503189796653,13.65862961566351,14.01080322265625,23058300.0
2024-04-24,13.839475267806343,14.229721675161981,13.82043932262483,14.210685729980469,15084100.0
2024-04-25,14.201167041020605,14.21068546729897,13.744292564657131,13.906102180480957,16788200.0
2024-04-26,13.925140706798027,14.163095945996092,13.915622279375576,13.991767883300781,11793100.0
2024-04-29,14.039358700294013,14.16309552996963,13.934658724904113,14.0203218460083,12753300.0
2024-04-30,13.848994074870534,14.058394923984752,13.77284847659757,13.791884422302246,10863500.0
2024-05-01,13.887067153272168,14.353459179004874,13.887067153272168,14.001285552978516,10679600.0
2024-05-02,14.220204024250789,14.24875930517107,13.953694423084928,14.153576850891113,16315800.0
2024-05-03,14.382012867522512,14.515268114701533,14.182130450617539,14.210685729980469,9274400.0
2024-05-06,14.315386539952868,14.458159314258234,14.15357691161897,14.401050567626953,11101300.0
2024-05-07,14.486713743065708,14.524786541155843,14.163094505436026,14.210685729980469,10462000.0
2024-05-08,14.096468052063392,14.30586799833684,14.00128559813753,14.296350479125977,10522300.0
2024-05-09,14.191649729679273,14.382013731566646,14.172613783354118,14.353459358215332,5788400.0
2024-05-10,14.43912338599644,14.458159332321596,14.258276903408063,14.353459358215332,9768900.0
2024-05-13,14.420085681020055,14.49623127728168,14.125021722438035,14.163094520568848,8554400.0
2024-05-14,14.277313349806043,14.439122973722014,14.172613378689233,14.382013320922852,11454500.0
2024-05-15,14.562859754132724,14.857923720805664,14.562859754132724,14.81985092163086,13543400.0
2024-05-16,14.753224078628053,14.819851251736264,14.581896024661617,14.591414451599121,6786000.0
2024-05-17,14.715150651831559,14.734186597168598,14.5914138300959,14.658041000366211,6225400.0
2024-05-20,14.677077548545874,14.72466877249054,14.467676707825602,14.496231079101562,5854900.0
2024-05-21,14.4867152307849,14.610452064216814,14.439124001353056,14.581896781921387,5841900.0
2024-05-22,14.51526900500676,14.543823378393986,14.220204120914866,14.305868148803711,7185600.0
2024-05-23,14.353459317640986,14.36297774464024,13.734776086324128,13.763330459594727,12959500.0
2024-05-24,13.855053534998634,13.999879506407664,13.855053534998634,13.980568885803223,7252900.0
2024-05-27,13.855053534998634,13.999879506407664,13.855053534998634,13.980568885803223,7252900.0
2024-05-28,13.999880202641348,14.067465536555867,13.652297301505248,13.70057201385498,9990100.0
2024-05-29,13.410920127745678,13.546090796291478,13.188852582478672,13.439885139465332,13507700.0
2024-05-30,13.594365124845615,13.71022608138463,13.420573229646575,13.507469177246094,15365600.0
2024-05-31,13.57505569867659,13.9322938853811,13.57505569867659,13.87436294555664,22190500.0
2024-06-03,13.961259254360373,13.99022426462783,13.459194165558683,13.632986068725586,12323300.0
2024-06-04,13.43022855711706,13.632985461520754,13.227471652713364,13.391608238220215,12782600.0
2024-06-05,13.459194838209434,13.517125782420644,13.285403847138046,13.381954193115234,7736100.0
2024-06-06,13.410919816587446,13.517125470949424,13.33367917327308,13.449540138244629,8018300.0
2024-06-07,13.314368552053939,13.546090481997037,13.314368552053939,13.449540138244629,11586400.0
2024-06-10,13.275747950646693,13.314368271490057,13.0440260255865,13.198507308959961,13357300.0
2024-06-11,13.053681697300263,13.092302019212585,12.821958845045227,12.957130432128906,16128100.0
2024-06-12,13.352988563929316,13.63298611964338,13.159886960123249,13.256437301635742,16430300.0
2024-06-13,13.188852012673886,13.256437344026862,13.015060108302139,13.16954231262207,12395100.0
2024-06-14,12.908854796449852,13.044026383501139,12.657822243689361,12.899199485778809,14013200.0
2024-06-17,12.889545397457539,13.111612023400452,12.68678847252738,13.092302322387695,14812500.0
2024-06-18,13.072991045400904,13.237127639298212,12.99575040365877,13.111611366271973,13803900.0
2024-06-19,13.072991045400904,13.237127639298212,12.99575040365877,13.111611366271973,13803900.0
2024-06-20,13.0633357396033,13.227472333558598,12.937819466532714,13.16954231262207,10498600.0
2024-06-21,13.159887328691745,13.169542639347734,12.976440109352374,13.130922317504883,17941700.0
2024-06-24,13.16954288159261,13.536436406239009,13.053681913932872,13.439885139465332,14916800.0
2024-06-25,13.37229887788361,13.478504527344873,13.15988665818003,13.17919635772705,14661700.0
2024-06-26,12.966786025877465,13.101956695130921,12.947475404109186,13.063336372375488,14474800.0
2024-06-27,13.034370401646035,13.198506991477394,12.937819141469566,13.15023136138916,8645700.0
2024-06-28,13.295059409047008,13.748847977349937,13.227473152727377,13.71988296508789,21144200.0
2024-07-01,13.710226389944586,13.999879248201516,13.690916690477351,13.729537010192871,12091100.0
2024-07-02,13.700571991094167,13.951604546332645,13.671606979576223,13.932294845581055,10372300.0
2024-07-03,13.93229424018826,13.980568950360137,13.768157647416867,13.777812957763672,5940000.0
2024-07-04,13.93229424018826,13.980568950360137,13.768157647416867,13.777812957763672,5940000.0
2024-07-05,13.758502040828883,13.826087370239158,13.449539482632137,13.468849182128906,17588100.0
2024-07-08,13.343333212470087,13.642641388033965,13.343333212470087,13.546090126037598,12118700.0
2024-07-09,13.497814773581831,13.884018908755975,13.449540062368522,13.797122955322266,8558400.0
2024-07-10,13.874362913076396,14.202636089490706,13.777812574636396,14.164015769958496,10274100.0
2024-07-11,14.424703266565444,14.695046434753968,14.347462624449035,14.608150482177734,14400300.0
2024-07-12,14.598494523693173,14.820562050506126,14.463322945599154,14.68539047241211,14484600.0
2024-07-15,14.955732987822675,15.090904568447396,14.830216717409947,14.965388298034668,15322700.0
2024-07-16,15.00400823311764,15.457797672845981,14.917112285001464,15.43848705291748,16979700.0
2024-07-17,15.351590744124918,15.901930508222748,15.312970425956317,15.650897979736328,24453100.0
2024-07-18,15.303316795174341,15.573658114967095,14.965388303871274,15.023319244384766,30745700.0
2024-07-19,15.013663920675393,15.245385840958974,14.859182640486338,15.052284240722656,20292900.0
2024-07-22,14.965388275454515,15.235730515514998,14.7047004248104,15.226076126098633,18715800.0
2024-07-23,15.19711015539221,15.467453315520157,15.158489835485511,15.312971115112305,16692700.0
2024-07-24,15.380556744589725,15.573657415546284,15.206764851635395,15.24538516998291,13944700.0
2024-07-25,15.28400698754827,15.71848676255249,15.197111032547426,15.57365894317627,11788400.0
2024-07-26,15.689519822637426,15.901931120350774,15.573657942890623,15.8922758102417,14594300.0
2024-07-29,15.911585817960152,15.940551747172364,15.58331265313653,15.650897979736328,16565300.0
2024-07-30,15.728140166763199,15.921240833254034,15.602622984060257,15.689518928527832,12466800.0
2024-07-31,15.689520830364803,15.911587452450418,15.515728920363115,15.57365894317627,13059100.0
2024-08-01,15.535039097902274,15.583313808606734,14.617805782801286,14.695046424865723,15198500.0
2024-08-02,14.279877073816692,14.318497394282671,13.77781290775896,13.951603889465332,19973500.0
2024-08-05,13.391608834674253,13.748847030576497,13.15988691097243,13.632986068725586,19477500.0
2024-08-06,13.652296048895037,14.038499236945109,13.555744791492003,13.768157005310059,13158100.0
2024-08-07,14.02884459040316,14.221946193559015,13.67160639436956,13.690917015075684,13258900.0
2024-08-08,13.932295127591342,14.077121108893664,13.855054481459286,14.038500785827637,12561900.0
2024-08-09,14.038499494654209,14.135050753829663,13.932293846186045,14.106084823608398,15511000.0
2024-08-12,16.452273179393117,16.500547889644558,15.206765766034726,15.390212059020996,45932600.0
2024-08-13,15.535039318784378,15.535039318784378,14.994353895864606,15.148835182189941,25942500.0
2024-08-14,15.235729888697758,15.312970525537262,15.061938916199388,15.10055923461914,14836200.0
2024-08-15,15.351592985920076,15.872968738504293,15.351592985920076,15.641246795654297,16595000.0
2024-08-16,15.631590137170074,15.940552701006261,15.612279516539777,15.824690818786621,12611100.0
2024-08-19,15.824691442437457,16.14330932914552,15.824691442437457,16.124000549316406,13903300.0
2024-08-20,16.056412715951524,16.162619287685942,15.901931434280812,16.085378646850586,13982200.0
2024-08-21,16.181930290674135,16.181930290674135,15.78607176684329,15.872967720031738,10389000.0
2024-08-22,15.91158678919725,16.085378691954656,15.786071438073648,15.853656768798828,12092200.0
2024-08-23,15.998482938559686,16.606754605738065,15.901931675659386,16.481237411499023,22895300.0
2024-08-26,16.597097418620937,16.597097418620937,16.26882426681579,16.365375518798828,10485700.0
2024-08-27,16.223663372352007,16.458222131784872,16.223663372352007,16.292076110839844,11204800.0
2024-08-28,16.26275750484647,16.51686332387314,16.23343882149063,16.360490798950195,8405300.0
2024-08-29,16.458222258305998,16.614594765796674,16.213889982338397,16.497314453125,12771300.0
2024-08-30,16.50708890789136,16.692781970151515,16.428902649693523,16.673234939575195,12129000.0
2024-09-02,16.50708890789136,16.692781970151515,16.428902649693523,16.673234939575195,12129000.0
2024-09-03,16.43867540663528,16.61459494549178,16.26275586777878,16.35071563720703,15732800.0
2024-09-04,16.301849453160305,16.321396482266564,15.930463356570579,16.086835861206055,17490000.0
2024-09-05,16.272530021730734,16.272530021730734,15.774091930096603,15.871825218200684,14781600.0
2024-09-06,15.871825280875239,15.989105599884736,15.334294058287618,15.344067573547363,12443300.0
2024-09-09,15.451574023975166,16.27252971389333,15.392933865811306,15.813185691833496,21596200.0
2024-09-10,15.822959554732153,15.822959554732153,15.314747946318162,15.519987106323242,13781600.0
2024-09-11,15.39293409403636,15.637266381243286,15.05086851912518,15.559080123901367,11046600.0
2024-09-12,15.61771839213598,15.842503635181393,15.50043901332268,15.73499870300293,11579500.0
2024-09-13,15.87182540410219,16.116157695170465,15.490667626550065,15.725226402282715,13185800.0
2024-09-16,15.705678414794836,16.02819694479228,15.705678414794836,15.901144981384277,6398300.0
2024-09-17,16.04774456857704,16.301850368910813,16.00865050816843,16.19434356689453,8332500.0
2024-09-18,16.194343046107893,16.58527431708522,16.01842350814126,16.213890075683594,10038800.0
2024-09-19,16.595048871985547,16.995753682865328,16.487543930795884,16.946887969970703,14988200.0
2024-09-20,16.829605881465774,16.937112675470217,16.55595493542866,16.731874465942383,20004500.0
2024-09-23,16.741646686549906,16.849153484216806,16.399582992350364,16.42890167236328,10526100.0
2024-09-24,16.428901018583936,16.624367576725753,16.14547655979628,16.243209838867188,9852900.0
2024-09-25,16.25298210087058,16.292076159613416,15.979331146099998,16.008649826049805,10596200.0
2024-09-26,16.184568665021548,16.33116765077774,16.047743193530067,16.174795150756836,9291000.0
2024-09-27,16.262757174581726,16.380037497945967,16.06729245445132,16.23343849182129,5057200.0
2024-09-30,16.213889641789788,16.428901369046635,16.096609331581416,16.370262145996094,6175700.0
2024-10-01,16.213890794511254,16.262756506509582,15.686132157213672,15.871825218200684,9444600.0
2024-10-02,15.862050576722854,16.135703391162565,15.774090810085351,15.842503547668457,6980600.0
2024-10-03,15.75454713865759,16.008651084024475,15.588400172105528,15.998879432678223,8057200.0
2024-10-04,16.272529983062704,16.604822043362507,16.23343778637842,16.39958381652832,9477500.0
2024-10-07,16.311624303413662,16.48754385156081,16.174796952572848,16.38981056213379,6204900.0
2024-10-08,16.45822243630986,16.516861661226244,16.321396956802513,16.35071563720703,7104400.0
2024-10-09,16.35071576142492,16.624368586625923,16.272529506239966,16.4875431060791,7331900.0
2024-10-10,16.360488157224133,16.526634171140625,16.243209714522628,16.458221435546875,7297700.0
2024-10-11,16.595048241511364,17.07393929329313,16.54618253047323,16.829607009887695,10220300.0
2024-10-14,16.643916740721476,17.044621558624794,16.526636417968255,17.00552749633789,11829800.0
2024-10-15,17.083711364337034,17.53328369713918,17.06416433593102,17.09348487854004,11298800.0
2024-10-16,17.318270292675518,17.474642793332528,17.161897792018507,17.298725128173828,11862200.0
2024-10-17,16.81006106429951,17.122806074296417,16.516861219346932,16.85892677307129,16550800.0
2024-10-18,16.770968162830524,17.08371319440008,16.770968162830524,16.956661224365234,10728800.0
2024-10-21,16.96643401085141,17.132580034749648,16.673234158268272,16.70255470275879,7560400.0
2024-10-22,16.673233940295944,16.839379962022125,16.614594716188858,16.78074073791504,8539000.0
2024-10-23,16.702554963346913,16.898021534785283,16.565729481804485,16.692781448364258,5979100.0
2024-10-24,16.78074103912259,16.88824783867139,16.634142044169817,16.839380264282227,8355600.0
2024-10-25,17.04461969026549,17.054393204765883,16.60482085828416,16.653688430786133,7423200.0
2024-10-28,16.839381273844815,17.230312571858622,16.751421498778274,17.15212631225586,10705100.0
2024-10-29,17.103259393390676,17.181445647481883,16.95666039998308,16.985979080200195,10252600.0
2024-10-30,16.9859780864142,17.406229876607327,16.9859780864142,17.09348487854004,11124000.0
2024-10-31,17.1130325597206,17.19121881221983,16.85892677307129,16.85892677307129,9138900.0
2024-11-01,16.946888158474717,17.142354740442347,16.761195092016216,16.800289154052734,7053200.0
2024-11-04,16.82960609947138,16.878473671973353,16.634141401785342,16.653688430786133,8130000.0
2024-11-05,16.75141971847225,16.917565735483898,16.6927804960291,16.86870002746582,5585100.0
2024-11-06,18.070814880866028,19.54658204927951,18.070814880866028,19.517261505126953,27055800.0
2024-11-07,19.11655727121171,19.292476812964246,18.58880051006149,18.72562599182129,13881200.0
2024-11-08,18.618120419361965,18.842907550936747,18.37378812060862,18.539934158325195,15226300.0
2024-11-11,18.90154504999798,19.048144043005387,18.754946056990576,18.81358528137207,6623000.0
2024-11-12,18.68653327635909,18.921092037471464,18.608347022654964,18.74517250061035,8403700.0
2024-11-13,18.823360291280125,19.097013133642537,18.60834854206447,18.618120193481445,7670000.0
2024-11-14,18.657211868421065,18.87222359012634,18.510612882526228,18.706077575683594,4836100.0
2024-11-15,18.774491702704825,18.911319048572008,18.520387769181585,18.72562599182129,7947200.0
2024-11-18,18.706079001520084,18.842906347677623,18.657213290532855,18.794038772583008,7320300.0
2024-11-19,18.47152063331094,18.764720497904484,18.412881406035204,18.56925392150879,8823000.0
2024-11-20,18.686533715752933,18.72562591147054,18.422654404256424,18.58880043029785,5298800.0
2024-11-21,18.666987064548977,19.018824289574887,18.618119488776344,18.784265518188477,6311800.0
2024-11-22,18.745172788256976,19.18496977305116,18.745172788256976,19.155651092529297,7997000.0
2024-11-25,19.331570754107535,19.585676550175926,19.321797239169438,19.360889434814453,8796100.0
2024-11-26,19.28270335999646,19.390210161214934,19.15565139282613,19.214290618896484,8209900.0
2024-11-27,19.243611083971043,19.321797339775546,18.99927880156854,19.077465057373047,5960300.0
2024-11-28,19.243611083971043,19.321797339775546,18.99927880156854,19.077465057373047,5960300.0
2024-11-29,19.1263298992435,19.165423957423283,18.87222411339681,19.03837013244629,5524800.0
2024-12-02,19.106783182205596,19.136103726319295,18.59857346631943,18.676759719848633,10047300.0
2024-12-03,18.701456875035277,18.72121586564903,18.38532056249949,18.582904815673828,8780800.0
2024-12-04,18.543389133267336,18.67181880648539,18.375441477938438,18.523630142211914,8998200.0
2024-12-05,18.622423410708148,18.760732580921047,18.45447575359772,18.49399185180664,7767500.0
2024-12-06,18.503872242607862,18.661940411732704,18.276649485031054,18.642183303833008,7001300.0
2024-12-09,18.592784254540852,18.691577322988657,18.296406933518494,18.316165924072266,7997800.0
2024-12-10,18.385320743320506,18.60266398924618,17.920993880935956,18.187734603881836,12965900.0
2024-12-11,18.40507789043961,18.45447536756887,18.009907495010946,18.08894157409668,8812700.0
2024-12-12,18.158097242205844,18.21737421830113,17.81232430325597,17.841960906982422,7759000.0
2024-12-13,17.980272119058775,18.049426707434037,17.841961057987042,17.911115646362305,9028800.0
2024-12-16,17.901238207851087,18.118581471180043,17.802445130221116,17.98027229309082,10794500.0
2024-12-17,17.82220238350516,17.980270538560195,17.48630708293295,17.585098266601562,10380700.0
2024-12-18,17.70365030000364,17.753045891768057,16.68608490449574,16.755239486694336,14327500.0
2024-12-19,17.05161973989553,17.278842490912723,16.567535750385407,16.607051849365234,12267700.0
2024-12-20,16.557656877028663,17.051620380934096,16.468743295579987,16.8836727142334,29210300.0
2024-12-23,16.666329187267298,17.041740615196385,16.666329187267298,17.012102127075195,11099300.0
2024-12-24,17.00222162874608,17.17016928288984,16.94294654031919,17.16029167175293,4280200.0
2024-12-25,17.00222162874608,17.17016928288984,16.94294654031919,17.16029167175293,4280200.0
2024-12-26,17.071379207773337,17.19980888844193,16.933068146682686,17.180049896240234,5442800.0
2024-12-27,17.06149848600467,17.27884173164612,16.92318743485004,16.99234390258789,6597100.0
2024-12-30,16.82439685705912,16.9627060288866,16.686085800910497,16.903430938720703,5863800.0
2024-12-31,16.97258530425559,17.15041245676545,16.863912736761534,16.933067321777344,6068100.0
2025-01-01,16.97258530425559,17.15041245676545,16.863912736761534,16.933067321777344,6068100.0
2025-01-02,17.120774437371455,17.189929024275457,16.65644943650089,16.774999618530273,9111400.0
2025-01-03,16.854034131196403,17.10101588176508,16.57741577652507,17.08125877380371,7007100.0
2025-01-06,17.239326300733136,17.476428546321255,17.101015244232542,17.170169830322266,9836000.0
2025-01-07,17.328240572642137,17.42703176568783,16.90343165898927,16.982465744018555,10890100.0
2025-01-08,16.86391295572934,16.93306754164308,16.59717222350108,16.903430938720703,9867400.0
2025-01-09,16.86391295572934,16.93306754164308,16.59717222350108,16.903430938720703,9867400.0
2025-01-10,16.695966048322795,16.745363529285907,16.38970920363641,16.518138885498047,16167100.0
2025-01-13,16.39958855990964,16.814517974853516,16.35019107936798,16.814517974853516,14128100.0
2025-01-14,16.903430939036216,17.30848084309952,16.903430939036216,17.268962860107422,12195400.0
2025-01-15,17.85183922171772,18.079061962083767,17.753046152417372,17.92099380493164,17501900.0
2025-01-16,17.703650702135725,17.84195986967456,17.456668969061464,17.624616622924805,16416300.0
2025-01-17,17.683892990877798,18.14821988862208,17.62461789826067,18.079063415527344,17480500.0
2025-01-20,17.683892990877798,18.14821988862208,17.62461789826067,18.079063415527344,17480500.0
2025-01-21,17.22944630657371,17.664132802084087,17.08125764290785,17.427030563354492,27286300.0
2025-01-22,17.288721163478307,17.36775524199565,17.02198044186187,17.091135025024414,17231400.0
2025-01-23,17.13065312235021,17.29860077587604,17.031860052454824,17.259082794189453,12095300.0
2025-01-24,17.18004919737135,17.74316726196403,17.18004919737135,17.466548919677734,11064900.0
2025-01-27,17.52582477993507,17.654256345345875,17.249204541168215,17.44679069519043,14825200.0
2025-01-28,17.41715163765166,17.575221686296917,17.130653796434657,17.43691062927246,13398300.0
2025-01-29,17.427030367631026,17.74316668238662,17.328239182510707,17.456668853759766,9128300.0
2025-01-30,17.61473836980273,17.95063370121919,17.555463277294297,17.81232452392578,16170300.0
2025-01-31,17.841960182280232,17.940753254105086,17.68389202108891,17.76292610168457,14670000.0
2025-02-03,17.229446192245593,17.53570301303231,17.081257529563057,17.259082794189453,11463600.0
2025-02-04,17.357876417911612,17.743167330043654,17.29860132781156,17.73328971862793,12009700.0
2025-02-05,17.832080951101386,17.84196044686249,17.525824119791793,17.634496688842773,11389600.0
2025-02-06,17.88147838603863,17.88147838603863,17.555462564006636,17.73328971862793,13387700.0
2025-02-07,17.772805285905143,17.772805285905143,17.40727337617505,17.624616622924805,13056300.0
2025-02-10,17.703651049966982,17.703651049966982,17.298601150512695,17.298601150512695,8149400.0
2025-02-11,17.209688487805938,17.427031750365067,17.091136418205636,17.347997665405273,9666100.0
2025-02-12,17.12077339457867,17.436909706496678,16.972584733907237,17.387514114379883,13884400.0
2025-02-13,17.466549006425634,17.48630799792168,17.101015201033285,17.268962860107422,10490200.0
2025-02-14,17.338117707049737,17.634496930989073,17.31836059957738,17.506065368652344,8283900.0
2025-02-17,17.338117707049737,17.634496930989073,17.31836059957738,17.506065368652344,8283900.0
2025-02-18,17.545583609330393,17.762926869280314,17.417152045111784,17.743167877197266,8580000.0
2025-02-19,17.496186300464654,17.84196112801939,17.476429192509322,17.81232452392578,7650400.0
2025-02-20,17.861719370133347,17.861719370133347,17.170169744067817,17.367755889892578,10336100.0
2025-02-21,17.486307286391742,17.486307286391742,16.725603103637695,16.725603103637695,14269100.0
2025-02-24,16.854033235985774,16.89355121845193,16.4292243460802,16.567535400390625,12384500.0
2025-02-25,16.705844613044572,16.774999198215838,16.369949298508896,16.46874237060547,12610600.0
2025-02-26,16.567534791298918,16.96270517982676,16.547775800792262,16.656448364257812,9897300.0
2025-02-27,16.71572452751558,17.229447007832697,16.69596553573696,16.774999618530273,11399300.0
2025-02-28,16.87379290549596,17.130654148887682,16.79475882170783,17.11089515686035,9814700.0
2025-03-03,17.140533429150075,17.397394669308635,16.587294849596887,16.774999618530273,12074300.0
2025-03-04,16.469999313354492,16.690000534057617,15.619999885559082,16.239999771118164,21059200.0
2025-03-05,16.239999771118164,16.389999389648438,15.829999923706055,16.260000228881836,16463700.0
2025-03-06,16.0,16.219999313354492,15.729999542236328,15.930000305175781,13562100.0
2025-03-07,15.829999923706055,15.869999885559082,15.229999542236328,15.729999542236328,18700000.0
2025-03-10,15.479999542236328,15.520000457763672,14.880000114440918,15.15999984741211,22089700.0
2025-03-11,15.1899995803833,15.350000381469727,14.869999885559082,15.15999984741211,15437100.0
2025-03-12,15.319999694824219,15.630000114440918,15.220000267028809,15.479999542236328,14918000.0
2025-03-13,15.529999732971191,15.609999656677246,15.130000114440918,15.149999618530273,11744300.0
2025-03-14,15.430000305175781,15.710000038146973,15.390000343322754,15.680000305175781,18651700.0
2025-03-17,15.680000305175781,15.880000114440918,15.539999961853027,15.800000190734863,11350900.0
2025-03-18,15.850000381469727,15.899999618530273,15.670000076293945,15.850000381469727,10329200.0
2025-03-19,15.869999885559082,16.239999771118164,15.760000228881836,16.049999237060547,9796700.0
2025-03-20,15.84000015258789,16.309999465942383,15.84000015258789,16.09000015258789,15328600.0
2025-03-21,16.0,16.270000457763672,15.869999885559082,16.149999618530273,57103900.0
2025-03-24,16.350000381469727,16.65999984741211,16.299999237060547,16.56999969482422,12006300.0
2025-03-25,16.579999923706055,16.75,16.43000030517578,16.56999969482422,14952800.0
2025-03-26,16.65999984741211,16.860000610351562,16.280000686645508,16.399999618530273,12792700.0
2025-03-27,16.34000015258789,16.459999084472656,16.100000381469727,16.170000076293945,13081200.0
2025-03-28,16.100000381469727,16.280000686645508,15.640000343322754,15.800000190734863,10180600.0
2025-03-31,15.550000190734863,16.059999465942383,15.390000343322754,15.989999771118164,14386800.0
2025-04-01,15.8100004196167,15.930000305175781,15.600000381469727,15.800000190734863,11185100.0
2025-04-02,15.529999732971191,16.100000381469727,15.529999732971191,16.06999969482422,12591700.0
2025-04-03,15.180000305175781,15.239999771118164,14.069999694824219,14.119999885559082,20374000.0
2025-04-04,13.600000381469727,13.65999984741211,12.729999542236328,13.470000267028809,23358000.0
2025-04-07,13.149999618530273,14.050000190734863,12.779999732971191,13.510000228881836,36888500.0
2025-04-08,14.020000457763672,14.319999694824219,12.989999771118164,13.229999542236328,35694000.0
2025-04-09,12.970000267028809,14.789999961853027,12.800000190734863,14.520000457763672,28765700.0
2025-04-10,14.079999923706055,14.130000114440918,13.270000457763672,13.739999771118164,19867700.0
2025-04-11,13.5600004196167,13.789999961853027,13.210000038146973,13.729999542236328,15718600.0
2025-04-14,14.039999961853027,14.210000038146973,13.829999923706055,14.0600004196167,18741900.0
2025-04-15,14.140000343322754,14.600000381469727,14.119999885559082,14.25,15071700.0
2025-04-16,14.119999885559082,14.470000267028809,13.890000343322754,14.069999694824219,16943400.0
2025-04-17,14.5,14.729999542236328,14.220000267028809,14.270000457763672,19001500.0
2025-04-18,14.5,14.729999542236328,14.220000267028809,14.270000457763672,19001500.0
2025-04-21,14.050000190734863,14.210000038146973,13.680000305175781,13.789999961853027,13122100.0
2025-04-22,14.0,14.199999809265137,13.899999618530273,14.170000076293945,17914200.0
2025-04-23,14.630000114440918,15.140000343322754,14.460000038146973,14.520000457763672,16244200.0
2025-04-24,14.5,14.930000305175781,14.430000305175781,14.869999885559082,8822700.0
2025-04-25,14.699999809265137,14.869999885559082,14.630000114440918,14.720000267028809,8052200.0
2025-04-28,14.739999771118164,14.9399995803833,14.739999771118164,14.869999885559082,10593900.0
2025-04-29,14.779999732971191,15.039999961853027,14.649999618530273,14.9399995803833,9756600.0
2025-04-30,14.630000114440918,14.880000114440918,14.4399995803833,14.84000015258789,9494700.0
2025-05-01,14.819999694824219,15.119999885559082,14.720000267028809,14.989999771118164,9888900.0
2025-05-02,15.289999961853027,15.550000190734863,15.140000343322754,15.489999771118164,12415200.0
2025-05-05,15.329999923706055,15.789999961853027,15.289999961853027,15.5600004196167,12782500.0
2025-05-06,15.359999656677246,15.489999771118164,15.270000457763672,15.300000190734863,9606200.0
2025-05-07,15.390000343322754,15.479999542236328,15.15999984741211,15.229999542236328,11611000.0
2025-05-08,15.40999984741211,15.680000305175781,15.40999984741211,15.569999694824219,10822800.0
2025-05-09,15.640000343322754,15.640000343322754,15.390000343322754,15.489999771118164,12402500.0
