Date,Spread,ZScore,LongEntry,ShortEntry,Exit,Signal
2021-11-29,-1.4543171020907266,-1.2029233994652948,False,False,False,
2021-11-30,-1.432406691719052,-1.152482241743157,False,False,False,
2021-12-01,-1.4086216629351895,-1.0977254221327213,False,False,False,
2021-12-02,-1.192527754220862,-0.6002437799657592,False,False,False,
2021-12-03,-1.4691896250314755,-1.2371622504340682,False,False,False,
2021-12-06,-1.3633920583808958,-0.9935998681913644,False,False,False,
2021-12-07,-1.2960184317766448,-0.8384953462673541,False,False,False,
2021-12-08,-1.540739216617908,-1.401880490437072,False,False,False,
2021-12-09,-1.5992599817752762,-1.536604354356076,False,False,False,
2021-12-10,-1.3992889565314215,-1.076240086728166,False,False,False,
2021-12-13,-1.1653636424354945,-0.5377077880010046,False,False,False,
2021-12-14,-0.9538972031463118,-0.0508792970607248,False,False,True,0.0
2021-12-15,-1.124667126116634,-0.4440181051717413,False,False,True,0.0
2021-12-16,-1.6282684372943947,-1.603386311211029,False,False,False,
2021-12-17,-0.9089602999169984,0.0525724131027948,False,False,True,0.0
2021-12-20,-1.1894704143811907,-0.5932053101951337,False,False,False,
2021-12-21,-1.2618124541041311,-0.7597478885269117,False,False,False,
2021-12-22,-1.515949702057526,-1.3448111890144032,False,False,False,
2021-12-23,-1.829533795148194,-2.0667303329474023,True,False,False,1.0
2021-12-24,-1.829533795148194,-2.0667303329474023,True,False,False,1.0
2021-12-27,-1.911536689710147,-2.25551369519874,True,False,False,1.0
2021-12-28,-2.2890979735972223,-3.124718239853984,True,False,False,1.0
2021-12-29,-2.2005908607239637,-2.9209611598066543,True,False,False,1.0
2021-12-30,-2.2415174982167514,-3.015180617214869,True,False,False,1.0
2021-12-31,-2.197271208383171,-2.913318806036729,True,False,False,1.0
2022-01-03,-1.944924959291768,-2.3323786622836598,True,False,False,1.0
2022-01-04,-2.0023558741151817,-2.464593521959657,True,False,False,1.0
2022-01-05,-2.047550130566833,-2.5686376990947237,True,False,False,1.0
2022-01-06,-2.121825760492783,-2.7396317015096425,True,False,False,1.0
2022-01-07,-1.9284727332820069,-2.294503090217173,True,False,False,1.0
2022-01-10,-2.034188680446931,-2.537877571764304,True,False,False,1.0
2022-01-11,-1.673874679034128,-1.708378942279309,False,False,False,
2022-01-12,-1.7612740700736822,-1.9095858751236263,False,False,False,
2022-01-13,-1.396556981128839,-1.0699506562776613,False,False,False,
2022-01-14,-1.645922210019961,-1.6440280298888434,False,False,False,
2022-01-17,-1.645922210019961,-1.6440280298888434,False,False,False,
2022-01-18,-1.6106503239313952,-1.5628266859080524,False,False,False,
2022-01-19,-1.356509434063497,-0.9777550011693874,False,False,False,
2022-01-20,-1.6661090133495406,-1.6905011772822611,False,False,False,
2022-01-21,-2.081093809978654,-2.6458604436755304,True,False,False,1.0
2022-01-24,-2.259118094899378,-3.0556999164069936,True,False,False,1.0
2022-01-25,-1.9735970686152056,-2.398386298109577,True,False,False,1.0
2022-01-26,-1.8001903995679245,-1.9991772922028557,False,False,False,
2022-01-27,-1.6885480579211958,-1.7421593327970564,False,False,False,
2022-01-28,-1.9259660001475252,-2.288732202348859,True,False,False,1.0
2022-01-31,-1.4989336984942554,-1.3056377137131374,False,False,False,
2022-02-01,-1.691418512981926,-1.7487675648655794,False,False,False,
2022-02-02,-2.033286038836792,-2.535799550994668,True,False,False,1.0
2022-02-03,-2.4383773678620173,-3.468382522861216,True,False,False,1.0
2022-02-04,-2.279481978508926,-3.102580730027554,True,False,False,1.0
2022-02-07,-2.2083468686234085,-2.9388166910866995,True,False,False,1.0
2022-02-08,-2.1344488995927406,-2.768692122537293,True,False,False,1.0
2022-02-09,-2.118321748071565,-2.7315649222845737,True,False,False,1.0
2022-02-10,-1.9558572775861196,-2.357546551976263,True,False,False,1.0
2022-02-11,-2.029563339258118,-2.527229320067237,True,False,False,1.0
2022-02-14,-2.1201118662299905,-2.735686051502998,True,False,False,1.0
2022-02-15,-2.0924351202130254,-2.67196989615056,True,False,False,1.0
2022-02-16,-2.1754181816992,-2.8630097544501245,True,False,False,1.0
2022-02-17,-2.082787791934919,-2.649760252468929,True,False,False,1.0
2022-02-18,-1.7593522491815747,-1.9051615458167772,False,False,False,
2022-02-21,-1.7593522491815747,-1.9051615458167772,False,False,False,
2022-02-22,-2.224380046533696,-2.9757275495344007,True,False,False,1.0
2022-02-23,-1.7871549111604563,-1.969167579212896,False,False,False,
2022-02-24,-1.8729603967082369,-2.1667050947829174,True,False,False,1.0
2022-02-25,-1.820559534634981,-2.0460701954918417,True,False,False,1.0
2022-02-28,-2.053825372533737,-2.58308427788662,True,False,False,1.0
2022-03-01,-1.768696345824253,-1.9266731033151967,False,False,False,
2022-03-02,-1.7026848383210904,-1.7747043904996802,False,False,False,
2022-03-03,-1.465841004256987,-1.2294532068437225,False,False,False,
2022-03-04,-1.6300677506621355,-1.6075286092252683,False,False,False,
2022-03-07,-1.6816719304601548,-1.7263294225445185,False,False,False,
2022-03-08,-1.6042249244895572,-1.5480344213554686,False,False,False,
2022-03-09,-1.4218068731831297,-1.1280798179853744,False,False,False,
2022-03-10,-1.6005700164523944,-1.5396202570547957,False,False,False,
2022-03-11,-1.2139490021923507,-0.6495588100909715,False,False,False,
2022-03-14,-0.9749988850687572,-0.0994586366530352,False,False,True,0.0
2022-03-15,-1.3463609811213928,-0.9543916909070586,False,False,False,
2022-03-16,-1.4556930392667198,-1.206091019922087,False,False,False,
2022-03-17,-1.1136894427369557,-0.418745778027476,False,False,True,0.0
2022-03-18,-1.2307402582777345,-0.688214881893743,False,False,False,
2022-03-21,-1.5279958329322485,-1.3725432477520574,False,False,False,
2022-03-22,-1.548330823205248,-1.419357544437461,False,False,False,
2022-03-23,-1.7066858247722507,-1.7839152809030847,False,False,False,
2022-03-24,-2.238509433205905,-3.0082555857309,True,False,False,1.0
2022-03-25,-2.131909362931566,-2.762845715870576,True,False,False,1.0
2022-03-28,-1.485929267580019,-1.275699499882161,False,False,False,
2022-03-29,-1.2517721829107984,-0.7366336294032826,False,False,False,
2022-03-30,-1.2821944420153102,-0.8066703810534595,False,False,False,
2022-03-31,-1.3654553407086212,-0.9983498636297266,False,False,False,
2022-04-01,-1.412935013143823,-1.107655422278486,False,False,False,
2022-04-04,-1.3314752044990428,-0.920122327910774,False,False,False,
2022-04-05,-1.4962171367757264,-1.299383767950287,False,False,False,
2022-04-06,-1.284427235450778,-0.8118106173123377,False,False,False,
2022-04-07,-1.3264759415461072,-0.9086132504071656,False,False,False,
2022-04-08,-1.1442829336067175,-0.4891767317182136,False,False,True,0.0
2022-04-11,-0.8330509800967434,0.2273274226476507,False,False,True,0.0
2022-04-12,-1.129063141186208,-0.4541384126288729,False,False,True,0.0
2022-04-13,-1.4262535908881375,-1.1383168507610866,False,False,False,
2022-04-14,-1.251658744380066,-0.7363724763384437,False,False,False,
2022-04-15,-1.251658744380066,-0.7363724763384437,False,False,False,
2022-04-18,-1.5022559751574818,-1.3132861090797083,False,False,False,
2022-04-19,-1.298487792173148,-0.8441801963053001,False,False,False,
2022-04-20,-1.5859607804443383,-1.5059875333777006,False,False,False,
2022-04-21,-1.622966119443518,-1.5911795544012732,False,False,False,
2022-04-22,-1.6943738310208118,-1.7555711646516994,False,False,False,
2022-04-25,-1.545884843368739,-1.413726520069337,False,False,False,
2022-04-26,-0.8072277614036665,0.2867764710632238,False,False,True,0.0
2022-04-27,-0.8756913813518281,0.1291626156651424,False,False,True,0.0
2022-04-28,-0.772594567665621,0.3665074463452081,False,False,True,0.0
2022-04-29,-0.7427251155203578,0.4352715507674989,False,False,True,0.0
2022-05-02,-1.0589937309912187,-0.2928277794098879,False,False,True,0.0
2022-05-03,-0.8490238655432591,0.1905553667884447,False,False,True,0.0
2022-05-04,-1.3971663521914337,-1.071353522830968,False,False,False,
2022-05-05,-1.3893351749724443,-1.0533249401366105,False,False,False,
2022-05-06,-1.7046690444440742,-1.7792723402689845,False,False,False,
2022-05-09,-1.0030316537447843,-0.1639944113003102,False,False,True,0.0
2022-05-10,-1.4110672459122071,-1.1033555328688394,False,False,False,
2022-05-11,-1.2317906645509993,-0.6906330798007334,False,False,False,
2022-05-12,-1.262494287778864,-0.761317575234922,False,False,False,
2022-05-13,-1.1600291901710449,-0.5254270527948687,False,False,False,
2022-05-16,-1.2545116247280248,-0.7429402486965467,False,False,False,
2022-05-17,-1.401307397469722,-1.080886850343934,False,False,False,
2022-05-18,-1.0656434757821387,-0.3081365216981833,False,False,True,0.0
2022-05-19,-1.1837961326082649,-0.5801422348344814,False,False,False,
2022-05-20,-1.1198703698541408,-0.4329752294297208,False,False,True,0.0
2022-05-23,-1.381381352893115,-1.0350140099809635,False,False,False,
2022-05-24,-1.5256779450067626,-1.3672071107994237,False,False,False,
2022-05-25,-1.4452228611140754,-1.1819870484027228,False,False,False,
2022-05-26,-1.0062379199162166,-0.1713757325493836,False,False,True,0.0
2022-05-27,-1.0903911348868718,-0.3651094653802118,False,False,True,0.0
2022-05-30,-1.0903911348868718,-0.3651094653802118,False,False,True,0.0
2022-05-31,-1.3151362643597508,-0.882507557461561,False,False,False,
2022-06-01,-1.3488050642284577,-0.9600183487102758,False,False,False,
2022-06-02,-1.521894234125611,-1.358496422405478,False,False,False,
2022-06-03,-1.578833567290019,-1.4895795849761,False,False,False,
2022-06-06,-1.4444893127095495,-1.1802983063781858,False,False,False,
2022-06-07,-1.5585863645840874,-1.4429673888648715,False,False,False,
2022-06-08,-1.595030512245657,-1.5268674605231651,False,False,False,
2022-06-09,-1.5237300603477166,-1.3627227786648466,False,False,False,
2022-06-10,-1.289726997107337,-0.824011489366922,False,False,False,
2022-06-13,-1.006061484451109,-0.1709695507859074,False,False,True,0.0
2022-06-14,-1.016055062874372,-0.1939763159219921,False,False,True,0.0
2022-06-15,-0.9118764363227,0.0458590155039332,False,False,True,0.0
2022-06-16,-0.8830979035230797,0.112111654652765,False,False,True,0.0
2022-06-17,-0.7796807913663883,0.3501938620133122,False,False,True,0.0
2022-06-20,-0.7796807913663883,0.3501938620133122,False,False,True,0.0
2022-06-21,-1.091044468603343,-0.3666135407707994,False,False,True,0.0
2022-06-22,-1.015117649170335,-0.1918182444073964,False,False,True,0.0
2022-06-23,-1.1291561708337523,-0.4543525812840933,False,False,True,0.0
2022-06-24,-1.089384741883478,-0.3627925928363609,False,False,True,0.0
2022-06-27,-0.8345364313547634,0.2239076838146802,False,False,True,0.0
2022-06-28,-1.00494847086064,-0.1684072211393424,False,False,True,0.0
2022-06-29,-1.0096433735237724,-0.1792156141225838,False,False,True,0.0
2022-06-30,-1.116148121461464,-0.4244060372023258,False,False,True,0.0
2022-07-01,-1.1786815517322964,-0.5683676776139156,False,False,False,
2022-07-04,-1.1786815517322964,-0.5683676776139156,False,False,False,
2022-07-05,-0.9627917568919316,-0.0713559371938941,False,False,True,0.0
2022-07-06,-0.9636830091601638,-0.073407737934707,False,False,True,0.0
2022-07-07,-1.140506676675514,-0.4804832034713667,False,False,True,0.0
2022-07-08,-0.8578602171348848,0.1702127170269564,False,False,True,0.0
2022-07-11,-0.7755941744930794,0.3596018869092316,False,False,True,0.0
2022-07-12,-0.7693469055321032,0.3739840675095823,False,False,True,0.0
2022-07-13,-0.727578125654901,0.4701422671009028,False,False,True,0.0
2022-07-14,-0.4759231130571493,1.0494910774006925,False,False,False,
2022-07-15,-0.578237151267615,0.8139483170864077,False,False,False,
2022-07-18,-0.6488034888022725,0.6514936801773298,False,False,False,
2022-07-19,-0.7853072294228696,0.3372409302969941,False,False,True,0.0
2022-07-20,-0.7965415386060499,0.3113778108119913,False,False,True,0.0
2022-07-21,-0.9022086227228528,0.0681158195685694,False,False,True,0.0
2022-07-22,-1.0510351927172223,-0.2745059918437684,False,False,True,0.0
2022-07-25,-0.8067030949832912,0.287984334412779,False,False,True,0.0
2022-07-26,-1.050559201660505,-0.2734101867192214,False,False,True,0.0
2022-07-27,-1.0435546243867293,-0.2572845651060275,False,False,True,0.0
2022-07-28,-1.2289860513164823,-0.6841764258124201,False,False,False,
2022-07-29,-1.3081119948545703,-0.8663366012821343,False,False,False,
2022-08-01,-0.9891083385704889,-0.1319407836042438,False,False,True,0.0
2022-08-02,-0.8435731476437098,0.2031037634914789,False,False,True,0.0
2022-08-03,-0.9545206005626738,-0.0523144544525254,False,False,True,0.0
2022-08-04,-0.9759457326835844,-0.1016384264912058,False,False,True,0.0
2022-08-05,-0.8962121225212201,0.0819206916508566,False,False,True,0.0
2022-08-08,-0.8042660439954261,0.2935948031886041,False,False,True,0.0
2022-08-09,-0.7650439658548578,0.3838901009999168,False,False,True,0.0
2022-08-10,-0.7283365923761096,0.4683961592525105,False,False,True,0.0
2022-08-11,-0.6864493360617843,0.5648271099493516,False,False,False,
2022-08-12,-0.7361230066144202,0.4504706278716709,False,False,True,0.0
2022-08-15,-0.910931330140528,0.0480347962944538,False,False,True,0.0
2022-08-16,-0.8956441837847677,0.0832281745731728,False,False,True,0.0
2022-08-17,-0.905401347011164,0.0607656738315359,False,False,True,0.0
2022-08-18,-0.9936883992488674,-0.1424847925541501,False,False,True,0.0
2022-08-19,-0.733331830141438,0.4568963483541146,False,False,True,0.0
2022-08-22,-0.7714266475465053,0.3691961793235431,False,False,True,0.0
2022-08-23,-0.6865062323764874,0.5646961258219406,False,False,False,
2022-08-24,-0.5845883201258602,0.799326942832604,False,False,False,
2022-08-25,-0.5861788224531637,0.7956653601699324,False,False,False,
2022-08-26,-0.5875062671684361,0.7926093768672627,False,False,False,
2022-08-29,-0.6144488480262282,0.7305833834040704,False,False,False,
2022-08-30,-0.5579641846162531,0.8606198257898221,False,False,False,
2022-08-31,-0.5877124935136067,0.7921346118844647,False,False,False,
2022-09-01,-0.7283890272405671,0.4682754460744653,False,False,True,0.0
2022-09-02,-0.6820626447273384,0.5749259527243449,False,False,False,
2022-09-05,-0.6820626447273384,0.5749259527243449,False,False,False,
2022-09-06,-0.8267602397423701,0.2418096811275821,False,False,True,0.0
2022-09-07,-0.5053879333464124,0.98165849817221,False,False,False,
2022-09-08,-0.4804674414620251,1.03902932967789,False,False,False,
2022-09-09,-0.4226425838718199,1.1721511066090258,False,False,False,
2022-09-12,-0.5450114517660722,0.8904390226713799,False,False,False,
2022-09-13,-0.4734637439948699,1.0551529258399963,False,False,False,
2022-09-14,-0.602395141189362,0.7583328831797934,False,False,False,
2022-09-15,-0.4537454234434648,1.1005475533288054,False,False,False,
2022-09-16,-0.6114583673801235,0.73746793295729,False,False,False,
2022-09-19,-0.6649971830297261,0.6142132883099529,False,False,False,
2022-09-20,-0.7275915954755305,0.4701112574878769,False,False,True,0.0
2022-09-21,-0.6617426574287748,0.6217057102392357,False,False,False,
2022-09-22,-0.9723755511788994,-0.0934193157890493,False,False,True,0.0
2022-09-23,-0.9527974578845432,-0.0483475131615623,False,False,True,0.0
2022-09-26,-0.7358095963599567,0.4511921468121635,False,False,True,0.0
2022-09-27,-0.776215508942073,0.3581714787877844,False,False,True,0.0
2022-09-28,-0.7123470089403554,0.5052066564687944,False,False,False,
2022-09-29,-0.6954728994126071,0.544053469726575,False,False,False,
2022-09-30,-0.8399092814055962,0.2115385509580079,False,False,True,0.0
2022-10-03,-0.7224670353282221,0.4819087885364573,False,False,True,0.0
2022-10-04,-0.654939293965981,0.6373681064995749,False,False,False,
2022-10-05,-0.6321112440571852,0.6899218125418412,False,False,False,
2022-10-06,-0.6021171959993694,0.7589727560497534,False,False,False,
2022-10-07,-0.4941158059132249,1.0076086811252642,False,False,False,
2022-10-10,-0.5224765633480075,0.9423178255629896,False,False,False,
2022-10-11,-0.4930553590245665,1.01004999408378,False,False,False,
2022-10-12,-0.6277499441164736,0.6999622003963465,False,False,False,
2022-10-13,-0.7382920949923317,0.4454770505206534,False,False,True,0.0
2022-10-14,-0.7331983750318471,0.4572035826832534,False,False,True,0.0
2022-10-17,-0.5917942187468554,0.7827378483014831,False,False,False,
2022-10-18,-0.792072774635713,0.3216655975045754,False,False,True,0.0
2022-10-19,-0.7363319148678045,0.4499896887208444,False,False,True,0.0
2022-10-20,-0.840619291989043,0.2099039966426617,False,False,True,0.0
2022-10-21,-1.065822430001461,-0.3085485020239167,False,False,True,0.0
2022-10-24,-0.9857423662369058,-0.1241917940377997,False,False,True,0.0
2022-10-25,-1.0131533087568698,-0.1872960285778072,False,False,True,0.0
2022-10-26,-1.43697173825214,-1.1629916858055134,False,False,False,
2022-10-27,-0.9113842405007232,0.0469921265075776,False,False,True,0.0
2022-10-28,-1.0578715344799292,-0.2902443092575276,False,False,True,0.0
2022-10-31,-1.1723213902733391,-0.5537256010006785,False,False,False,
2022-11-01,-1.2352621487851394,-0.6986249741018348,False,False,False,
2022-11-02,-1.1166453922261326,-0.4255508315099526,False,False,True,0.0
2022-11-03,-1.1069493230899212,-0.4032289788249537,False,False,True,0.0
2022-11-04,-1.0913001283313974,-0.3672021090562509,False,False,True,0.0
2022-11-07,-1.0781762205010637,-0.3369888408622205,False,False,True,0.0
2022-11-08,-1.2332121590939096,-0.6939055803711833,False,False,False,
2022-11-09,-1.1414450058817494,-0.4826433826137979,False,False,True,0.0
2022-11-10,-1.0847434263240672,-0.3521075656643862,False,False,True,0.0
2022-11-11,-1.0296934565865428,-0.2253740102893039,False,False,True,0.0
2022-11-14,-1.0098000858882727,-0.1795763902541432,False,False,True,0.0
2022-11-15,-1.0978887562478548,-0.382370150834973,False,False,True,0.0
2022-11-16,-1.242968227441196,-0.7163655605315559,False,False,False,
2022-11-17,-1.2361021403707753,-0.7005587648130805,False,False,False,
2022-11-18,-0.9941819597918312,-0.1436210453568471,False,False,True,0.0
2022-11-21,-1.1079457230166412,-0.4055228457587735,False,False,True,0.0
2022-11-22,-1.0784509977468133,-0.3376214206339454,False,False,True,0.0
2022-11-23,-1.0185565863646104,-0.1997352103824934,False,False,True,0.0
2022-11-24,-1.0185565863646104,-0.1997352103824934,False,False,True,0.0
2022-11-25,-1.2235303614038742,-0.671616582765358,False,False,False,
2022-11-28,-1.1440892479981102,-0.4887308374530422,False,False,True,0.0
2022-11-29,-1.0823045307462706,-0.3464928503568856,False,False,True,0.0
2022-11-30,-0.9543996798455652,-0.0520360762359568,False,False,True,0.0
2022-12-01,-1.1235967623651106,-0.4415539620591845,False,False,True,0.0
2022-12-02,-1.016371274414297,-0.194704283855424,False,False,True,0.0
2022-12-05,-1.002942550507356,-0.1637892818492211,False,False,True,0.0
2022-12-06,-1.027710065669737,-0.2208079372508644,False,False,True,0.0
2022-12-07,-1.1186152614076263,-0.430085775419728,False,False,True,0.0
2022-12-08,-1.0715528121831142,-0.3217407292131699,False,False,True,0.0
2022-12-09,-1.059254073408269,-0.2934271279705689,False,False,True,0.0
2022-12-12,-1.0560080994968215,-0.2859543933548392,False,False,True,0.0
2022-12-13,-1.118315242792761,-0.4293950861074198,False,False,True,0.0
2022-12-14,-1.0905851477021002,-0.3655561129256957,False,False,True,0.0
2022-12-15,-0.9321851889018689,-0.0008948779471018,False,False,True,0.0
2022-12-16,-0.6650022606118,0.6142015989297043,False,False,False,
2022-12-19,-0.5300735484569401,0.9248283893729764,False,False,False,
2022-12-20,-0.6377198257151093,0.6770099890202438,False,False,False,
2022-12-21,-0.5858374039446517,0.7964513584486033,False,False,False,
2022-12-22,-0.7295799564382293,0.4655337426341301,False,False,True,0.0
2022-12-23,-0.6705196018124724,0.6014998250701992,False,False,False,
2022-12-26,-0.6705196018124724,0.6014998250701992,False,False,False,
2022-12-27,-0.6845793240749458,0.5691321671331436,False,False,False,
2022-12-28,-0.7649705750041988,0.3840590581034421,False,False,True,0.0
2022-12-29,-0.7392209313613449,0.4433387253595683,False,False,True,0.0
2022-12-30,-0.7361501151330145,0.450408219863841,False,False,True,0.0
2023-01-02,-0.7361501151330145,0.450408219863841,False,False,True,0.0
2023-01-03,-0.6689841936983214,0.6050345723223028,False,False,False,
2023-01-04,-0.6046666810627244,0.7531034466206077,False,False,False,
2023-01-05,-0.6381011022071732,0.6761322314910283,False,False,False,
2023-01-06,-0.4052067080688033,1.2122911928276097,False,False,False,
2023-01-09,-0.4545253733297016,1.0987519879076346,False,False,False,
2023-01-10,-0.4203186967414609,1.1775010546603148,False,False,False,
2023-01-11,-0.5432884166241365,0.8944057163973689,False,False,False,
2023-01-12,-0.4980148516050917,0.998632474136301,False,False,False,
2023-01-13,-0.6113975534103133,0.7376079361334454,False,False,False,
2023-01-16,-0.6113975534103133,0.7376079361334454,False,False,False,
2023-01-17,-0.4106827343525481,1.1996845323049008,False,False,False,
2023-01-18,-0.6173357914545932,0.7239371925598632,False,False,False,
2023-01-19,-0.4452365717655056,1.120136247572391,False,False,False,
2023-01-20,-0.1166322681323634,1.8766342422042392,False,False,False,
2023-01-23,0.0178475389248689,2.186227583595321,False,True,False,-1.0
2023-01-24,0.1366589097315085,2.45974975832322,False,True,False,-1.0
2023-01-25,0.1713335178369988,2.539576075892492,False,True,False,-1.0
2023-01-26,0.2685783918982452,2.7634488353244224,False,True,False,-1.0
2023-01-27,-0.0559040150661616,2.016440085140995,False,True,False,-1.0
2023-01-30,-0.3503606114909416,1.338555400617347,False,False,False,
2023-01-31,-0.357009411202597,1.323248834047874,False,False,False,
2023-02-01,-0.4091142404022463,1.2032954482754967,False,False,False,
2023-02-02,-0.451607361239283,1.105469703623183,False,False,False,
2023-02-03,-1.0272951036553053,-0.2198526304326173,False,False,True,0.0
2023-02-06,-0.8716196150173943,0.1385364523208168,False,False,True,0.0
2023-02-07,-1.1071107864535747,-0.4036006924923035,False,False,True,0.0
2023-02-08,-0.7625614247341446,0.3896052951061611,False,False,True,0.0
2023-02-09,-0.8807285689729838,0.1175662297022767,False,False,True,0.0
2023-02-10,-1.0338198147055806,-0.2348735256872214,False,False,True,0.0
2023-02-13,-0.9348554871460806,-0.0070423180277112,False,False,True,0.0
2023-02-14,-1.0552526837572458,-0.2842153093386405,False,False,True,0.0
2023-02-15,-1.1963536534831292,-0.6090515925463268,False,False,False,
2023-02-16,-1.0668653299634483,-0.310949419239919,False,False,True,0.0
2023-02-17,-1.080507802073825,-0.3423565027114814,False,False,True,0.0
2023-02-20,-1.080507802073825,-0.3423565027114814,False,False,True,0.0
2023-02-21,-1.0248057478987675,-0.2141217479793903,False,False,True,0.0
2023-02-22,-1.1323312544644466,-0.4616621154954591,False,False,True,0.0
2023-02-23,-1.0918389639347197,-0.3684425920591899,False,False,True,0.0
2023-02-24,-1.0274159393956808,-0.2201308130195866,False,False,True,0.0
2023-02-27,-1.02781748721101,-0.2210552382741763,False,False,True,0.0
2023-02-28,-1.0205111542686751,-0.204234928382071,False,False,True,0.0
2023-03-01,-1.114288676820479,-0.4201253076851479,False,False,True,0.0
2023-03-02,-0.9779696888064676,-0.106297886915965,False,False,True,0.0
2023-03-03,-0.9413318535712136,-0.0219519164685883,False,False,True,0.0
2023-03-06,-0.8824042043441978,0.1137086575888185,False,False,True,0.0
2023-03-07,-1.0040008167946295,-0.166225574725661,False,False,True,0.0
2023-03-08,-0.9198642691659272,0.0274697873028867,False,False,True,0.0
2023-03-09,-0.952581972627371,-0.0478514327295014,False,False,True,0.0
2023-03-10,-0.8891407539601204,0.0982000771507703,False,False,True,0.0
2023-03-13,-0.7266620093956817,0.4722513085994059,False,False,True,0.0
2023-03-14,-1.035382308778793,-0.2384706290116165,False,False,True,0.0
2023-03-15,-0.9060621132339576,0.0592444876603961,False,False,True,0.0
2023-03-16,-0.65639627613578,0.6340139079164127,False,False,False,
2023-03-17,-0.5849947304508163,0.7983913233278447,False,False,False,
2023-03-20,-0.7088011239502947,0.5133698328317272,False,False,False,
2023-03-21,-0.5515292406442995,0.875434063328798,False,False,False,
2023-03-22,-0.5995263535307629,0.7649372766303968,False,False,False,
2023-03-23,-0.8197962701630246,0.2578418175396895,False,False,True,0.0
2023-03-24,-0.8574002089333561,0.1712717271437538,False,False,True,0.0
2023-03-27,-0.835608795434652,0.2214389356364559,False,False,True,0.0
2023-03-28,-1.084340076407159,-0.351178991692888,False,False,True,0.0
2023-03-29,-0.9102213846049948,0.0496692008594293,False,False,True,0.0
2023-03-30,-0.9828583197892158,-0.1175522724917327,False,False,True,0.0
2023-03-31,-1.181816353134835,-0.5755844758979602,False,False,False,
2023-04-03,-0.9119444847947592,0.0457023573832658,False,False,True,0.0
2023-04-04,-1.066263598168362,-0.3095641394634335,False,False,True,0.0
2023-04-05,-0.9831668900936136,-0.1182626491176595,False,False,True,0.0
2023-04-06,-1.0383864611848708,-0.245386653073503,False,False,True,0.0
2023-04-07,-1.0383864611848708,-0.245386653073503,False,False,True,0.0
2023-04-10,-0.9808411358137904,-0.1129084025991565,False,False,True,0.0
2023-04-11,-0.7068303749621805,0.5179068021925899,False,False,False,
2023-04-12,-0.88599553697874,0.105440853710266,False,False,True,0.0
2023-04-13,-0.7458579463913537,0.4280592889522214,False,False,True,0.0
2023-04-14,-0.9352018757004004,-0.0078397581214931,False,False,True,0.0
2023-04-17,-1.0340016144403703,-0.235292056830218,False,False,True,0.0
2023-04-18,-0.8442291588931568,0.2015935240053382,False,False,True,0.0
2023-04-19,-0.6207994312246115,0.7159633574299642,False,False,False,
2023-04-20,-0.8652447777927392,0.1532123148193796,False,False,True,0.0
2023-04-21,-0.9763947028290972,-0.1026720252937011,False,False,True,0.0
2023-04-24,-0.675702359069291,0.589568315263121,False,False,False,
2023-04-25,-0.6957982018849407,0.5433045730589166,False,False,False,
2023-04-26,-0.7137623535844995,0.5019483139176778,False,False,False,
2023-04-27,-0.7281896155311927,0.4687345227103461,False,False,True,0.0
2023-04-28,-0.6251725583353362,0.7058957415985329,False,False,False,
2023-05-01,-0.9914794980064698,-0.1373995598236649,False,False,True,0.0
2023-05-02,-0.8158912896420247,0.2668316874243847,False,False,True,0.0
2023-05-03,-0.7673950690400346,0.3784774973757583,False,False,True,0.0
2023-05-04,-0.9464352625886364,-0.0337007543407073,False,False,True,0.0
2023-05-05,-0.834329094136919,0.2243850061984032,False,False,True,0.0
2023-05-08,-1.039247281291651,-0.2473683942659281,False,False,True,0.0
2023-05-09,-0.9139404101041038,0.0411074282321252,False,False,True,0.0
2023-05-10,-1.035187844555736,-0.2380229422554065,False,False,True,0.0
2023-05-11,-1.301655084993996,-0.8514717948659151,False,False,False,
2023-05-12,-1.23517504105547,-0.6984244386186313,False,False,False,
2023-05-15,-1.1813904862453342,-0.5746040643685758,False,False,False,
2023-05-16,-1.0939423957620562,-0.3732850178632091,False,False,True,0.0
2023-05-17,-1.052830826510572,-0.278639818907941,False,False,True,0.0
2023-05-18,-1.03090353966887,-0.2281598089383089,False,False,True,0.0
2023-05-19,-1.2289801589756737,-0.6841628607313897,False,False,False,
2023-05-22,-0.9325441543370516,-0.0017212719682863,False,False,True,0.0
2023-05-23,-0.987290458768186,-0.1277557427824436,False,False,True,0.0
2023-05-24,-0.954139431606876,-0.0514369444884476,False,False,True,0.0
2023-05-25,-0.8608376850392858,0.1633581248202922,False,False,True,0.0
2023-05-26,-0.926410151274922,0.01240015299256,False,False,True,0.0
2023-05-29,-0.926410151274922,0.01240015299256,False,False,True,0.0
2023-05-30,-0.7639699972308449,0.3863625430871948,False,False,True,0.0
2023-05-31,-1.220543948437495,-0.6647413976407873,False,False,False,
2023-06-01,-1.0831450569702952,-0.3484278718884963,False,False,True,0.0
2023-06-02,-1.186002645417048,-0.5852219690209133,False,False,False,
2023-06-05,-1.145031410958822,-0.4908998424919737,False,False,True,0.0
2023-06-06,-1.183104047402793,-0.5785489475151576,False,False,False,
2023-06-07,-1.2750993928487446,-0.7903364791325843,False,False,False,
2023-06-08,-1.1804878135404664,-0.572525972014059,False,False,False,
2023-06-09,-1.0722609556170966,-0.3233709850613022,False,False,True,0.0
2023-06-12,-1.022315167167406,-0.2083880454444193,False,False,True,0.0
2023-06-13,-1.1344548500788108,-0.4665509614597803,False,False,True,0.0
2023-06-14,-1.0227361715472654,-0.2093572627236014,False,False,True,0.0
2023-06-15,-1.0525357128936577,-0.2779604216605039,False,False,True,0.0
2023-06-16,-1.199933308972291,-0.6172925138278906,False,False,False,
2023-06-19,-1.199933308972291,-0.6172925138278906,False,False,False,
2023-06-20,-0.974960543795035,-0.0993703691033965,False,False,True,0.0
2023-06-21,-0.9791063584785746,-0.1089146765258409,False,False,True,0.0
2023-06-22,-1.0055081940952275,-0.1696957907041135,False,False,True,0.0
2023-06-23,-1.0339860755309331,-0.2352562838543373,False,False,True,0.0
2023-06-26,-0.9083782634335478,0.0539123512218783,False,False,True,0.0
2023-06-27,-0.9779096670358598,-0.106159707505053,False,False,True,0.0
2023-06-28,-0.7848137339277912,0.3383770333493857,False,False,True,0.0
2023-06-29,-0.7597682735754603,0.3960355616208909,False,False,True,0.0
2023-06-30,-0.4098398882745471,1.2016248944996175,False,False,False,
2023-07-03,-1.019769944927404,-0.202528549694773,False,False,True,0.0
2023-07-04,-1.019769944927404,-0.202528549694773,False,False,True,0.0
2023-07-05,-0.8266970075391669,0.2419552514514961,False,False,True,0.0
2023-07-06,-0.8634598112424356,0.1573215842381304,False,False,True,0.0
2023-07-07,-1.0139087669848266,-0.1890352104088384,False,False,True,0.0
2023-07-10,-1.2103872545698522,-0.6413591154916792,False,False,False,
2023-07-11,-1.0707593405615512,-0.3199140346633023,False,False,True,0.0
2023-07-12,-0.9763548023571644,-0.1025801682283243,False,False,True,0.0
2023-07-13,-1.4529168388267522,-1.1996997765868316,False,False,False,
2023-07-14,-1.475179566859424,-1.250952024124505,False,False,False,
2023-07-17,-1.3350294418794846,-0.9283047327698156,False,False,False,
2023-07-18,-1.4121439862467329,-1.1058343558629449,False,False,False,
2023-07-19,-0.9599811529848808,-0.0648854917496917,False,False,True,0.0
2023-07-20,-1.3384185959197623,-0.9361070902149904,False,False,False,
2023-07-21,-1.3897011955330072,-1.0541675761489762,False,False,False,
2023-07-24,-1.3511147922707067,-0.9653357003480592,False,False,False,
2023-07-25,-1.131695664562855,-0.4601988891145319,False,False,True,0.0
2023-07-26,-1.4195297749646445,-1.1228375852549506,False,False,False,
2023-07-27,-1.3417177544064884,-0.9437022639591764,False,False,False,
2023-07-28,-1.4260144780067776,-1.137766375879171,False,False,False,
2023-07-31,-1.4677736568428088,-1.2339024723868983,False,False,False,
2023-08-01,-1.5011962508172587,-1.3108464595395846,False,False,False,
2023-08-02,-1.5364698663212266,-1.3920517849024483,False,False,False,
2023-08-03,-1.4777212499440964,-1.2568033721905083,False,False,False,
2023-08-04,-1.3635005086794507,-0.993849537573253,False,False,False,
2023-08-07,-1.4312284765097445,-1.1497698078729024,False,False,False,
2023-08-08,-1.3995434267554288,-1.0768259165910945,False,False,False,
2023-08-09,-1.3254369750088983,-0.9062213885441344,False,False,False,
2023-08-10,-1.296027154307808,-0.8385154268848629,False,False,False,
2023-08-11,-1.2046189890903634,-0.6280796750842004,False,False,False,
2023-08-14,-1.3388385054205116,-0.9370737869129082,False,False,False,
2023-08-15,-1.3271203473108812,-0.910096772270364,False,False,False,
2023-08-16,-1.3916516081499424,-1.058657728034094,False,False,False,
2023-08-17,-1.279310219277562,-0.8000304536603783,False,False,False,
2023-08-18,-1.1354416684847877,-0.4688227702490552,False,False,True,0.0
2023-08-21,-1.237737917758409,-0.7043245776759288,False,False,False,
2023-08-22,-1.1979162325330606,-0.6126488915002886,False,False,False,
2023-08-23,-1.015002834347996,-0.1915539229061459,False,False,True,0.0
2023-08-24,-1.1778283551233812,-0.5664034868941508,False,False,False,
2023-08-25,-1.0100570785753291,-0.1801680272176391,False,False,True,0.0
2023-08-28,-1.0556935067558868,-0.2852301521473696,False,False,True,0.0
2023-08-29,-0.9661525307492695,-0.079092959062986,False,False,True,0.0
2023-08-30,-0.855088876124313,0.1765927732032114,False,False,True,0.0
2023-08-31,-0.7297164493963066,0.465219514707334,False,False,True,0.0
2023-09-01,-0.7624337093100735,0.3898993157903856,False,False,True,0.0
2023-09-04,-0.7624337093100735,0.3898993157903856,False,False,True,0.0
2023-09-05,-0.9630122838137538,-0.071863624318732,False,False,True,0.0
2023-09-06,-0.9745888488236858,-0.0985146697186606,False,False,True,0.0
2023-09-07,-0.9558731565512916,-0.0554282477951678,False,False,True,0.0
2023-09-08,-1.0909846557838137,-0.3664758423976287,False,False,True,0.0
2023-09-11,-1.0985292060283598,-0.3838445654097601,False,False,True,0.0
2023-09-12,-1.1660102973307571,-0.5391964877108888,False,False,False,
2023-09-13,-1.125460282324866,-0.4458440735912758,False,False,True,0.0
2023-09-14,-1.0453646371625211,-0.2614514948145113,False,False,True,0.0
2023-09-15,-1.0256270751190757,-0.2160125704312872,False,False,True,0.0
2023-09-18,-1.186251258998681,-0.5857943159861353,False,False,False,
2023-09-19,-1.144056139602469,-0.4886546167991097,False,False,True,0.0
2023-09-20,-1.0242115154024702,-0.2127537327500589,False,False,True,0.0
2023-09-21,-0.9084157456720732,0.0538260613042927,False,False,True,0.0
2023-09-22,-0.8260994735195482,0.2433308672987874,False,False,True,0.0
2023-09-25,-0.7784099011062722,0.3531196482021881,False,False,True,0.0
2023-09-26,-0.9220470492326456,0.0224446895639411,False,False,True,0.0
2023-09-27,-0.909772456947792,0.0507027018472558,False,False,True,0.0
2023-09-28,-1.0340894493213568,-0.2354942663283597,False,False,True,0.0
2023-09-29,-0.8445898188936951,0.2007632288322848,False,False,True,0.0
2023-10-02,-0.8809209284145538,0.1171233884789959,False,False,True,0.0
2023-10-03,-0.9859833929124022,-0.1247466747701878,False,False,True,0.0
2023-10-04,-0.8660236102403474,0.1514193219149789,False,False,True,0.0
2023-10-05,-0.9731514307546832,-0.0952055107252285,False,False,True,0.0
2023-10-06,-0.7793114789320725,0.3510440764288374,False,False,True,0.0
2023-10-09,-0.8607207244656365,0.1636273861733494,False,False,True,0.0
2023-10-10,-0.7959631810306007,0.3127092795151399,False,False,True,0.0
2023-10-11,-0.8208678630419968,0.2553748447854031,False,False,True,0.0
2023-10-12,-0.6295753657059322,0.6957597972125926,False,False,False,
2023-10-13,-0.7065845057059335,0.5184728312957879,False,False,False,
2023-10-16,-0.5616813429658976,0.8520623516297318,False,False,False,
2023-10-17,-0.689809416054544,0.5570916854639707,False,False,False,
2023-10-18,-0.615437768583007,0.7283067351381104,False,False,False,
2023-10-19,-0.702076056336125,0.5288519799236372,False,False,False,
2023-10-20,-0.7615919156228301,0.3918372552186053,False,False,True,0.0
2023-10-23,-0.5153975202732965,0.9586148789817116,False,False,False,
2023-10-24,-0.637264125910491,0.6780590805401551,False,False,False,
2023-10-25,-0.7015081826475296,0.5301593130957136,False,False,False,
2023-10-26,-0.5554146995528981,0.8664891352189678,False,False,False,
2023-10-27,-0.4842076605793863,1.0304187660593247,False,False,False,
2023-10-30,-0.4565171858402834,1.0941665270561542,False,False,False,
2023-10-31,-0.5208581377433887,0.94604369193424,False,False,False,
2023-11-01,-0.6535458926509392,0.6405759321089538,False,False,False,
2023-11-02,-0.6979353192346593,0.538384597965833,False,False,False,
2023-11-03,-0.5413058179065331,0.898969965670565,False,False,False,
2023-11-06,-0.6270485701992357,0.7015768717686055,False,False,False,
2023-11-07,-0.4082057178448792,1.205387007896375,False,False,False,
2023-11-08,-0.4303129598314115,1.1544927133154874,False,False,False,
2023-11-09,-0.3780985284890903,1.274698420193285,False,False,False,
2023-11-10,-0.3910751793540896,1.2448241603376708,False,False,False,
2023-11-13,-0.3044251853699506,1.4443058651087817,False,False,False,
2023-11-14,-0.0670532895848623,1.990772728622094,False,False,False,
2023-11-15,-0.1308095705835512,1.843995896464293,False,False,False,
2023-11-16,-0.1531433102385335,1.7925801691752,False,False,False,
2023-11-17,-0.269837662434611,1.5239316991303555,False,False,False,
2023-11-20,-0.2431832730216854,1.5852942312581328,False,False,False,
2023-11-21,-0.2731349763313631,1.5163407719179431,False,False,False,
2023-11-22,-0.4138269839198756,1.1924459828823684,False,False,False,
2023-11-23,-0.4138269839198756,1.1924459828823684,False,False,False,
2023-11-24,-0.3886529084080052,1.2504006031684791,False,False,False,
2023-11-27,-0.2752739608305603,1.511416498357613,False,False,False,
2023-11-28,-0.5052738471939051,0.9819211421626656,False,False,False,
2023-11-29,-0.4843277665377457,1.0301422635435706,False,False,False,
2023-11-30,-0.4698230143443709,1.0635344492989045,False,False,False,
2023-12-01,-0.3907832336814465,1.2454962644868075,False,False,False,
2023-12-04,-0.4541061909802693,1.0997170105906142,False,False,False,
2023-12-05,-0.4383478376267646,1.135995180349265,False,False,False,
2023-12-06,-0.414837677852347,1.190119208933739,False,False,False,
2023-12-07,-0.4019836422697835,1.219711189420981,False,False,False,
2023-12-08,-0.2454666825533706,1.5800374689073524,False,False,False,
2023-12-11,-0.4605409198797474,1.0849032681817827,False,False,False,
2023-12-12,-0.7384360539176384,0.4451456347811156,False,False,True,0.0
2023-12-13,-0.4604356230487667,1.085145677792969,False,False,False,
2023-12-14,-0.590971643992134,0.7846315427707932,False,False,False,
2023-12-15,-0.6201125013377009,0.7175447764076068,False,False,False,
2023-12-18,-0.5155572040948755,0.9582472620957976,False,False,False,
2023-12-19,-0.4677274044245507,1.06835886786052,False,False,False,
2023-12-20,-0.6207373922799491,0.7161061806879291,False,False,False,
2023-12-21,-0.5901166511782776,0.7865998686324931,False,False,False,
2023-12-22,-0.7543573015253173,0.4084924572235487,False,False,True,0.0
2023-12-25,-0.7543573015253173,0.4084924572235487,False,False,True,0.0
2023-12-26,-0.6851218262986265,0.5678832430023265,False,False,False,
2023-12-27,-0.8979325408027989,0.0779600223426561,False,False,True,0.0
2023-12-28,-0.915896477429868,0.0366042583315945,False,False,True,0.0
2023-12-29,-0.7192652281952974,0.48927984438836,False,False,True,0.0
2024-01-01,-0.7192652281952974,0.48927984438836,False,False,True,0.0
2024-01-02,-0.5486965116224098,0.8819554442136552,False,False,False,
2024-01-03,-0.509428213566963,0.9723571474266351,False,False,False,
2024-01-04,-0.2650293019861749,1.5350012895054408,False,False,False,
2024-01-05,-0.2458526489709243,1.5791489144433777,False,False,False,
2024-01-08,-0.2594961509125255,1.547739460140856,False,False,False,
2024-01-09,-0.3686084055776746,1.2965461527759683,False,False,False,
2024-01-10,-0.4767735697245996,1.0475331944504869,False,False,False,
2024-01-11,-0.4043423098016205,1.2142811714993955,False,False,False,
2024-01-12,-0.4122770242391596,1.1960142300941603,False,False,False,
2024-01-15,-0.4122770242391596,1.1960142300941603,False,False,False,
2024-01-16,-0.4100480016980725,1.2011457851702136,False,False,False,
2024-01-17,-0.5649899329487482,0.8444454651209055,False,False,False,
2024-01-18,-0.5035100317734873,0.9859817184049549,False,False,False,
2024-01-19,-0.4644487748219319,1.0759067809343876,False,False,False,
2024-01-22,-0.3296292212620528,1.386282271387712,False,False,False,
2024-01-23,-0.4239330450246825,1.1691802651942989,False,False,False,
2024-01-24,-0.437179089390213,1.1386858197821796,False,False,False,
2024-01-25,-0.3620643454990784,1.311611592490158,False,False,False,
2024-01-26,-0.5357427914293567,0.9117769141114052,False,False,False,
2024-01-29,-0.8229209556295984,0.2506483077067891,False,False,True,0.0
2024-01-30,-0.5354817934797893,0.9123777718094565,False,False,False,
2024-01-31,-0.2671462130604993,1.530127832387459,False,False,False,
2024-02-01,-0.4312621100120566,1.1523076226142284,False,False,False,
2024-02-02,-0.8364986310672009,0.2193903962103664,False,False,True,0.0
2024-02-05,-0.765104929849258,0.3837497524439222,False,False,True,0.0
2024-02-06,-0.7112432074011963,0.5077477785466648,False,False,False,
2024-02-07,-0.9005869216377675,0.0718492266030946,False,False,True,0.0
2024-02-08,-0.7365575101701154,0.4494703333992321,False,False,True,0.0
2024-02-09,-0.8693661433063937,0.1437242931722096,False,False,True,0.0
2024-02-12,-0.8686880161437216,0.1452854469154654,False,False,True,0.0
2024-02-13,-0.8054065888343018,0.290969092344718,False,False,True,0.0
2024-02-14,-0.8464752622537333,0.1964226462376844,False,False,True,0.0
2024-02-15,-0.8320056555589304,0.229733921612673,False,False,True,0.0
2024-02-16,-0.7308626156124376,0.4625808625824797,False,False,True,0.0
2024-02-19,-0.7308626156124376,0.4625808625824797,False,False,True,0.0
2024-02-20,-0.8984894671279733,0.076677891696484,False,False,True,0.0
2024-02-21,-0.7094888234768746,0.5117866420243794,False,False,False,
2024-02-22,-0.7907231263997971,0.3247726967502038,False,False,True,0.0
2024-02-23,-0.6894126522982162,0.5580050970738797,False,False,False,
2024-02-26,-0.7493405341303401,0.4200418326634751,False,False,True,0.0
2024-02-27,-0.727830712513196,0.4695607730375023,False,False,True,0.0
2024-02-28,-0.8620723022681887,0.1605158447665117,False,False,True,0.0
2024-02-29,-0.6224209796544073,0.7122303018315551,False,False,False,
2024-03-01,-0.9821540064029648,-0.1159308340065993,False,False,True,0.0
2024-03-04,-1.0187559755144662,-0.2001942350828686,False,False,True,0.0
2024-03-05,-0.7504890535319646,0.4173977631412003,False,False,True,0.0
2024-03-06,-0.6829449160132413,0.5728948275956492,False,False,False,
2024-03-07,-1.0232102529661231,-0.2104486715660695,False,False,True,0.0
2024-03-08,-1.017715799949059,-0.1977995898496944,False,False,True,0.0
2024-03-11,-0.6611436274707216,0.6230847699684642,False,False,False,
2024-03-12,-0.8220327920028865,0.2526929979165152,False,False,True,0.0
2024-03-13,-0.979395743181982,-0.1095808849272049,False,False,True,0.0
2024-03-14,-0.7669477709003161,0.3795072469619883,False,False,True,0.0
2024-03-15,-0.988915611401154,-0.1314970958147024,False,False,True,0.0
2024-03-18,-1.2689093507190137,-0.7760860435599084,False,False,False,
2024-03-19,-1.170237304843596,-0.5489277135999024,False,False,False,
2024-03-20,-1.144405252553355,-0.4894583288756869,False,False,True,0.0
2024-03-21,-0.929393152551114,0.0055328221071349,False,False,True,0.0
2024-03-22,-1.1130674711599795,-0.4173139031387478,False,False,True,0.0
2024-03-25,-1.0236580631846834,-0.2114796000370933,False,False,True,0.0
2024-03-26,-1.0818031031767816,-0.3453384864408395,False,False,True,0.0
2024-03-27,-1.044767810365414,-0.2600775071029624,False,False,True,0.0
2024-03-28,-0.786851059130754,0.3336867952319478,False,False,True,0.0
2024-03-29,-0.786851059130754,0.3336867952319478,False,False,True,0.0
2024-04-01,-1.1691016424431666,-0.5463132428854145,False,False,False,
2024-04-02,-0.8575018790016031,0.1710376669020206,False,False,True,0.0
2024-04-03,-0.7232087341888018,0.4802012828999039,False,False,True,0.0
2024-04-04,-0.7016349306575762,0.5298675195483871,False,False,False,
2024-04-05,-0.6993168057722983,0.5352042020191582,False,False,False,
2024-04-08,-0.8814983836238639,0.11579399716244,False,False,True,0.0
2024-04-09,-0.6571303456018143,0.6323239663275911,False,False,False,
2024-04-10,-0.6706057195685844,0.6013015686594321,False,False,False,
2024-04-11,-0.8556829559653352,0.1752251094099635,False,False,True,0.0
2024-04-12,-0.7525566326382602,0.4126378758531703,False,False,True,0.0
2024-04-15,-0.7024699097090092,0.5279452684671173,False,False,False,
2024-04-16,-0.5666221286927282,0.8406878977564013,False,False,False,
2024-04-17,-0.7707039074269062,0.370860039002408,False,False,True,0.0
2024-04-18,-0.7384535357964523,0.445105388788842,False,False,True,0.0
2024-04-19,-0.532442860672262,0.9193738657415732,False,False,False,
2024-04-22,-0.523277339124661,0.940474315716982,False,False,False,
2024-04-23,-0.5608945784438788,0.8538736053977869,False,False,False,
2024-04-24,-0.2645665816300777,1.536066543422059,False,False,False,
2024-04-25,-0.2406782057716157,1.5910612840025526,False,False,False,
2024-04-26,-0.6727216433000365,0.5964303845576424,False,False,False,
2024-04-29,-0.5816701779396851,0.8060449580487302,False,False,False,
2024-04-30,-0.4250669478118709,1.1665698453819853,False,False,False,
2024-05-01,-0.5894480404884632,0.7881391139815092,False,False,False,
2024-05-02,-0.4986330978649391,0.9972091755045052,False,False,False,
2024-05-03,-0.5968997207582731,0.7709841920330666,False,False,False,
2024-05-06,-0.6288612423237225,0.697403819827599,False,False,False,
2024-05-07,-0.6728963708382025,0.5960281347064744,False,False,False,
2024-05-08,-0.5969972672557446,0.7707596248898347,False,False,False,
2024-05-09,-0.7643279753231695,0.3855384220821697,False,False,True,0.0
2024-05-10,-0.7261148965496886,0.4735108470967871,False,False,True,0.0
2024-05-13,-0.6135277685168035,0.7327038510731555,False,False,False,
2024-05-14,-0.7995202120109752,0.3045204433564363,False,False,True,0.0
2024-05-15,-1.0488020482205511,-0.2693649473876349,False,False,True,0.0
2024-05-16,-1.191567592304068,-0.5980333385426081,False,False,False,
2024-05-17,-1.2377766357438134,-0.7044137124741977,False,False,False,
2024-05-20,-0.9412776790223631,-0.0218271982676629,False,False,True,0.0
2024-05-21,-0.8050165096180137,0.2918671151082876,False,False,True,0.0
2024-05-22,-0.8540972935881541,0.1788755497579384,False,False,True,0.0
2024-05-23,-0.9240329694023616,0.017872793793622,False,False,True,0.0
2024-05-24,-1.113361639922374,-0.4179911251847598,False,False,True,0.0
2024-05-27,-1.113361639922374,-0.4179911251847598,False,False,True,0.0
2024-05-28,-0.854377963174727,0.1782294049051504,False,False,True,0.0
2024-05-29,-0.9668403378121012,-0.0806763974354389,False,False,True,0.0
2024-05-30,-0.9636166523980024,-0.0732549743922019,False,False,True,0.0
2024-05-31,-0.959092729166656,-0.0628402025388099,False,False,True,0.0
2024-06-03,-1.1774759866208058,-0.5655922800334294,False,False,False,
2024-06-04,-1.0965584344807269,-0.3793075441133919,False,False,True,0.0
2024-06-05,-0.8007104248293615,0.3017803891321327,False,False,True,0.0
2024-06-06,-0.8589764505864252,0.167642974761578,False,False,True,0.0
2024-06-07,-0.9566498508858388,-0.0572163184321942,False,False,True,0.0
2024-06-10,-0.8375896999474435,0.2168785866851016,False,False,True,0.0
2024-06-11,-0.9099901286394072,0.0502015879045152,False,False,True,0.0
2024-06-12,-0.727096104597905,0.4712519542198972,False,False,True,0.0
2024-06-13,-0.8795830245721561,0.1202034503120085,False,False,True,0.0
2024-06-14,-0.902413874056009,0.0676432992144184,False,False,True,0.0
2024-06-17,-0.948589735915874,-0.0386606855817869,False,False,True,0.0
2024-06-18,-1.0977922180758242,-0.3821479050130555,False,False,True,0.0
2024-06-19,-1.0977922180758242,-0.3821479050130555,False,False,True,0.0
2024-06-20,-1.0649045434305435,-0.306435384993734,False,False,True,0.0
2024-06-21,-1.888801535970515,-2.2031738505237923,True,False,False,1.0
2024-06-24,-0.9464284102256216,-0.0336849791398902,False,False,True,0.0
2024-06-25,-1.033724968411576,-0.2346551748305243,False,False,True,0.0
2024-06-26,-1.0914482604553086,-0.3675431321452378,False,False,True,0.0
2024-06-27,-1.152715169813547,-0.5085890452825846,False,False,False,
2024-06-28,-1.2863747599083697,-0.8162941202073858,False,False,False,
2024-07-01,-1.0689849038696764,-0.3158290066093086,False,False,True,0.0
2024-07-02,-1.230055038135646,-0.6866373990134521,False,False,False,
2024-07-03,-1.0388747015796866,-0.2465106580712855,False,False,True,0.0
2024-07-04,-1.0388747015796866,-0.2465106580712855,False,False,True,0.0
2024-07-05,-1.3151119351877298,-0.8824515479399526,False,False,False,
2024-07-08,-1.203417103710137,-0.6253127488149285,False,False,False,
2024-07-09,-1.1927509028046757,-0.6007575025624922,False,False,False,
2024-07-10,-1.203628038832619,-0.6257983541322982,False,False,False,
2024-07-11,-0.8759552890781208,0.1285550592104614,False,False,True,0.0
2024-07-12,-0.8888918837681103,0.0987730148728198,False,False,True,0.0
2024-07-15,-0.959154944866583,-0.0629834327147664,False,False,True,0.0
2024-07-16,-1.0023033938024355,-0.1623178441346749,False,False,True,0.0
2024-07-17,-0.9417393376763812,-0.0228900079816798,False,False,True,0.0
2024-07-18,-0.9648428973517014,-0.0760779801719326,False,False,True,0.0
2024-07-19,-0.7651415701344035,0.383665400833402,False,False,True,0.0
2024-07-22,-0.8711254423824073,0.1396741142541399,False,False,True,0.0
2024-07-23,-0.7432788899851346,0.4339966761920592,False,False,True,0.0
2024-07-24,-0.6847194850291771,0.5688094949111753,False,False,False,
2024-07-25,-0.4702711699551116,1.062502725681593,False,False,False,
2024-07-26,-0.6656185698846855,0.6127827595418569,False,False,False,
2024-07-29,-0.7807856692267023,0.3476502620774641,False,False,True,0.0
2024-07-30,-0.8213050475318937,0.2543683783872624,False,False,True,0.0
2024-07-31,-0.7989581751791093,0.3058143391804256,False,False,True,0.0
2024-08-01,-0.7083379659258071,0.5144360943287577,False,False,False,
2024-08-02,-0.6010903277845614,0.7613367657010717,False,False,False,
2024-08-05,-0.8460078317623925,0.1974987436150452,False,False,True,0.0
2024-08-06,0.0243469753932572,2.2011902928483997,False,True,False,-1.0
2024-08-07,-0.4231665707189904,1.1709448077422269,False,False,False,
2024-08-08,-0.4664710525903786,1.0712511843414518,False,False,False,
2024-08-09,-0.5791027738625019,0.8119555198226475,False,False,False,
2024-08-12,-0.619551659374622,0.718835921458611,False,False,False,
2024-08-13,-0.5361642866476757,0.9108065668460776,False,False,False,
2024-08-14,-0.5926479823345687,0.7807723523087227,False,False,False,
2024-08-15,-0.3964657747112596,1.2324141750377715,False,False,False,
2024-08-16,-0.5093936394315222,0.9724367424405712,False,False,False,
2024-08-19,-0.611194759371898,0.7380747994145659,False,False,False,
2024-08-20,-0.5684759065873948,0.8364202139668009,False,False,False,
2024-08-21,-0.549873800850861,0.8792451420947296,False,False,False,
2024-08-22,-0.6108204919197817,0.738936421048402,False,False,False,
2024-08-23,-0.5167823921489401,0.9554266894626968,False,False,False,
2024-08-26,-0.5641915023239505,0.8462835760641706,False,False,False,
2024-08-27,-0.6131539623589504,0.7335644107361616,False,False,False,
2024-08-28,-0.6373804190858152,0.6777913556413955,False,False,False,
2024-08-29,-0.6522757902506839,0.6434999045224219,False,False,False,
2024-08-30,-0.5650966896990894,0.8441996945492677,False,False,False,
2024-09-02,-0.5650966896990894,0.8441996945492677,False,False,False,
2024-09-03,-0.9590213313202868,-0.0626758336397959,False,False,True,0.0
2024-09-04,-0.8366679301481952,0.2190006435082588,False,False,True,0.0
2024-09-05,-0.8477476153915973,0.1934934922776917,False,False,True,0.0
2024-09-06,-0.9086473416192576,0.0532928915689217,False,False,True,0.0
2024-09-09,-1.2595776079103589,-0.7546029265005259,False,False,False,
2024-09-10,-0.7400604490587455,0.4414060256124266,False,False,True,0.0
2024-09-11,-1.1343479163257086,-0.4663047834003763,False,False,True,0.0
2024-09-12,-1.3235918867422924,-0.9019737096240056,False,False,False,
2024-09-13,-1.30262433462255,-0.8537031576088608,False,False,False,
2024-09-16,-1.2910573555571148,-0.8270741805376436,False,False,False,
2024-09-17,-1.2788387878369465,-0.7989451454781994,False,False,False,
2024-09-18,-1.2458125028403515,-0.7229135229649513,False,False,False,
2024-09-19,-1.178724849418188,-0.5684673555919187,False,False,False,
2024-09-20,-1.248981378843098,-0.7302087662554682,False,False,False,
2024-09-23,-1.054926186065586,-0.2834636610910014,False,False,True,0.0
2024-09-24,-0.9313986404261244,0.0009158784489731,False,False,True,0.0
2024-09-25,-0.7705056847995593,0.3713163781873202,False,False,True,0.0
2024-09-26,-1.1870064416951038,-0.5875328635009074,False,False,False,
2024-09-27,-0.9646915529606872,-0.0757295619466229,False,False,True,0.0
2024-09-30,-0.9913648760174852,-0.1371356822546588,False,False,True,0.0
2024-10-01,-0.9175831462645192,0.0327212854766617,False,False,True,0.0
2024-10-02,-0.8817643224819847,0.1151817647277497,False,False,True,0.0
2024-10-03,-0.9815262853726096,-0.1144857229858317,False,False,True,0.0
2024-10-04,-0.8487280554670065,0.1912363673931321,False,False,True,0.0
2024-10-07,-0.8812418360199672,0.1163846094755768,False,False,True,0.0
2024-10-08,-0.9906970269057638,-0.1355981901763508,False,False,True,0.0
2024-10-09,-1.075040598350398,-0.3297701530888859,False,False,True,0.0
2024-10-10,-1.1779116376567629,-0.5665952161831299,False,False,False,
2024-10-11,-1.0145825164243831,-0.1905862859555479,False,False,True,0.0
2024-10-14,-0.9289834405250303,0.0064760426391914,False,False,True,0.0
2024-10-15,-0.8861338236726226,0.1051224963258684,False,False,True,0.0
2024-10-16,-0.7422207480351801,0.4364326828247357,False,False,True,0.0
2024-10-17,-0.7109218497911911,0.508487593530342,False,False,False,
2024-10-18,-0.6679165318201967,0.6074924953038835,False,False,False,
2024-10-21,-0.5772648468294506,0.8161867124741449,False,False,False,
2024-10-22,-0.6421622115514936,0.6667829288769369,False,False,False,
2024-10-23,-0.5890921749941924,0.7889583714586574,False,False,False,
2024-10-24,-0.4784765020665418,1.043612780483203,False,False,False,
2024-10-25,-0.6040885942341561,0.7544342920225086,False,False,False,
2024-10-28,-0.7242108463153158,0.4778942655975667,False,False,True,0.0
2024-10-29,-0.9253820876296572,0.0147669147099143,False,False,True,0.0
2024-10-30,-0.7729972086719386,0.3655805043956716,False,False,True,0.0
2024-10-31,-0.8257562919658312,0.2441209243805453,False,False,True,0.0
2024-11-01,-1.0477696867870063,-0.2669882914961047,False,False,True,0.0
2024-11-04,-0.9391836811206816,-0.0170064908214391,False,False,True,0.0
2024-11-05,-0.7167230732860332,0.4951322786676409,False,False,True,0.0
2024-11-06,-0.662116266324773,0.6208456047035674,False,False,False,
2024-11-07,-1.0109877058949337,-0.1823104754243322,False,False,True,0.0
2024-11-08,-0.9972415143389242,-0.1506646137269273,False,False,True,0.0
2024-11-11,-0.9155799854057988,0.0373328719829624,False,False,True,0.0
2024-11-12,-0.8535594132686697,0.1801138335495475,False,False,True,0.0
2024-11-13,-0.90491762945814,0.0618792665471064,False,False,True,0.0
2024-11-14,-0.6989189053258826,0.5361202304656772,False,False,False,
2024-11-15,-1.0247128828913503,-0.2139079583512391,False,False,True,0.0
2024-11-18,-0.9643752792580926,-0.075001450905099,False,False,True,0.0
2024-11-19,-1.04388802075556,-0.2580520951768432,False,False,True,0.0
2024-11-20,-1.1235960349946197,-0.4415522875396737,False,False,True,0.0
2024-11-21,-0.746972078285836,0.4254943847966381,False,False,True,0.0
2024-11-22,-0.5071033398174052,0.9777093668281078,False,False,False,
2024-11-25,-0.5776362637261343,0.8153316532603516,False,False,False,
2024-11-26,-0.877651251738456,0.1246506905295617,False,False,True,0.0
2024-11-27,-0.7893695618046195,0.3278888120613403,False,False,True,0.0
2024-11-28,-0.7893695618046195,0.3278888120613403,False,False,True,0.0
2024-11-29,-0.835328255072767,0.2220847829940008,False,False,True,0.0
2024-12-02,-0.9208979564399442,0.0250900791212701,False,False,True,0.0
2024-12-03,-0.7291978563807788,0.4664133961384027,False,False,True,0.0
2024-12-04,-0.7318297737279238,0.4603543148265074,False,False,True,0.0
2024-12-05,-0.7574434365946274,0.4013876963750646,False,False,True,0.0
2024-12-06,-0.6767512506864648,0.5871536043290122,False,False,False,
2024-12-09,-0.7387855137678798,0.4443411240885013,False,False,True,0.0
2024-12-10,-1.2462185803563557,-0.7238483762919643,False,False,False,
2024-12-11,-1.4400491350452,-1.17007632978886,False,False,False,
2024-12-12,-1.032090665788985,-0.2308927571051861,False,False,True,0.0
2024-12-13,-1.111855821165591,-0.4145244972155253,False,False,True,0.0
2024-12-16,-1.2679997099194793,-0.7739919095723897,False,False,False,
2024-12-17,-1.050789038945112,-0.2739393077409928,False,False,True,0.0
2024-12-18,-0.9020901992048492,0.0683884488460813,False,False,True,0.0
2024-12-19,-1.462995625587325,-1.2229027045107694,False,False,False,
2024-12-20,-1.144204984300302,-0.4889972803436134,False,False,True,0.0
2024-12-23,-1.379297122733277,-1.030215789389097,False,False,False,
2024-12-24,-1.3002037501104553,-0.8481305972102582,False,False,False,
2024-12-25,-1.3002037501104553,-0.8481305972102582,False,False,False,
2024-12-26,-1.253091519457172,-0.7396709464455157,False,False,False,
2024-12-27,-1.4328952074050392,-1.153606880503847,False,False,False,
2024-12-30,-1.241695690944567,-0.7134359844512921,False,False,False,
2024-12-31,-1.524075374287861,-1.363517744830382,False,False,False,
2025-01-01,-1.524075374287861,-1.363517744830382,False,False,False,
2025-01-02,-1.4659536437947622,-1.229712520503042,False,False,False,
2025-01-03,-1.3593022266965988,-0.9841844423027049,False,False,False,
2025-01-06,-1.6804714770906628,-1.723565792985717,False,False,False,
2025-01-07,-1.5312211272543266,-1.3799683747506184,False,False,False,
2025-01-08,-1.2898131080324615,-0.8242097300516984,False,False,False,
2025-01-09,-1.2898131080324615,-0.8242097300516984,False,False,False,
2025-01-10,-1.5725844610762465,-1.4751931747352955,False,False,False,
2025-01-13,-1.4082878819493772,-1.0969570066140517,False,False,False,
2025-01-14,-1.2794029566962024,-0.8002439495594067,False,False,False,
2025-01-15,-1.3223031436416193,-0.8990068234314763,False,False,False,
2025-01-16,-1.215249924009271,-0.6525537335742977,False,False,False,
2025-01-17,-1.2087654868138316,-0.6376255549703359,False,False,False,
2025-01-20,-1.2087654868138316,-0.6376255549703359,False,False,False,
2025-01-21,-1.2076436177770518,-0.6350428387150097,False,False,False,
2025-01-22,-1.1322384626980408,-0.4614484944794584,False,False,True,0.0
2025-01-23,-1.186668926928775,-0.5867558522412749,False,False,False,
2025-01-24,-1.1281599922769487,-0.4520592239781018,False,False,True,0.0
2025-01-27,-0.7402905436825051,0.4408763121560742,False,False,True,0.0
2025-01-28,-0.9791686143402956,-0.1090579991604663,False,False,True,0.0
2025-01-29,-0.980732610058766,-0.11265855950479,False,False,True,0.0
2025-01-30,-1.067505479573498,-0.3124231427758328,False,False,True,0.0
2025-01-31,-1.291617649066609,-0.8283640629635621,False,False,False,
2025-02-03,-1.4221832526402522,-1.1289463017818004,False,False,False,
2025-02-04,-1.5745383755231614,-1.4796913883753202,False,False,False,
2025-02-05,-0.7235689770990348,0.4793719479333241,False,False,True,0.0
2025-02-06,-0.9870747579565772,-0.1272591661106891,False,False,True,0.0
2025-02-07,-0.8091130055480562,0.2824363470938966,False,False,True,0.0
2025-02-10,-0.8949379034601463,0.0848541412550349,False,False,True,0.0
2025-02-11,-0.8587737073455912,0.1681097210987998,False,False,True,0.0
2025-02-12,-0.7648136701585031,0.3844202773565209,False,False,True,0.0
2025-02-13,-0.8802974009084323,0.1185588453575684,False,False,True,0.0
2025-02-14,-0.9673695664701824,-0.0818947637627011,False,False,True,0.0
2025-02-17,-0.9673695664701824,-0.0818947637627011,False,False,True,0.0
2025-02-18,-0.5572882922116946,0.8621758347738255,False,False,False,
2025-02-19,-0.7481910200066579,0.4226881921899692,False,False,True,0.0
2025-02-20,-0.5184532750584765,0.9515800582519868,False,False,False,
2025-02-21,-0.6093488633463267,0.7423243379209228,False,False,False,
2025-02-24,-0.5836027781693076,0.8015958130376329,False,False,False,
2025-02-25,-0.519747624706298,0.9486002649196918,False,False,False,
2025-02-26,-0.4619324894479746,1.0816996595372357,False,False,False,
2025-02-27,-0.6621297160558584,0.6208146413397835,False,False,False,
2025-02-28,-0.4574229006650228,1.0920814312705904,False,False,False,
2025-03-03,-0.7010887149989173,0.5311249925815865,False,False,False,
2025-03-04,-0.7161434452278854,0.4964666722187086,False,False,True,0.0
2025-03-05,-0.4660001666217113,1.0723352367627337,False,False,False,
2025-03-06,-0.5664458427547459,0.8410937352852802,False,False,False,
2025-03-07,-0.5577366354069397,0.861143679307936,False,False,False,
2025-03-10,-0.3979334906582608,1.2290352656372572,False,False,False,
2025-03-11,-0.3721396330437869,1.288416720303029,False,False,False,
2025-03-12,-0.4654144075138333,1.0736837449397345,False,False,False,
2025-03-13,-0.32409928367872,1.3990130440707775,False,False,False,
2025-03-14,-0.2025903580683916,1.678745407700153,False,False,False,
2025-03-17,-0.035651783878535,2.063063857595796,False,True,False,-1.0
2025-03-18,-0.2646420267784322,1.5358928570071102,False,False,False,
2025-03-19,0.0799714776781002,2.3292465111195293,False,True,False,-1.0
2025-03-20,-0.0446644244247238,2.0423153633607933,False,True,False,-1.0
2025-03-21,-0.0514429901691926,2.026710055288213,False,True,False,-1.0
2025-03-24,-0.1134478296575309,1.883965312715503,False,False,False,
2025-03-25,-0.1740457423081238,1.744459533599998,False,False,False,
2025-03-26,-0.2465171934746024,1.5776190300845367,False,False,False,
2025-03-27,-0.446774926513342,1.1165947167132275,False,False,False,
2025-03-28,-0.4452841138902954,1.1200267982387504,False,False,False,
2025-03-31,-0.5896529160450541,0.7876674587232046,False,False,False,
2025-04-01,-0.403902633020067,1.2152933755388862,False,False,False,
2025-04-02,-0.393469819826663,1.2393113271357403,False,False,False,
2025-04-03,-0.2143932566084174,1.6515733074639338,False,False,False,
2025-04-04,0.0877687512034128,2.347197042260717,False,True,False,-1.0
2025-04-07,0.4215657021815389,3.115649315214179,False,True,False,-1.0
2025-04-08,-0.1595401355370143,1.777853686725617,False,False,False,
2025-04-09,0.1129748780208501,2.405225449615709,False,True,False,-1.0
2025-04-10,0.3959913091005944,3.0567731018908737,False,True,False,-1.0
2025-04-11,0.04510777775576,2.248984874905107,False,True,False,-1.0
2025-04-14,0.1579037247549592,2.508658612479639,False,True,False,-1.0
2025-04-15,0.166807255663997,2.5291559194332,False,True,False,-1.0
2025-04-16,0.0088133175737539,2.1654294070053743,False,True,False,-1.0
2025-04-17,0.0693981994873809,2.304905187346443,False,True,False,-1.0
2025-04-18,0.0693981994873809,2.304905187346443,False,True,False,-1.0
2025-04-21,0.1085952853792662,2.3951429491309875,False,True,False,-1.0
2025-04-22,0.2950245145201222,2.824331905047007,False,True,False,-1.0
2025-04-23,0.180338325678889,2.560306538029227,False,True,False,-1.0
2025-04-24,-0.0550475577947224,2.0184117824108365,False,True,False,-1.0
2025-04-25,-0.3928252947451369,1.2407951236845791,False,False,False,
2025-04-28,-0.4537988031927966,1.1004246648794545,False,False,False,
2025-04-29,-0.3574597627906541,1.3222120549507113,False,False,False,
2025-04-30,-0.1482881263029014,1.8037575544688969,False,False,False,
2025-05-01,-0.7835317049630248,0.3413284625613064,False,False,True,0.0
2025-05-02,-0.5320024226786586,0.920387822209084,False,False,False,
2025-05-05,-0.4745420741330122,1.0526704428717684,False,False,False,
2025-05-06,-0.3307239462116627,1.3837620450245849,False,False,False,
2025-05-07,-0.7137014948280296,0.5020884201996595,False,False,False,
2025-05-08,-0.7045738282088507,0.5231017222676256,False,False,False,
2025-05-09,-0.5230048485168197,0.941101631294133,False,False,False,
