Date,DailyPnL,EquityCurve,Exposure,DailyRet_RL,CumRet_RL
2022-04-04,0.7633118718570856,0.7633118718570856,0.0,0.0,0.0
2022-04-05,-0.21949529804381795,0.5438165738132676,1106.7871437072754,-0.0001983175349404586,-0.0001983175349404842
2022-04-06,0.28100435712970984,0.8248209309429775,1086.572437286377,0.00025861539229864373,6.024656939085382e-05
2022-04-07,-0.3457000546590022,0.47912087628397526,1077.9187088012695,-0.0003207106916656525,-0.0002604834439936532
2022-04-08,-0.4346064036090995,0.04451447267487574,1078.1658058166504,-0.0004030979291537719,-0.0006634763728105009
2022-04-11,0.6441261037819845,0.6886405764568603,1060.773624420166,0.000607222963461288,-5.6656287438561215e-05
2022-04-12,-0.02106454026717719,0.6675760361896831,1054.571361541748,-1.9974504367709678e-05,-7.662966012500494e-05
2022-04-13,-0.49016376628153036,0.17741226990815273,1068.6615982055664,-0.0004586707027786761,-0.0005352652151237036
2022-04-14,-0.0005,0.17691226990815273,1064.5811576843262,-4.6966827882582345e-07,-0.0005357346320054024
2022-04-15,0.9055854960531018,1.0824977659612545,883.8405265808105,0.0010246028200996994,0.0004883192728795116
2022-04-18,-0.4689225232994034,0.613575242661851,884.8467559814453,-0.0005299477227322699,-4.188723353937274e-05
2022-04-19,0.361434297373881,0.975009540035732,899.5434532165527,0.00040179748524818697,0.00035989342152364934
2022-04-20,0.18196347020511594,1.156973010240848,899.3774223327637,0.00020232159012080543,0.0005622878258537689
2022-04-21,0.721028497860222,1.87800150810107,889.5540351867676,0.0008105505335702709,0.0013732941221213935
2022-04-22,-0.2513412640675204,1.6266602440335496,856.7726821899414,-0.0002933581675656175,0.0010795330875086329
2022-04-25,-0.6635476334768328,0.9631126105567168,868.5577774047852,-0.000763964874575743,0.0003147434875729882
2022-04-26,0.2784126245427766,1.2415252350994934,839.0294418334961,0.00033182700232112607,0.0006466749302820318
2022-04-27,-0.8762794722263498,0.3652457628731436,859.5452690124512,-0.0010194686700249365,-0.0003734530045739204
2022-04-28,0.3496101820862021,0.7148559449593457,891.8769416809082,0.0003919937445936169,1.8394348777928116e-05
2022-04-29,0.35126458907797775,1.0661205340373234,859.209415435791,0.0004088230212186587,0.00042722489002988695
2022-05-02,0.03306980826606892,1.0991903423033924,859.3169860839844,3.848382936868524e-05,0.0004657251606483559
2022-05-03,0.5323173718638875,1.63150771416728,1030.3440704345703,0.0005166403992011823,0.0009826061722824075
2022-05-04,0.03704688991755922,1.6685546040848394,883.5297584533691,4.193055136299009e-05,0.0010245779248641007
2022-05-05,1.1092416863031325,2.777796290387972,846.9540138244629,0.0013096834871757636,0.0023356032848294017
2022-05-06,-1.543406967231003,1.234389323156969,1008.3482627868652,-0.0015306288751520695,0.0008013994678486291
2022-05-09,1.647544757298915,2.881934080455884,972.6065559387207,0.0016939478222093322,0.0024967048189412644
2022-05-10,-0.44526328403015314,2.436670796425731,971.5714244842529,-0.00045829186903733384,0.0020372687303860104
2022-05-11,0.2510361094308342,2.6877069058565652,799.7510890960693,0.00031389280096457453,0.002351801015338717
2022-05-12,-0.7469439664344948,1.9407629394220705,791.8441009521484,-0.0009432967493681348,0.0014062858197176897
2022-05-13,-0.15807658411333153,1.7826863553087389,993.1228904724121,-0.00015917122204094712,0.00124689075744433
2022-05-16,-0.525211519506376,1.2574748358023629,985.6735229492188,-0.000532845315693272,0.0007133810418518127
2022-05-17,0.6534020505145037,1.9108768863168666,775.4669532775879,0.000842591741340924,0.0015565738721670108
2022-05-18,-0.1885985361382681,1.7222783501785985,764.4059104919434,-0.0002467256382370108,0.0013094641872479773
2022-05-19,-0.2753439584735337,1.4469343917050648,978.6027221679688,-0.00028136439050930137,0.0010277313601456672
2022-05-20,-0.24086327838837412,1.2060711133166906,765.0654258728027,-0.0003148270334051395,0.0007125807691252817
2022-05-23,-0.19315643034951407,1.0129146829671765,1010.7652435302734,-0.00019109920091324236,0.000521345394596473
2022-05-24,0.9493320385934708,1.9622467215606472,778.1009922027588,0.0012200627529158738,0.0017420442216098397
2022-05-25,-0.029770004569054986,1.9324767169915922,782.5353908538818,-3.8043013666858886e-05,0.0017039349353309419
2022-05-26,-0.39817500551060453,1.5343017114809876,794.3407649993896,-0.0005012647254870654,0.0012018160873663586
2022-05-27,0.0,1.5343017114809876,809.6958427429199,0.0,0.0012018160873663586
2022-05-30,-0.039187164971271504,1.4951145465097162,809.6958427429199,-4.839738936848353e-05,0.0011533605332367802
2022-05-31,0.021024188080740358,1.5161387345904567,806.5910358428955,2.606548690287622e-05,0.0011794560830435952
2022-06-01,0.04360876632148464,1.5597475009119413,801.3341617584229,5.442020121267626e-05,0.001233940470493744
2022-06-02,0.18456138537306105,1.7443088862850022,811.4955368041992,0.00022743364196418586,0.0014616547520329704
2022-06-03,-0.21610931989879809,1.5281995663862042,802.1550331115723,-0.0002694109130756265,0.0011918500532159815
2022-06-06,-0.26014493557721496,1.2680546308089893,804.5842418670654,-0.0003233283999864821,0.0008681362942588589
2022-06-07,0.5801364994235478,1.8481911302325371,813.0851173400879,0.0007135003298564805,0.0015822560396476781
2022-06-08,0.7814520107569917,2.6296431409895287,805.7330932617188,0.0009698646081341478,0.0025536552219156405
2022-06-09,0.2833397761756975,2.912982917165226,779.0491924285889,0.0003636994671574218,0.0029182834521166434
2022-06-10,0.3585248182718645,3.2715077354370905,755.8079109191895,0.0004743597058091626,0.003394027474005634
2022-06-13,0.389439849867836,3.6609475853049265,725.6082954406738,0.0005367081003826214,0.003932557176426599
2022-06-14,0.015734143729291307,3.6766817290342177,724.8125267028809,2.1707880520311612e-05,0.003954350424428155
2022-06-15,-0.13532262193383432,3.5413591071003836,731.9188213348389,-0.00018488747384175656,0.003768731840725792
2022-06-16,0.2576505897853506,3.7990096968857343,705.7425270080566,0.00036507731917139987,0.0041351850384143685
2022-06-17,-0.0005,3.798509696885734,706.9299907684326,-7.072836158167518e-07,0.004134474830050028
2022-06-20,-0.3615899043506425,3.436919792535092,215.7754955291748,-0.0016757690833422382,0.0024517773216117256
2022-06-21,-0.1372404328685865,3.2996793596665053,721.0681819915771,-0.00019032934235085916,0.002260981334095691
2022-06-22,-0.0024442150475669773,3.2972351446189383,220.25100135803223,-1.1097407196772503e-05,0.002249858835868368
2022-06-23,0.11733131764644206,3.4145664622653804,727.4702758789062,0.00016128675155103228,0.002411508459842393
2022-06-24,-0.6185561775184099,2.7960102847469708,755.035062789917,-0.0008192416590996366,0.0015902911925511631
2022-06-27,0.05664932467985179,2.8526596094268224,754.7744007110596,7.505464497270106e-05,0.0016654651962646483
2022-06-28,-0.11202642267439503,2.740633186752427,60.19671440124512,-0.0018610056011973612,-0.00019863984499157716
2022-06-29,-0.054173409552040946,2.6864597772003864,572.1857509613037,-9.467801227315888e-05,-0.00029329905043906646
2022-06-30,-0.09825837685285974,2.588201400347527,736.0168285369873,-0.00013350017695678534,-0.00042676007192077314
2022-07-01,-0.0005,2.5877014003475267,746.1310520172119,-6.701235642830019e-07,-0.00042742990950306314
2022-07-04,-0.34430239655756933,2.2433990037899574,568.4419422149658,-0.0006056949197238609,-0.0010328659371021676
2022-07-05,-0.1035403203255713,2.1398586834643862,741.3677825927734,-0.0001396612083188474,-0.0011723828941162528
2022-07-06,0.45480599334673194,2.594664676811118,572.3037624359131,0.0007946933485303818,-0.0003786212304738301
2022-07-07,-0.015288462643041428,2.5793762141680765,750.3810348510742,-2.0374265783617095e-05,-0.0003989877821278798
2022-07-08,-0.4335616099149561,2.1458146042531205,748.9888439178467,-0.0005788625737695388,-0.0009776193968028535
2022-07-11,-0.13483947872320057,2.01097512552992,752.0166454315186,-0.0001793038485814734,-0.0011567479544639658
2022-07-12,0.15155956437317816,2.162534689903098,750.6377449035645,0.00020190773166176083,-0.0009550737791578223
2022-07-13,-0.04354072258862185,2.118993967314476,749.1772975921631,-5.811804859618762e-05,-0.0010131363207297461
2022-07-14,-0.16249401176658124,1.956499955547895,751.8371391296387,-0.0002161292696376928,-0.0012290466219543328
2022-07-15,0.592164111002614,2.548664066550509,766.6056137084961,0.000772449484341744,-0.000457546514041951
2022-07-18,-0.19293684574577602,2.355727220804733,758.6020774841309,-0.0002543320819600735,-0.0007117622272444502
2022-07-19,1.1473253947287727,3.5030526155335058,776.2707786560059,0.0014779963722390673,0.0007651821630048072
2022-07-20,0.33081596645561434,3.8338685819891203,774.5921993255615,0.0004270840407941834,0.0011925930008891417
2022-07-21,-0.35729644615418454,3.4765721358349357,783.8634853363037,-0.00045581463206044405,0.0007362347674888525
2022-07-22,-0.1919205600474417,3.284651575787494,781.2868175506592,-0.00024564674039825,0.000490407173419749
2022-07-25,-0.09876416590599751,3.1858874098814964,784.1389236450195,-0.00012595238283402463,0.00036439302263380213
2022-07-26,0.12802154852458714,3.3139089584060835,779.9136753082275,0.00016414835715503013,0.0005286011943048674
2022-07-27,0.3749758020966581,3.6888847605027415,780.7732639312744,0.00048026209325946435,0.001009117154680217
2022-07-28,0.5468352253827613,4.235719985885503,617.9189796447754,0.000884962662414289,0.001894972848098364
2022-07-29,-0.32378433629773473,3.9119356495877677,616.8815231323242,-0.0005248728064566805,0.001369105421924699
2022-08-01,0.12706007395269986,4.038995723540467,613.4576263427734,0.00020712119060315375,0.0015765101832729833
2022-08-02,-0.21036903032273552,3.828626693217732,785.5393447875977,-0.0002678020289099807,0.0013082859617372655
2022-08-03,-0.43156637604810993,3.397060317169622,731.5836029052734,-0.0005899071197526414,0.0007176070747811902
2022-08-04,0.16868663222177532,3.5657469493913974,799.4250621795654,0.0002110099372689985,0.0009287684342740299
2022-08-05,-0.20561610707888844,3.360130842312509,740.3541488647461,-0.0002777266898472559,0.0006507838006439837
2022-08-08,0.1664337285087084,3.5265645708212174,733.9080276489258,0.0002267773647903523,0.0008777087484697077
2022-08-09,0.17954602452876597,3.7061105953499833,790.2222232818604,0.00022720953579753302,0.0011051177080645402
2022-08-10,-0.33444397497312706,3.3716666203768564,801.2223014831543,-0.00041741720662796447,0.0006872392062899912
2022-08-11,-0.30650398787035893,3.0651626325064973,800.523624420166,-0.00038287937859718434,0.0003040966979726001
2022-08-12,0.3955703097896025,3.4607329422961,806.4824600219727,0.0004904884227473778,0.0007947342766299048
2022-08-15,-0.20179788757228467,3.2589350547238154,1062.2239723205566,-0.00018997677780838705,0.0006046065177645055
2022-08-16,0.31439799834856336,3.573333053072379,1062.466709136963,0.00029591327017102257,0.0009006986990274246
2022-08-17,0.0511264002714929,3.6244594533438717,1051.3670330047607,4.862849857996393e-05,0.0009493709972328013
2022-08-18,-0.34891917101813685,3.2755402823257347,1055.6228256225586,-0.0003305339393474749,0.0006185232585498301
2022-08-19,0.1046279600262231,3.380168242351958,857.0247478485107,0.00012208277565949277,0.0007406815452455362
2022-08-22,0.14890545651006035,3.5290736988620184,836.4605808258057,0.00017801849832905654,0.0009188318985910993
2022-08-23,0.06857643193986657,3.597650130801885,1013.4278888702393,6.766779629117468e-05,0.000986561870212066
2022-08-24,-0.0006556475986754379,3.5969944832032095,1012.7019233703613,-6.474240677783892e-07,0.0009859138074204132
2022-08-25,0.605812189682409,4.202806672885618,1027.8462409973145,0.0005893996256624846,0.0015758945303119276
2022-08-26,0.03573114111620851,4.238537814001827,991.9338493347168,3.6021697555913774e-05,0.001611972994264077
2022-08-29,-0.10578627708424129,4.132751536917586,987.8111152648926,-0.00010709160430521529,0.0015047087611848031
2022-08-30,-0.08949395609596103,4.043257580821625,981.4228744506836,-9.118796639629179e-05,0.0014133835834566622
2022-08-31,0.18973209636272687,4.232989677184352,972.9465827941895,0.0001950077216139023,0.0016086669257830977
2022-09-01,0.32221849928797214,4.555208176472324,980.4069919586182,0.0003286578960889057,0.0019378535229592764
2022-09-02,0.0,4.555208176472324,968.7739410400391,0.0,0.0019378535229592764
2022-09-05,0.32071480188586976,4.875922978358194,968.7739410400391,0.00033105225925210424,0.0022695473129983323
2022-09-06,-0.20983567387117585,4.666087304487018,967.4302406311035,-0.00021690005651910308,0.0020521549915388793
2022-09-07,-0.3649188060105605,4.301168498476457,767.1274757385254,-0.0004756951322324201,0.0015754836591663768
2022-09-08,0.17874300041544516,4.479911498891902,768.0802574157715,0.00023271396275283943,0.0018085642589649176
2022-09-09,0.03533955054301091,4.515251049434913,781.2482872009277,4.52347238668851e-05,0.0018538807927366285
2022-09-12,0.6958833342121379,5.211134383647051,1008.468090057373,0.0006900400132368573,0.0025452000579002654
2022-09-13,2.5072256823910344e-05,5.211159455903875,967.6420249938965,2.5910673757755084e-08,0.002545226034522008
2022-09-14,0.24397242688301427,5.4551318827868895,970.1711864471436,0.00025147358558077137,0.0027973396772198456
2022-09-15,0.5076696934704856,5.962801576257375,949.9466705322266,0.0005344191513256776,0.0033332537804418028
2022-09-16,0.049572530936348974,6.012374107193724,944.7891139984131,5.2469413757906865e-05,0.0033858980880714373
2022-09-19,-0.10154700545310327,5.910827101740621,946.8564033508301,-0.0001072464685180758,0.0032782884939406287
2022-09-20,0.3513995712795296,6.26222667302015,762.0753841400145,0.00046110867585111195,0.0037409088170581306
2022-09-21,-0.18731211358250327,6.074914559437647,259.1848793029785,-0.0007226969184554228,0.003015508355328489
2022-09-22,0.317203772145525,6.3921183315831716,434.5327835083008,0.0007299881256012655,0.003747697766221858
2022-09-23,0.5197840275430143,6.911902359126186,429.19707679748535,0.0012110614345779247,0.0049632978930329585
2022-09-26,0.14552462324273074,7.057426982368916,422.8657474517822,0.00034413906569560676,0.005309145023428163
2022-09-27,0.14091594280752018,7.198342925176437,417.3705520629883,0.0003376278995032059,0.005648565438413966
2022-09-28,0.32385319190546635,7.522196117081903,425.0882320404053,0.0007618493467838075,0.006414718141087183
2022-09-29,-0.16686776771117443,7.355328349370729,411.4145259857178,-0.0004055952261563249,0.006006521135875742
2022-09-30,-0.2455775988379355,7.109750750532793,404.0449028015137,-0.0006077977896396705,0.005395072595966166
2022-10-03,0.6284400483763065,7.7381907989091,416.16356658935547,0.0015100794467104621,0.006913299030917308
2022-10-04,-0.0940449101329183,7.6441458887761815,425.761926651001,-0.00022088614374861034,0.006690885835205274
2022-10-05,0.9435337731675133,8.587679661943694,419.2451229095459,0.0022505539637990854,0.008956497998642066
2022-10-06,-0.0937115572540077,8.493968104689687,412.574499130249,-0.00022713851062429124,0.008727325122402041
2022-10-07,-0.39716870214448663,8.0967994025452,404.7923889160156,-0.0009811664275804586,0.007737595736408753
2022-10-10,0.02264171761271,8.11944112015791,403.2352294921875,5.6150147498827784e-05,0.007794180351049507
2022-10-11,-0.15307096273444057,7.96637015742347,401.12890625,-0.0003816004290626726,0.007409605659420615
2022-10-12,-0.14847865102232471,7.817891506401145,849.9355602264404,-0.00017469400972323942,0.007233617235974155
2022-10-13,-0.03935328736231719,7.778538219038828,876.1218910217285,-4.491759396220953e-05,0.007188374725330071
2022-10-14,0.8967972927286111,8.67533551176744,862.3142261505127,0.0010399889802723487,0.008235839536102851
2022-10-17,0.9383898239974799,9.613725335764919,875.5706195831299,0.0010717465878928864,0.009316412856916978
2022-10-18,-0.2985850490197478,9.315140286745171,888.9462795257568,-0.0003358864938149465,0.008977397105852436
2022-10-19,0.40495264301116685,9.720092929756339,881.9123153686523,0.0004591756299966065,0.009440694937820737
2022-10-20,0.23543431745791144,9.95552724721425,878.2305393218994,0.0002680780352271686,0.00971130381599794
2022-10-21,-0.29008827932380243,9.665438967890449,892.0580081939697,-0.0003251899278513348,0.009382955869959408
2022-10-24,-0.14243055334907523,9.523008414541373,899.107328414917,-0.00015841329377236135,0.009223056191242529
2022-10-25,1.2936511146776835,10.816659529219056,915.2514820098877,0.0014134378803045825,0.010649530288539877
2022-10-26,0.7161915273473612,11.532851056566416,911.1596088409424,0.000786022032142542,0.011443923086121188
2022-10-27,0.6825891933370072,12.215440249903423,854.1601333618164,0.0007991349240925847,0.012252203248820592
2022-10-28,0.5889861490820565,12.80442639898548,881.6001205444336,0.0006680876458119438,0.012928476440257075
2022-10-31,0.6810785792745734,13.485504978260053,927.5566654205322,0.000734271667344214,0.013672241121553297
2022-11-01,-0.3019677118809961,13.183537266379057,396.9796714782715,-0.0007606629094042267,0.012901178245439349
2022-11-02,0.09298659566430867,13.276523862043366,386.7651596069336,0.00024042133412122802,0.013144701298046124
2022-11-03,0.7837877873011991,14.060311649344564,875.134069442749,0.0008956202422793166,0.014052094200886822
2022-11-04,-1.1116161422874635,12.948695507057101,893.237585067749,-0.0012444798123929718,0.012790126840938942
2022-11-07,0.2569108973233297,13.20560640438043,904.5790100097656,0.00028401156171040955,0.01307777094654794
2022-11-08,0.0544222810362342,13.260028685416666,910.2958736419678,5.978526610089771e-05,0.01313833807066489
2022-11-09,0.3648861013904246,13.624914786807091,886.4867744445801,0.0004116091879870859,0.013555355119316825
2022-11-10,0.34662171713180245,13.971536503938893,942.146785736084,0.0003679062778535009,0.01392824849741725
2022-11-11,0.2915314699096041,14.263067973848496,947.8950004577637,0.00030755671226118483,0.014240088935993933
2022-11-14,0.2787001721857749,14.541768146034272,946.9743728637695,0.0002943059286208037,0.014538585807212678
2022-11-15,0.0008069886216665045,14.542575134655939,961.595495223999,8.392183882668048e-07,0.014539437226649632
2022-11-16,-0.00649114154776953,14.53608399310817,963.3430252075195,-6.738141428253175e-06,0.01453260111643706
2022-11-17,-0.2604951739048995,14.27558881920327,959.7488632202148,-0.0002714201432142033,0.014257236532546624
2022-11-18,0.18434854882627327,14.459937368029543,965.7632312774658,0.00019088379310364275,0.01445084180103895
2022-11-21,0.17737196078198203,14.637309328811526,953.008358001709,0.00018611794880151928,0.014639649310874914
2022-11-22,0.020491096086241112,14.657800424897767,967.9452133178711,2.1169685850300167e-05,0.01466112891350213
2022-11-23,-0.001,14.656800424897767,977.8383731842041,-1.0226638956125534e-06,0.014660091256199381
2022-11-24,0.3652273900432341,15.022027814941001,977.8383731842041,0.0003735048654860193,0.015039071737098064
2022-11-25,0.3179949833494987,15.3400227982905,981.8220405578613,0.0003238825064151312,0.015367825135761626
2022-11-28,-0.2328301443384777,15.107192653952023,967.6799144744873,-0.00024060656923412482,0.015123520966844994
2022-11-29,-0.49751884337722807,14.609673810574794,962.6134662628174,-0.0005168417654790974,0.014598862734089169
2022-11-30,1.2014565471506753,15.81113035772547,1000.4193782806396,0.0012009528935910318,0.015817348174123724
2022-12-01,-0.17425337492467824,15.636876982800791,1001.7399253845215,-0.00017395071366232154,0.015640646021458204
2022-12-02,0.4717559032750457,16.108632886075835,999.6738128662109,0.0004719098341912674,0.01611993683031998
2022-12-05,-0.10189908007003845,16.006733806005798,926.666130065918,-0.00010996309972264758,0.01600820113237611
2022-12-06,0.30321556158241325,16.30994936758821,968.3913269042969,0.0003131126365533622,0.016326326138992542
2022-12-07,0.2940240026874571,16.603973370275668,903.4050827026367,0.0003254619752723237,0.016657101712619138
2022-12-08,0.5303443156398534,17.134317685915523,966.4762992858887,0.0005487401150258055,0.01721498224755469
2022-12-09,-0.11274733227286421,17.02157035364266,962.9341793060303,-0.00011708726795233214,0.017095879324363183
2022-12-12,0.3841338685105988,17.405704222153258,924.2713851928711,0.0004156072282065079,0.017518591723589383
2022-12-13,0.15133778482055757,17.557042006973816,366.240478515625,0.0004132197113599528,0.01793905046236488
2022-12-14,0.014792255379608044,17.571834262353423,794.7568740844727,1.8612302531699542e-05,0.017957996651930763
2022-12-15,1.0394372128737477,18.61127147522717,954.9155216217041,0.0010885122184510134,0.01906605636915626
2022-12-16,0.8540961860244483,19.46536766125162,950.8280258178711,0.0008982656829974934,0.01998144843630012
2022-12-19,-0.2761424816191367,19.189225179632484,937.3313026428223,-0.0002946049927496799,0.019680956809078776
2022-12-20,0.3494569382383652,19.53868211787085,941.4682426452637,0.00037118292727165015,0.020059444971510354
2022-12-21,0.10443197105330604,19.643114088924154,713.6647109985352,0.000146331981172487,0.020208712291006847
2022-12-22,0.09814122320002328,19.741255312124178,707.3367233276366,0.00013874752994347858,0.020350263729864038
2022-12-23,-0.0005,19.74075531212418,712.0416259765625,-7.022061376176594e-07,0.020349547233646348
2022-12-26,0.03739962802182367,19.778154940146003,769.496826171875,4.8602706014891454e-05,0.020399138982722942
2022-12-27,-0.1558825474134668,19.622272392732537,346.88265228271484,-0.00044938121404358976,0.01994059077883792
2022-12-28,0.09637875306469651,19.718651145797235,398.5073986053467,0.00024184934433336118,0.020187262741976797
2022-12-29,0.2536896628048484,19.972340808602084,228.59164810180664,0.0011097941018906516,0.02131946054899192
2022-12-30,-0.002,19.970340808602085,345.1778869628906,-5.794113920788373e-06,0.021313542907688054
2023-01-02,-0.2558723833664519,19.714468425235633,948.6720314025879,-0.00026971637710047273,0.021038077919011355
2023-01-03,0.015936142303428102,19.73040456753906,346.99737548828125,4.592582949944039e-05,0.021084969939690223
2023-01-04,0.18680683107171903,19.91721139861078,345.98512268066406,0.0005399273518593955,0.02163628164353315
2023-01-05,0.4244184734901893,20.34162987210097,337.24725341796875,0.0012584786656933409,0.022921989108079854
2023-01-06,-0.23603728375562072,20.10559258834535,344.0966262817383,-0.0006859622144692547,0.02222030327520197
2023-01-09,-0.22151806964806492,19.884074518697282,406.5494327545166,-0.0005448736409425083,0.02166332237671109
2023-01-10,-0.11719931289042518,19.76687520580686,408.41961097717285,-0.00028695809344222604,0.021370147817582064
2023-01-11,0.2806667377568213,20.04754194356368,357.6354675292969,0.0007847844054612106,0.022171703181792957
2023-01-12,0.6554730921062881,20.703015035669967,354.85572814941406,0.0018471537588659055,0.024059811485531712
2023-01-13,0.0,20.703015035669967,945.8953170776367,0.0,0.024059811485531712
2023-01-16,0.23432878444880423,20.93734382011877,945.8953170776367,0.00024773225981577736,0.024313504136817654
2023-01-17,-0.17514706088041604,20.762196759238353,942.3599014282227,-0.0001858600526348442,0.02412312517502424
2023-01-18,0.3214299424496738,21.083626701688026,986.4353733062744,0.0003258499757285917,0.024456835670505717
2023-01-19,0.7253041148736985,21.808930816561723,988.9053173065186,0.0007334414146434254,0.02520821474130086
2023-01-20,0.2244079244909813,22.033338741052706,1013.5637664794922,0.0002214048409311619,0.025435200803006985
2023-01-23,0.11199979327066575,22.145338534323372,1020.511417388916,0.00010974869204033876,0.025547740975067068
2023-01-24,0.4448266587452384,22.59016519306861,1018.0208282470703,0.00043695241433437595,0.02599585653650127
2023-01-25,0.3000068869143315,22.890172079982943,1018.1526679992676,0.00029465805703172537,0.026298174482110914
2023-01-26,0.8830922288942037,23.773264308877145,1019.0518608093262,0.0008665822249643468,0.02718754623763031
2023-01-27,0.6622236635347147,24.43548797241186,1025.3469047546387,0.0006458532819126052,0.0278509586855078
2023-01-30,0.6562287364828832,25.091716708894744,1014.2349739074707,0.0006470184457894186,0.028515997215299738
2023-01-31,0.2995575529779747,25.39127426187272,1020.3885402679443,0.0002935720474666579,0.028817940762454475
2023-02-01,0.048514639324538006,25.439788901197257,1029.5199604034424,4.71235538799329e-05,0.028866422320118712
2023-02-02,1.0988118366067554,26.538600737804014,1044.479736328125,0.001052018338306529,0.02994880866406735
2023-02-03,-0.31693401484900846,26.221666722955007,1034.1706504821777,-0.0003064620086648556,0.029633168483342187
2023-02-06,0.7975347645726468,27.019201487527653,1028.6791706085205,0.0007752998090754195,0.030431442882284943
2023-02-07,-0.009417608659051946,27.0097838788686,1041.3897819519043,-9.043308108324506e-06,0.030422124373262527
2023-02-08,0.7838308193753681,27.793614698243967,1019.6408538818359,0.0007687322613558251,0.031214243103083072
2023-02-09,0.7187843114910691,28.512399009735038,1009.0393943786621,0.0007123451428114718,0.031948823560355555
2023-02-10,-0.35035825232557344,28.162040757409464,1006.2220306396484,-0.0003481917923252516,0.031589507449892196
2023-02-13,0.5421263835363155,28.70416714094578,1012.6171703338623,0.0005353715100027142,0.03214179108219861
2023-02-14,0.03218523012657015,28.73635237107235,1010.5382404327393,3.184959147393332e-05,0.03217466437658767
2023-02-15,0.4285247830555086,29.164877154127858,1017.6119766235352,0.0004211082346705134,0.032609321627375065
2023-02-16,0.12649260265779771,29.291369756785656,1008.5818557739258,0.00012541629807600972,0.03273882766585223
2023-02-17,-0.001,29.290369756785655,1000.6740989685059,-9.993263551348029e-07,0.03273779562272372
2023-02-20,-0.03247820181426608,29.257891554971387,1000.6740989685059,-3.245632304038307e-05,0.0327042767512129
2023-02-21,0.24621474837099228,29.50410630334238,983.5267677307129,0.00025033863484883335,0.032962802530057456
2023-02-22,0.4138749759432027,29.91798127928558,981.3795890808105,0.00042172771937395846,0.033398431576966425
2023-02-23,0.2231197518403516,30.14110103112593,980.7329711914062,0.0002275030598484958,0.03363353288219284
2023-02-24,-0.22093842298087113,29.92016260814506,971.7868747711182,-0.00022735275472094438,0.033398533451120205
2023-02-27,0.21059874732498196,30.130761355470042,406.83105087280273,0.0005176565232008961,0.03393347894302723
2023-02-28,-0.3471847027188264,29.783576652751215,971.3049774169922,-0.00035744149447488737,0.033563908215126226
2023-03-01,0.22612567607780654,30.00970232882902,335.7903594970703,0.0006734132463376436,0.034259923841854834
2023-03-02,0.19676772451048768,30.20647005333951,407.24941635131836,0.00048316269246840063,0.03475963965137052
2023-03-03,0.19424388109710056,30.40071393443661,347.8648986816406,0.0005583888510546989,0.035337437897673185
2023-03-06,-0.026382785953186993,30.37433114848342,351.2342758178711,-7.511449698852146e-05,0.0352596690468121
2023-03-07,-0.004960309990218903,30.369370838493204,346.35455322265625,-1.432148052931799e-05,0.03524484259561911
2023-03-08,-0.05293046909121557,30.316440369401988,348.2337951660156,-0.00015199693374384215,0.03508748855387056
2023-03-09,0.21773146606939853,30.534171835471387,343.5143814086914,0.0006338350818865879,0.03574356331693784
2023-03-10,0.9040438910692108,31.438215726540598,337.4945602416992,0.0026786917407550896,0.038518001045535266
2023-03-13,-0.3421988788750724,31.096016847665524,344.0552444458008,-0.0009946044549510686,0.03748508641514858
2023-03-14,0.6018242444115718,31.697841092077095,351.62422943115234,0.0017115551035410328,0.039260799309650096
2023-03-15,0.21401132832002667,31.91185242039712,359.5759582519531,0.0005951769672266853,0.03987934340034083
2023-03-16,-0.05200813098711282,31.85984428941001,369.18175506591797,-0.00014087405532222654,0.039732851380190226
2023-03-17,0.5242619063255135,32.38410619573553,370.3270568847656,0.0014156727049210657,0.04120477279829893
2023-03-20,-0.22396869327081437,32.160137502464714,370.57056427001953,-0.0006043887854719556,0.04057548031023983
2023-03-21,-0.10380984031328735,32.056327662151425,436.48138999938965,-0.00023783337088766263,0.04032799673609455
2023-03-22,0.055914956264163096,32.112242618415586,429.4840621948242,0.00013019099236981403,0.04046343807037989
2023-03-23,0.3004704645279645,32.41271308294355,432.6289405822754,0.0006945223408391524,0.04118606317294615
2023-03-24,0.33122831356989074,32.743941396513435,437.433895111084,0.0007572076998874929,0.041974457276996224
2023-03-27,0.6072345624549179,33.351175958968355,1000.5740013122559,0.0006068862089745765,0.042606817205221414
2023-03-28,-0.3471502931700229,33.00402566579833,994.9787082672119,-0.00034890223306848097,0.042243049358485996
2023-03-29,0.24491457644483106,33.248940242243165,1007.0975322723389,0.00024318853794847882,0.042496510921846475
2023-03-30,0.4144457428678834,33.66338598511105,1006.1898384094238,0.0004118961721209942,0.042925911244144466
2023-03-31,-0.4700133809122584,33.19337260419879,1019.868070602417,-0.00046085704069020447,0.04244527149502941
2023-04-03,0.5635633500324658,33.75693595423126,440.22547340393066,0.0012801697858937072,0.0437797784350451
2023-04-04,0.15871445794491879,33.91565041217618,441.00496101379395,0.0003598926814339271,0.04415542713833265
2023-04-05,0.2559495750344597,34.171599987210634,446.3021488189697,0.0005734894526315146,0.0447542392627045
2023-04-06,-0.0005,34.17109998721063,454.6397933959961,-1.0997717473544923e-06,0.0447530902715092
2023-04-07,0.15570163026475828,34.32680161747539,1034.4684524536133,0.00015051365742034566,0.04491033988022708
2023-04-10,0.47473445137238424,34.801536068847774,1030.2533855438232,0.00046079387656832967,0.04539182816640697
2023-04-11,0.33157013937561813,35.133106208223396,450.20846366882324,0.0007364813550451678,0.04616173975656812
2023-04-12,-0.14339969139601155,34.98970651682738,1029.127872467041,-0.0001393409849567592,0.04601596654932649
2023-04-13,0.7562785288053072,35.74598504563269,1047.7405281066895,0.0007218185309409896,0.046771000257642026
2023-04-14,0.3438082107126792,36.089793256345374,1051.9420337677002,0.00032683189726840235,0.047113118409661814
2023-04-17,-0.6871601985825174,35.402633057762856,1046.7908554077148,-0.0006564445944790712,0.04642574666327359
2023-04-18,0.45693997360043775,35.85957303136329,1041.6427116394043,0.00043867246273079203,0.04688478482262726
2023-04-19,0.38009031913165203,36.23966335049494,1042.2592639923096,0.00036467924274017927,0.047266561973192456
2023-04-20,0.2952356965537452,36.53489904704869,1048.4116134643555,0.0002816028483108584,0.04756147521998466
2023-04-21,-0.3699113313164094,36.16498771573228,1048.71706199646,-0.0003527274845821647,0.047191971495885054
2023-04-24,0.39638920138134026,36.56137691711362,1047.8837509155273,0.00037827593092747006,0.047588099013762486
2023-04-25,0.30183817460944967,36.86321509172307,1034.450304031372,0.000291786056259205,0.04789377061375788
2023-04-26,-0.07547547746867378,36.7877396142544,1027.1166019439697,-7.348287168742604e-05,0.047816768370269935
2023-04-27,0.24569499610850132,37.0334346103629,1044.7140216827393,0.00023517918876283107,0.04806319306782747
2023-04-28,1.1078627495425906,38.141297359905494,1053.9952220916748,0.0010511079427324296,0.04916482061454652
2023-05-01,0.17925544952546135,38.32055280943096,1053.485113143921,0.00017015470583206288,0.049343340945967595
2023-05-02,0.15816965054264048,38.478722459973596,1039.017921447754,0.00015222995414963485,0.04950308243464696
2023-05-03,0.6668302186470487,39.145552678620646,1035.1141338348389,0.0006442093647940152,0.05017918214873163
2023-05-04,-0.10208408860327528,39.04346859001737,1033.5517024993896,-9.877018087862476e-05,0.050075455760955734
2023-05-05,0.05019686200583351,39.0936654520232,993.1894378662109,5.054107513837189e-05,0.05012852770346621
2023-05-08,-0.07689153630620238,39.016773915717,1056.4577102661133,-7.278240819202693e-05,0.05005209682030887
2023-05-09,0.1476299045132362,39.16440382023024,1052.4648742675781,0.0001402706238685386,0.05019938828302428
2023-05-10,0.46773167139241095,39.632135491622655,453.8694763183594,0.0010305422501343275,0.05128166312371518
2023-05-11,0.5365788483289234,40.16871433995158,460.60751152038574,0.0011649372511485308,0.05250634029453738
2023-05-12,0.6883053629049107,40.85701970285649,461.7197895050049,0.0014907426074217461,0.054075356340596015
2023-05-15,0.6648896682444911,41.52190937110098,456.417724609375,0.0014567568970147615,0.0556108878859185
2023-05-16,0.15411131855399435,41.676020689654976,458.14191818237305,0.00033638336165661025,0.0559659778249868
2023-05-17,0.04715303553272371,41.7231737251877,461.41834449768066,0.00010219150602704467,0.056073888578574094
2023-05-18,0.558566073010569,42.28173979819827,1082.9841022491455,0.0005157657179367055,0.056618575285910966
2023-05-19,-0.6678616972245797,41.613878100973686,1077.696424484253,-0.0006197122696627619,0.05596377579045275
2023-05-22,0.2954330578091235,41.909311158782806,1079.055648803711,0.0002737885280862518,0.05625288655833893
2023-05-23,0.15416639183607012,42.06347755061888,1054.9941234588623,0.00014613009533230977,0.05640723689334659
2023-05-24,0.2907832421950541,42.35426079281393,1042.3066501617432,0.0002789805113014782,0.056701953924437776
2023-05-25,-0.17979559611167123,42.17446519670226,1048.1207294464111,-0.00017154092182360936,0.056520686297168776
2023-05-26,-0.0005,42.173965196702255,1056.8582038879395,-4.731003630956494e-07,0.05652018645684853
2023-05-29,0.1357414162930924,42.30970661299535,808.0024147033691,0.00016799630028695555,0.056697677939351765
2023-05-30,1.2482090176444378,43.55791563063978,797.019832611084,0.0015660953047494834,0.0583525672113121
2023-05-31,-0.27697330400741416,43.28094232663237,1040.3770923614502,-0.00026622395479579386,0.05807080840530077
2023-06-01,0.24244563834750688,43.523387964979875,1051.7534065246582,0.00023051566730706164,0.058314710303758455
2023-06-02,-0.1658143713204866,43.35757359365939,1061.3889446258545,-0.0001562239480258927,0.05814937620146088
2023-06-05,-0.2682436100578243,43.089329983601566,1060.842872619629,-0.00025285894544912926,0.05788181366606682
2023-06-06,0.33790130867168483,43.42723129227325,1074.299020767212,0.0003145318967435828,0.05821455123944985
2023-06-07,-0.2216067182307962,43.20562457404245,1058.4172801971436,-0.0002093755670632278,0.0579929869677096
2023-06-08,0.3034411189566492,43.5090656929991,1053.7675819396973,0.0002879582975954691,0.058297644827104644
2023-06-09,0.14118473896386902,43.650250431962974,1054.8505363464355,0.00013384335893962225,0.05843929093864597
2023-06-12,0.251297532207523,43.9015479641705,1003.3155517578125,0.00025046709558847045,0.05870439515370407
2023-06-13,0.16101405854299333,44.06256202271349,1059.6731662750244,0.00015194690558126696,0.05886526201047304
2023-06-14,-0.06330338279158457,43.999258639921905,1063.361379623413,-5.95313916836093e-05,0.05880222628782006
2023-06-15,-0.029139259188430883,43.97011938073347,1075.8707790374756,-2.708434856321707e-05,0.05877354931926382
2023-06-16,-0.001,43.969119380733474,1072.705249786377,-9.322225282286483e-07,0.0587725623067088
2023-06-19,0.4798355517471485,44.448954932480625,1072.705249786377,0.00044731351118371517,0.05924616557909923
2023-06-20,-0.25481538801048015,44.19413954447015,1064.5426006317139,-0.00023936607878282117,0.05899261797797872
2023-06-21,0.3828137295466514,44.5769532740168,1062.511968612671,0.0003602912163394205,0.05937416371640447
2023-06-22,-0.08267387300356388,44.49427940101324,1067.7977256774902,-7.742465732553367e-05,0.059292142034799156
2023-06-23,0.4008291998623908,44.89510860087563,1066.198049545288,0.0003759425371612116,0.059690375010270635
2023-06-26,0.2503573146009595,45.14546591547659,1055.7583675384521,0.0002371350512567367,0.059941664741664846
2023-06-27,0.7260664328230442,45.87153234829964,1063.5203437805176,0.0006827010287758868,0.06066528800662652
2023-06-28,0.21574088147192638,46.08727322977156,1063.581283569336,0.00020284381156831632,0.060880437396443776
2023-06-29,0.7340228248450467,46.82129605461661,1075.1222801208496,0.000682734269782353,0.06160473682719614
2023-06-30,1.0800800196246867,47.9013760742413,1086.3147583007812,0.0009942606517784525,0.06266024864476516
2023-07-03,0.0,47.9013760742413,1089.998306274414,0.0,0.06266024864476516
2023-07-04,0.3258275383124784,48.22720361255378,1089.998306274414,0.00029892481156796333,0.0629779041593519
2023-07-05,0.050740769559504906,48.27794438211328,1033.3199081420898,4.910460851445014e-05,0.06303010127319508
2023-07-06,0.3749752510624599,48.65291963317574,1091.6180744171143,0.00034350406964696285,0.06339525643913957
2023-07-07,0.6219590183133422,49.27487865148908,1081.5995922088623,0.000575036291427557,0.06400674730372402
2023-07-10,0.4227636261215425,49.697642277610626,1079.2001495361328,0.00039173792396457403,0.06442355909799713
2023-07-11,-0.3537442720959985,49.343898005514625,1090.9443283081055,-0.00032425510900689495,0.06407841432081218
2023-07-12,0.6758808377854546,50.01977884330008,1101.3114585876465,0.0006137054441004579,0.06473144503663053
2023-07-13,0.0756118598357736,50.095390703135855,1114.3536491394043,6.785266050339343e-05,0.06480368989789786
2023-07-14,0.6454077869803844,50.74079849011624,1054.5706405639648,0.0006120100087702349,0.06545536041349087
2023-07-17,0.4370264371563807,51.177824927272624,1050.9371948242188,0.0004158444855779211,0.06589842414974822
2023-07-18,0.7032873746895444,51.88111230196217,1104.9557876586914,0.0006364846291087821,0.06657685211291064
2023-07-19,0.5882512035678575,52.469363505530026,1040.4552612304688,0.0005653786620985286,0.06717987190658348
2023-07-20,0.18878800067588825,52.65815150620591,1035.5894927978516,0.00018230003489687772,0.06737441883447315
2023-07-21,0.5034632366640706,53.16161474286998,409.0605010986328,0.001230779396475328,0.06868812127749946
2023-07-24,-0.04897998873320453,53.11263475413678,411.02217864990234,-0.0001191662914495044,0.06856076967737068
2023-07-25,0.5306555780092806,53.64329033214606,413.1444549560547,0.0012844310788722201,0.06993326233960784
2023-07-26,0.0804512787646342,53.72374161091069,490.0027770996094,0.0001641853526643989,0.07010892970961247
2023-07-27,0.06373063193080136,53.787472242841496,1046.4676208496094,6.090072034819342e-05,0.07017410011428282
2023-07-28,0.06403660486504864,53.85150884770655,429.71470642089844,0.00014902120850927045,0.0703335787519972
2023-07-31,0.2839764027063933,54.13548525041294,492.5902614593506,0.0005764961772997364,0.07095062196858337
2023-08-01,0.2894819900153123,54.42496724042825,1118.2685451507568,0.0002588662546850823,0.07122785494504513
2023-08-02,0.336037134191782,54.761004374620036,1102.487066268921,0.00030479916225141014,0.0715543642978127
2023-08-03,0.5001810035051377,55.26118537812518,1103.6401863098145,0.0004532102126305925,0.07204000367910135
2023-08-04,0.2258652456237385,55.487050623748914,1037.202896118164,0.00021776380153686598,0.07227345518570205
2023-08-07,-0.022292773412716405,55.4647578503362,420.8350830078125,-5.2972706679738856e-05,0.07221665395848009
2023-08-08,0.2230359110889612,55.68779376142516,420.92566680908203,0.0005298700665600488,0.07278478946828004
2023-08-09,0.07395740244481158,55.761751163869974,1108.2727184295654,6.673213299846452e-05,0.07285637868552963
2023-08-10,0.004691789182802331,55.766442953052774,481.0191764831543,9.753850599273647e-06,0.07286684316636172
2023-08-11,0.015170247497651779,55.781613200550424,481.9910316467285,3.147412815093765e-05,0.07290061071487242
2023-08-14,0.3346991879146318,56.116312388465055,418.85816955566406,0.0007990752293782158,0.07375793901647953
2023-08-15,-0.09455167551049115,56.02176071295456,412.77793884277344,-0.00022906184321663993,0.07351198204379994
2023-08-16,-0.16448577622935773,55.857274936725204,1102.036226272583,-0.00014925623342319512,0.0733517536888253
2023-08-17,0.6642219434841197,56.52149688020933,476.2445373535156,0.0013947077423190866,0.07484876568992682
2023-08-18,0.1417335354318503,56.66323041564118,1098.1763954162598,0.00012906263148929433,0.07498748850007986
2023-08-21,0.3179457037641002,56.98117611940528,1100.336612701416,0.0002889531258834672,0.07529810949516746
2023-08-22,0.544259171857528,57.52543529126281,475.34890365600586,0.0011449677650911135,0.07652929116840301
2023-08-23,0.4103406600701994,57.93577595133301,1118.4970397949219,0.0003668678999324272,0.07692423520866964
2023-08-24,0.3494683095611416,58.285244260894146,1105.8182258605957,0.0003160269033268738,0.0772645722398404
2023-08-25,0.40246296039635254,58.687707221290495,1115.0620594024658,0.0003609332386504321,0.07765339283078232
2023-08-28,0.3919367752450072,59.0796439965355,1123.6515884399414,0.0003488063197500263,0.07802928514470175
2023-08-29,0.23668851082050962,59.31633250735601,1137.639654159546,0.00020805226853257678,0.0782535715830206
2023-08-30,-0.18620851745281627,59.13012398990319,1081.0838317871094,-0.00017224244038965987,0.07806785055649224
2023-08-31,0.7338240073214681,59.863947997224656,1077.8738174438477,0.0006808069696522683,0.07880180666290904
2023-09-01,-0.001,59.86294799722466,1138.8682613372803,-8.780646839923184e-07,0.0788008594051417
2023-09-04,0.6231415529891235,60.486089550213784,1138.8682613372803,0.0005471585908078773,0.07939113456313618
2023-09-05,-0.1216305932126691,60.36445895700111,1130.7207984924316,-0.0001075690775077604,0.07927502545452114
2023-09-06,0.20474854437919743,60.56920750138031,1130.8647441864014,0.00018105484801058451,0.07947043343021631
2023-09-07,0.47028476830707977,61.03949226968739,1136.2997970581055,0.0004138738469589214,0.07991719801117858
2023-09-08,-0.060888018945127825,60.978604250742265,1141.3491878509521,-5.3347406379439366e-05,0.07985958722956021
2023-09-11,0.4043892992561582,61.382993549998424,1144.5480709075928,0.000353317881122712,0.08024112093083025
2023-09-12,-0.04296298454721628,61.34003056545121,1141.779619216919,-3.762808848933748e-05,0.08020047352234205
2023-09-13,0.13952173216162825,61.479552297612834,1146.2639064788818,0.00012171868221011521,0.08033195410050209
2023-09-14,0.23603550944889007,61.71558780706172,1143.070899963379,0.00020649244894297637,0.08055503449137547
2023-09-15,0.5914281029377734,62.3070159099995,1141.0836944580078,0.0005183038771040279,0.0811150903551765
2023-09-18,0.4101368182915964,62.7171527282911,1148.9828815460205,0.00035695642196142594,0.08150100132955829
2023-09-19,0.5492724812302687,63.266425209521366,494.04633712768555,0.0011117833287129706,0.08270339611282274
2023-09-20,0.17779187989877546,63.44421708942014,1130.0415496826172,0.00015733216176760047,0.08287374017868632
2023-09-21,0.4078296757191755,63.85204676513932,1111.9689178466797,0.0003667635571225632,0.08327089880354888
2023-09-22,0.1516233798247944,64.00367014496412,1106.7953929901123,0.00013699314325402956,0.08341929948897153
2023-09-25,0.6612849848129803,64.6649551297771,1105.6093559265137,0.0005981181158319844,0.08406731219903785
2023-09-26,0.3069910340842457,64.97194616386135,1083.709466934204,0.0002832779849683497,0.08437440460280765
2023-09-27,0.5987246329163812,65.57067079677773,1085.9645709991455,0.0005513298029285823,0.08497225252959795
2023-09-28,0.39887148479694745,65.96954228157468,1093.642053604126,0.0003647184958574481,0.08536796197758778
2023-09-29,0.15839346115863745,66.12793574273331,1086.8823852539062,0.00014573192399436596,0.08552613473892867
2023-10-02,-0.04656957717730331,66.081366165556,1029.0010833740234,-4.525707302912149e-05,0.08547700700337368
2023-10-03,0.5989482063849443,66.68031437194095,1077.7562236785889,0.0005557362539189235,0.08608024592896091
2023-10-04,0.01914836557896934,66.69946273751992,1032.7301025390625,1.854150037061117e-05,0.08610038348624327
2023-10-05,0.5846756726301385,67.28413841015006,1035.9931030273438,0.0005643625145009356,0.08671333782966784
2023-10-06,0.1892015721957017,67.47333998234576,1048.467872619629,0.00018045528827027938,0.0869094409983131
2023-10-09,0.2719739839964448,67.74531396634221,1048.314323425293,0.00025943934745429123,0.08719142807442748
2023-10-10,0.2741600766957205,68.01947404303793,1056.921516418457,0.000259394924255828,0.0874734400125643
2023-10-11,0.1550657693713568,68.1745398124093,1120.9955234527588,0.00013832862498303422,0.0876238687182267
2023-10-12,0.3036911448373891,68.47823095724668,1116.1676082611084,0.00027208381840655043,0.0879197935734175
2023-10-13,-0.6541337310315147,67.82409722621516,1114.5852737426758,-0.0005868853163966479,0.08728130942115198
2023-10-16,0.05863713531957023,67.88273436153473,1066.8047561645508,5.496519862770997e-05,0.08734107205428843
2023-10-17,0.48204517561258237,68.36477953714731,1129.57035446167,0.00042675090905897154,0.08780509584524476
2023-10-18,0.3390414106308227,68.70382094777814,1053.600830078125,0.00032179303674778105,0.08815514395042667
2023-10-19,0.286260628966584,68.99008157674473,1042.8529510498047,0.0002744975968840239,0.08845383992247813
2023-10-20,-0.18839357677276758,68.80168799997196,1032.1914596557617,-0.00018251805419471044,0.08825517744553468
2023-10-23,0.03144380522574464,68.83313180519771,1029.856216430664,3.053222840633464e-05,0.0882884043011769
2023-10-24,0.7188005658588904,69.5519323710566,1042.8714141845703,0.000689251384285882,0.08903850859034357
2023-10-25,0.6442232528938798,70.19615562395047,1075.953935623169,0.0005987461280308063,0.08969056618063842
2023-10-26,-0.03012650266675576,70.16602912128371,986.4842910766602,-3.05392624487465e-05,0.08965728783444993
2023-10-27,-0.14540752417464226,70.02062159710907,980.9297409057617,-0.00014823439244525017,0.08949576314841412
2023-10-30,0.47546236112039175,70.49608395822946,997.1347732543945,0.00047682858312984454,0.09001526586948216
2023-10-31,0.2162971553151743,70.71238111354464,1002.6407470703125,0.00021572747362122314,0.09025041210899665
2023-11-01,-0.07680554565854009,70.6355755678861,1014.3373718261719,-7.571992099656399e-05,0.09016785843392539
2023-11-02,0.36167537520356574,70.99725094308965,1028.2969284057617,0.00035172270305649513,0.09055129521987904
2023-11-03,0.4474486430665105,71.44469958615616,1035.7853088378906,0.0004319897562251871,0.09102240220805213
2023-11-06,0.5500058217585011,71.99470540791467,1095.5684394836426,0.0005020278076080093,0.09157012579268375
2023-11-07,0.5153821631905401,72.5100875711052,472.07727241516113,0.001091732632146915,0.09276182851928838
2023-11-08,0.7775837944916206,73.28767136559682,471.7314510345459,0.001648361144431467,0.09456309465753754
2023-11-09,0.14160530761334855,73.42927667321017,464.5417728424072,0.0003048279312900182,0.09489674806134851
2023-11-10,0.8349264904466538,74.26420316365682,470.85623931884766,0.0017732089345454554,0.09683822875741566
2023-11-13,0.31762488300468183,74.5818280466615,467.35096549987793,0.0006796281733684892,0.09758367091930675
2023-11-14,-0.3571787238077231,74.22464932285378,476.1618766784668,-0.0007501203714570196,0.09676035104837166
2023-11-15,1.0347050668071114,75.25935438966088,479.0453453063965,0.0021599313654646116,0.09912927813099892
2023-11-16,0.7157185061161901,75.97507289577707,482.9981918334961,0.001481824400624091,0.10075799471477365
2023-11-17,-0.2618589284447876,75.7132139673323,479.91490173339844,-0.0005456361690353491,0.10015738133950247
2023-11-20,0.12993310246315473,75.84314706979545,1130.123062133789,0.00011497252539721437,0.10028386921196963
2023-11-21,0.09598272585479589,75.93912979565025,1137.1239070892334,8.440832635423947e-05,0.10037674233188443
2023-11-22,-0.0015,75.93762979565025,1143.8017597198486,-1.3114160624891809e-06,0.10037529928014965
2023-11-23,-0.03830251707147783,75.89932727857878,485.70474433898926,-7.885967250248898e-05,0.10028852404441846
2023-11-24,0.3544763180763826,76.25380359665516,1143.416446685791,0.0003100150597831938,0.10062963005697889
2023-11-27,0.6289272073736134,76.88273080402877,1139.7380561828613,0.0005518173267636396,0.10123697655719366
2023-11-28,0.16673712301695287,77.04946792704573,484.4897403717041,0.0003441499563830411,0.10161596721464305
2023-11-29,-0.045188781333065586,77.00427914571266,478.62051582336426,-9.441463505869143e-05,0.10151195854512363
2023-11-30,0.24510129554548843,77.24938044125814,209.6385898590088,0.0011691611535372846,0.10279980353721152
2023-12-01,0.03940666617111144,77.28878710742926,477.3979034423828,8.254469884966186e-05,0.10289083381488595
2023-12-04,0.33713903578321086,77.62592614321247,213.04448890686035,0.0015824818445813102,0.1046361385359531
2023-12-05,0.26335709263735724,77.88928323584983,209.61286544799805,0.0012563975597322883,0.10602400068480189
2023-12-06,0.1178732361386039,78.00715647198844,471.8237838745117,0.00024982470186359654,0.10630031280102692
2023-12-07,-0.27171408046592,77.73544239152251,485.5876350402832,-0.0005595572474644649,0.1056812744431268
2023-12-08,0.7636051163226963,78.4990475078452,1143.4672718048096,0.0006677979642718136,0.10641964614733324
2023-12-11,1.0846545896959983,79.5837020975412,1143.7955360412598,0.0009482941273315756,0.107468857400139
2023-12-12,-0.73195112922514,78.85175096831607,1148.211893081665,-0.0006374704300098039,0.10676287875138968
2023-12-13,2.304324186431555,81.15607515474763,1163.1824798583984,0.0019810513194043937,0.10895543281260789
2023-12-14,0.6544483076256308,81.81052346237325,1144.6804008483887,0.0005717301590387862,0.10958945607857684
2023-12-15,0.7047162580708531,82.51523972044411,1139.4458770751953,0.0006184727789614415,0.11027570695298428
2023-12-18,0.3181674534932398,82.83340717393736,474.6406192779541,0.0006703333860832461,0.11101996182711216
2023-12-19,0.20596796416782437,83.03937513810519,478.9511547088623,0.00043003960245805253,0.1114977444098193
2023-12-20,0.05113999138772618,83.09051512949291,479.55581283569336,0.00010664033261389722,0.11161627489898285
2023-12-21,-0.0310429559595964,83.05947217353332,485.2875728607178,-6.396816587863878e-05,0.11154516684471671
2023-12-22,-0.0015,83.05797217353333,1163.9209213256836,-1.2887473474499701e-06,0.11154373434383125
2023-12-25,0.01871992037723691,83.07669209391057,881.0569534301758,2.1247117231588222e-05,0.11156735144386287
2023-12-26,0.35642089058114323,83.43311298449171,733.2269306182861,0.0004860990175041647,0.1121076832412895
2023-12-27,0.08827081039754298,83.52138379488926,1013.7765254974365,8.707127081506503e-05,0.11220451587055247
2023-12-28,-0.38644144509161776,83.13494234979764,1166.548038482666,-0.0003312692082481779,0.11183607676116991
2023-12-29,-0.001,83.13394234979764,1165.8364715576172,-8.577532307459457e-07,0.11183512308018306
2024-01-01,0.5318711511365476,83.66581350093418,1165.8364715576172,0.00045621419822793887,0.11234235804942072
2024-01-02,0.17711604119437152,83.84292954212854,1161.5964660644531,0.0001524763946591965,0.11251196400180286
2024-01-03,0.8525671753215847,84.69549671745013,1158.7232303619385,0.0007357815507463996,0.1133305297799001
2024-01-04,0.1434879387445535,84.83898465619468,1156.1527767181396,0.00012410811238274148,0.11346870313040935
2024-01-05,0.6204980570835803,85.45948271327826,1155.2070198059082,0.0005371314807174849,0.1140667822236543
2024-01-08,0.28301492463920486,85.74249763791747,1168.167486190796,0.0002422725576467382,0.11433669003237301
2024-01-09,0.686553364913481,86.42905100283095,1172.2554988861084,0.0005856687092241004,0.11498932216326518
2024-01-10,1.1950084265851653,87.6240594294161,1182.4031581878662,0.0010106607194931868,0.11611619807383011
2024-01-11,0.7528765321855786,88.37693596160169,1175.5268573760986,0.0006404588099893178,0.11683102452585836
2024-01-12,0.0,88.37693596160169,1179.8669242858887,0.0,0.11683102452585836
2024-01-15,-0.007376002140028821,88.36955995946165,1179.8669242858887,-6.2515542966789475e-06,0.11682404259606827
2024-01-16,-0.6098490532067619,87.7597109062549,1178.3258628845215,-0.0005175555187372887,0.11624602414936414
2024-01-17,-0.036200591714909275,87.72351031453998,1174.3477172851562,-3.082612686351313e-05,0.11621161460781271
2024-01-18,0.27662001025971766,88.0001303247997,1038.572624206543,0.0002663463332389028,0.11650891347848202
2024-01-19,0.41703578743219577,88.4171661122319,1196.318552017212,0.00034859928129426495,0.11689812768327923
2024-01-22,-0.1950560279646548,88.22211008426724,1198.4205207824707,-0.00016276092121428223,0.11671634031511502
2024-01-23,0.02040174114956783,88.24251182541681,1200.4080276489258,1.6995672037886917e-05,0.11673531965979445
2024-01-24,0.42425803889977276,88.66676986431659,1061.5010032653809,0.00039967747330871435,0.11718165361071087
2024-01-25,0.587994692232213,89.2547645565488,1211.5408935546875,0.0004853279780817168,0.11772385312380762
2024-01-26,0.2817777593534363,89.53654231590224,1208.920160293579,0.00023308219070894494,0.11798437464810152
2024-01-29,0.30331282220806555,89.83985513811031,1220.1066207885742,0.0002485953416202509,0.11826230035564333
2024-01-30,0.613967330156457,90.45382246826676,1224.6790027618408,0.0005013291881153067,0.11882291788678057
2024-01-31,0.0613645469654428,90.5151870152322,1202.0968055725098,5.1047924494082126e-05,0.11888003147461523
2024-02-01,1.0298671497235747,91.54505416495577,1221.6909275054932,0.0008429850189903649,0.11982323057919575
2024-02-02,-0.018496399400070584,91.52655776555571,1219.3072566986084,-1.5169596751315467e-05,0.11980624331235523
2024-02-05,0.036152779889961295,91.56271054544567,1212.7252826690674,2.9811186759785554e-05,0.11983962606540932
2024-02-06,0.6779906734388912,92.24070121888455,931.4156970977783,0.0007279141585775927,0.12065477318455864
2024-02-07,0.2179551666713755,92.45865638555593,931.5819702148438,0.00023396241408698597,0.12091696428065113
2024-02-08,0.5783688539160339,93.03702523947196,921.9491062164307,0.0006273327345471279,0.12162015218505373
2024-02-09,-0.09666492258815246,92.94036031688381,924.8905754089355,-0.00010451498280800685,0.12150292607413093
2024-02-12,0.11971390300293672,93.06007421988674,869.5795974731445,0.0001376687118129331,0.12165732193725787
2024-02-13,0.16844205971437076,93.22851627960111,870.1510391235352,0.00019357795617187912,0.12187445006916375
2024-02-14,-0.11991733523887838,93.10859894436223,877.0935134887695,-0.00013672126562866644,0.12172106597447385
2024-02-15,-0.07212833598597923,93.03647060837625,888.7284774780273,-8.115902417199466e-05,0.12163002818736635
2024-02-16,0.0,93.03647060837625,883.2378387451172,0.0,0.12163002818736635
2024-02-19,-0.15344368809939846,92.88302692027685,883.2378387451172,-0.0001737286168778814,0.12143516895392059
2024-02-20,0.2966111162295031,93.17963803650635,920.3774929046631,0.0003222711534301148,0.12179657515931641
2024-02-21,0.3984272772452407,93.5780653137516,875.4271392822266,0.0004551232870983599,0.12230713090405865
2024-02-22,0.15067667580090086,93.72874198955249,893.2159423828125,0.00016869008786267743,0.12249645299257961
2024-02-23,1.2844614628861946,95.01320345243869,896.2600555419922,0.001433134785985131,0.12410514170650822
2024-02-26,-0.2331321502172391,94.78007130222144,1225.58931350708,-0.00019022044958120658,0.12389131392107622
2024-02-27,0.5822356504196466,95.36230695264109,1173.193733215332,0.0004962826121001629,0.12444908163806567
2024-02-28,1.1844088003720858,96.54671575301317,1229.6885986328125,0.0009631778335498358,0.12553212606845499
2024-02-29,0.6009923822543857,97.14770813526756,1172.8093643188477,0.0005124382534270045,0.12610889178531348
2024-03-01,0.0402008747063575,97.18790900997392,1227.4302577972412,3.275206428306761e-05,0.12614577417612693
2024-03-04,0.7475250451601128,97.93543405513404,1210.8998489379883,0.0006173301993684488,0.12684097797141702
2024-03-05,0.47836325608084496,98.41379731121488,1207.2416820526123,0.0003962448142674365,0.12728748286544223
2024-03-06,0.3149671953387267,98.7287645065536,1211.4324760437012,0.0002599956675813639,0.12758057272710577
2024-03-07,-0.1511916509528513,98.57757285560075,1211.6056385040283,-0.00012478618962150748,0.127439866243944
2024-03-08,1.0428832423041827,99.62045609790493,1217.6135272979736,0.0008564977465538366,0.12840551594875693
2024-03-11,0.3331346684213212,99.95359076632626,1225.8931007385254,0.0002717485466070639,0.12871215850769935
2024-03-12,0.5534999293684797,100.50709069569474,1231.86421585083,0.0004493189446096424,0.12921931026352795
2024-03-13,0.05437347375779439,100.56146416945253,1238.6430568695068,4.389761316324298e-05,0.12926888029598627
2024-03-14,0.30962796389842606,100.87109213335096,1248.398946762085,0.000248020045756602,0.1295489616153489
2024-03-15,0.5194787212373191,101.39057085458828,1182.5675964355469,0.0004392803614804882,0.1300451502915172
2024-03-18,0.31673223756842617,101.7073030921567,1257.0026378631592,0.0002519742027803974,0.1303298925173677
2024-03-19,0.4695157305096185,102.17681882266632,1263.4683589935303,0.0003716086177920841,0.13074993284637504
2024-03-20,0.6008266652914714,102.7776454879578,1273.245532989502,0.00047188594008318844,0.13128351784143533
2024-03-21,-0.2734858306957043,102.5041596572621,1272.6036357879639,-0.00021490260046787374,0.13104040207158474
2024-03-22,0.029197084727180217,102.53335674198928,1263.7231845855713,2.3104019205562953e-05,0.13106653365075638
2024-03-25,0.4341241728626094,102.96748091485189,1254.8420143127441,0.0003459592266683642,0.13145783655404863
2024-03-26,0.10352777297333919,103.07100868782523,1255.235984802246,8.247674080953733e-05,0.13155115550877117
2024-03-27,0.6393759315249286,103.71038461935015,1261.023769378662,0.0005070292464351921,0.13212488503845154
2024-03-28,0.0,103.71038461935015,1266.864881515503,0.0,0.13212488503845154
2024-03-29,0.8967922670699044,104.60717688642005,1266.864881515503,0.0007078831216768007,0.13292629713620063
2024-04-01,0.582557334454134,105.18973422087419,1270.494125366211,0.0004585281606762377,0.13344577574740812
2024-04-02,0.2588486936418834,105.44858291451607,1211.7480392456055,0.00021361593768539052,0.13368789782960988
2024-04-03,0.04993757822408407,105.49852049274016,1207.8638305664062,4.134371521056867e-05,0.1337347686991952
2024-04-04,0.37521357959676505,105.87373407233692,1188.1177062988281,0.0003158050566939313,0.1340928078721002
2024-04-05,-0.028555046715460053,105.84517902562146,1260.3857517242432,-2.265579936650025e-05,0.1340671140929821
2024-04-08,0.6914946295720878,106.53667365519355,1269.8641510009766,0.0005445422087291887,0.13468466150413727
2024-04-09,0.3169949462970608,106.85366860149061,1267.4083423614502,0.00025011271876783776,0.13496846056977008
2024-04-10,0.34710481289380435,107.20077341438441,1256.6097145080566,0.0002762232448837072,0.13528196524078928
2024-04-11,0.1681478016679807,107.3689212160524,1262.5175609588623,0.00013318452500595327,0.1354331672300777
2024-04-12,-0.036216034603649985,107.33270518144874,1254.7167320251465,-2.88639130086329e-05,0.13540039418591165
2024-04-15,0.29120208860622154,107.62390727005497,1239.0736293792725,0.00023501596814073304,0.1356672314087788
2024-04-16,0.422277844298631,108.0461851143536,1178.5495986938477,0.0003583029893409911,0.13607414437268917
2024-04-17,0.30974741947745627,108.35593253383107,1243.2259826660156,0.0002491481225426318,0.13635719511282884
2024-04-18,0.10175868293598128,108.45769121676705,1181.1822967529297,8.614985444305753e-05,0.13645509211978313
2024-04-19,0.3207714396995901,108.77846265646663,1179.0543060302734,0.0002720582402854597,0.13676427409230874
2024-04-22,0.20541178770427188,108.98387444417091,1247.876365661621,0.00016460908576897604,0.136951395820202
2024-04-23,0.7931603819629353,109.77703482613384,1259.7646217346191,0.000629609982911571,0.13766723176909546
2024-04-24,-0.13784546005954038,109.6391893660743,1263.8328704833984,-0.0001090693740279254,0.13754314711627447
2024-04-25,0.47992305584887784,110.11911242192318,1257.4668445587158,0.0003816586162295975,0.13797730025970423
2024-04-26,0.36074708849005244,110.47985951041323,1285.4422149658203,0.00028064045531571766,0.13829666272738805
2024-04-29,0.23216232658988134,110.71202183700312,1268.581241607666,0.0001830094273628572,0.138504981747803
2024-04-30,0.42504844132582026,111.13707027832893,1251.2739715576172,0.00033969254614695557,0.13889172340385403
2024-05-01,0.17673226828820734,111.31380254661714,1243.973876953125,0.00014207072315785207,0.13905352657459646
2024-05-02,1.0128663573118322,112.32666890392898,546.6826438903809,0.0018527501625146326,0.1411639081810705
2024-05-03,-0.0387331030069947,112.28793580092199,547.6094722747803,-7.073125095169856e-05,0.14108319223030397
2024-05-06,0.3896960610706157,112.6776318619926,549.6304874420166,0.0007090146379693445,0.14189223691673614
2024-05-07,0.8623580209418352,113.53998988293444,556.8955841064453,0.0015485093535541551,0.14366046772635244
2024-05-08,0.4419256045915271,113.98191548752597,555.6999778747559,0.0007952593525046507,0.14456997440940178
2024-05-09,0.19291262921486613,114.17482811674083,1287.5329723358154,0.00014983121470271016,0.14474146671897992
2024-05-10,-0.3178942644487803,113.85693385229204,1288.3344821929932,-0.0002467482387862996,0.14445900377820142
2024-05-13,0.9432534111292621,114.80018726342131,1288.7850933074951,0.0007318934832715422,0.1452966258649382
2024-05-14,0.28601276412037113,115.08620002754168,1286.1225929260254,0.00022238374918029442,0.14555132122252168
2024-05-15,0.5789257914527264,115.66512581899441,1298.0711364746094,0.00044598926452136726,0.1460622248137453
2024-05-16,0.06955804257215381,115.73468386156657,1238.2354736328125,5.617513312559208e-05,0.14612660501179442
2024-05-17,0.7762384158698307,116.51092227743639,1243.4434280395508,0.0006242651642734329,0.1468420919251503
2024-05-20,0.5620671582067474,117.07298943564314,1242.1880569458008,0.00045248153455018403,0.1473610167947912
2024-05-21,0.6926508044863203,117.76564024012946,1303.6301937103271,0.0005313246101756298,0.1479706379397705
2024-05-22,0.5655625661832759,118.33120280631273,1294.4802169799805,0.00043690321316978655,0.14847219000011092
2024-05-23,0.38506011774729215,118.71626292406002,1278.9120464324951,0.0003010841275765689,0.1488179767474831
2024-05-24,-0.002,118.71426292406002,1218.8402404785156,-1.640904142789708e-06,0.1488160916473058
2024-05-27,1.0274573894360608,119.74172031349609,561.3166046142578,0.0018304418237228871,0.15091893266922285
2024-05-28,0.3207379595219857,120.06245827301808,563.1928539276123,0.0005694993416290939,0.15157438024364644
2024-05-29,0.4540967493333031,120.51655502235138,1203.5798263549805,0.00037728843520793033,0.15200885593959423
2024-05-30,0.19986721986421863,120.7164222422156,1264.9845809936523,0.00015799972811306667,0.15219087302561674
2024-05-31,0.16969777612321674,120.88612001833881,1275.775806427002,0.00013301535839473265,0.1523441321075314
2024-06-03,0.33546461728425553,121.22158463562307,1205.9186096191406,0.0002781818064738247,0.15266469327988075
2024-06-04,0.6268845494108807,121.84846918503395,1211.7183990478516,0.0005173516799806591,0.15326102629540328
2024-06-05,-0.12163006939259546,121.72683911564135,499.78204345703125,-0.00024336622530747766,0.1529803615126395
2024-06-06,0.5317535477698527,122.2585926634112,501.47528076171875,0.0010603783838799444,0.1542029569650254
2024-06-07,0.7226647964018853,122.9812574598131,560.4481983184814,0.0012894408414017638,0.15569123339700264
2024-06-10,0.3444690846950307,123.32572654450813,561.3088817596436,0.0006136889970726221,0.15640046839095167
2024-06-11,0.462784045847589,123.78851059035571,564.097900390625,0.0008203966820779186,0.1573491754983729
2024-06-12,0.8137857910306279,124.60229638138634,1274.8971347808838,0.0006383148638658546,0.15808792867977628
2024-06-13,-0.3235536018020655,124.27874277958428,1271.1765956878662,-0.00025453080468885,0.15779315962738893
2024-06-14,0.8661538216678931,125.14489660125217,1273.7810726165771,0.0006799864123343081,0.15858044324422926
2024-06-17,0.3390095569274989,125.48390615817966,1278.747350692749,0.0002651106621990996,0.15888759527274865
2024-06-18,-0.0005,125.48340615817966,1214.4791717529297,-4.1169911483810827e-07,0.15888711815975154
2024-06-19,0.06355716009433304,125.546963318274,1069.8484802246094,5.9407627593198556e-05,0.15895596489408992
2024-06-20,1.3529880497716495,126.89995136804565,1143.3586807250977,0.0011833452376585874,0.1603274099158034
2024-06-21,1.6726845833462651,128.5726359513919,1150.2096920013428,0.0014542431653795458,0.162014808121276
2024-06-24,-0.0457679258976853,128.52686802549422,505.5496520996094,-9.053102045982136e-05,0.1619096097349073
2024-06-25,0.3783833731592661,128.9052513986535,513.1343841552734,0.0007373962549443346,0.16276639752970978
2024-06-26,0.42252504741441893,129.3277764460679,1155.4694347381592,0.0003656739284584947,0.16319159088617408
2024-06-27,0.3833519154357281,129.71112836150363,1287.0253047943115,0.0002978588797032194,0.1635380578303156
2024-06-28,0.11804678503346705,129.8291751465371,1275.3812408447266,9.255803774821152e-05,0.16364575262979364
2024-07-01,0.6143075441411502,130.44348269067825,906.7970333099365,0.0006774476774574806,0.16443406174229613
2024-07-02,1.0128347800956559,131.4563174707739,1291.1939373016357,0.0007844172365092569,0.16534746389110522
2024-07-03,-0.003,131.45331747077392,1295.9792709350586,-2.314851840057193e-06,0.1653447662843841
2024-07-04,0.4088465074964722,131.8621639782704,1295.9792709350586,0.0003154730300597219,0.16571240112886798
2024-07-05,0.20013376332274835,132.06229774159314,1307.5045070648193,0.00015306544814290782,0.16589083141995253
2024-07-08,0.3587411397153373,132.42103888130848,1297.7059650421143,0.00027644254505965464,0.16621313324865206
2024-07-09,0.487207615578547,132.90824649688702,1230.505958557129,0.00039594088284614136,0.16667488470621739
2024-07-10,0.1099875253871645,133.01823402227419,907.0761032104492,0.00012125501377214264,0.16681634988543004
2024-07-11,0.15052670899630757,133.16876073127048,1284.931484222412,0.00011714765405363242,0.16695303968353037
2024-07-12,-0.05567860894439766,133.1130821223261,921.6184730529785,-6.041394630465162e-05,0.1668825394452509
2024-07-15,0.08562791847683021,133.19871004080292,926.3870735168457,9.243211711899294e-05,0.1669903968688009
2024-07-16,-0.15398563162859552,133.04472440917434,930.4303398132324,-0.00016549936630345206,0.1667972606976369
2024-07-17,0.23278752924106388,133.2775119384154,945.5820808410645,0.0002461843704081268,0.16708450794665564
2024-07-18,0.3312490208964675,133.60876095931187,938.5518112182617,0.0003529363184185844,0.16749641445617347
2024-07-19,0.29397062273985697,133.90273158205173,578.713550567627,0.0005079725927473411,0.16808947063684787
2024-07-22,0.46799549328520146,134.37072707533693,1300.467700958252,0.00035986706393427393,0.1685098275650585
2024-07-23,-0.10928356221491459,134.261443513122,1290.9700965881348,-8.465228009830496e-05,0.16841091054383783
2024-07-24,0.17259923715086334,134.43404275027288,1256.4756355285645,0.00013736775490935454,0.1685714125274307
2024-07-25,0.4225511939929937,134.85659394426588,1085.9650535583496,0.00038910201816203264,0.16902610602241164
2024-07-26,0.018794263320769555,134.87538820758664,1258.1648750305176,1.4937838190971345e-05,0.16904356874522453
2024-07-29,0.2257003823926812,135.10108858997933,1269.4216270446777,0.00017779780774503662,0.16925142212890587
2024-07-30,0.8783066933294077,135.97939528330875,1282.4977226257324,0.0006848407430550435,0.17005217314165488
2024-07-31,0.48472364970818504,136.46411893301692,1303.2353401184082,0.00037193869348581694,0.17048736081824334
2024-08-01,0.39908182897015476,136.8632007619871,1304.7667350769043,0.00030586450301143864,0.17084537135314104
2024-08-02,-0.9318857525775727,135.9313150094095,1298.777256011963,-0.000717510064380885,0.17000527801536136
2024-08-05,2.113922103443441,138.04523711285293,1247.670742034912,0.001694294842560546,0.1719876119236714
2024-08-06,1.2060834697995446,139.25132058265248,1259.877197265625,0.0009573024040891989,0.17310955848212872
2024-08-07,-0.03649038378943295,139.21483019886304,1261.7167587280273,-2.8921216697018392e-05,0.17307563072637855
2024-08-08,0.43283649738266006,139.6476666962457,1111.7629699707031,0.00038932444151658157,0.17353233774116772
2024-08-09,0.18484719382341097,139.8325138900691,1280.7204551696777,0.00014433063286938856,0.17370171440616677
2024-08-12,0.9468641400478136,140.7793780301169,1277.3514976501465,0.0007412714055525772,0.17457174592570412
2024-08-13,0.36015341071953566,141.13953144083644,1286.3918190002441,0.0002799717826248608,0.17490059287123194
2024-08-14,0.5792077696678017,141.71873921050422,1281.6589622497559,0.0004519203522371437,0.17543155436100588
2024-08-15,0.2653867623493153,141.98412597285355,1297.5091743469238,0.00020453555750994407,0.17567197190929185
2024-08-16,0.060664882198865955,142.0447908550524,1303.4518852233887,4.654171196236297e-05,0.1757266896955707
2024-08-19,0.48183200625950684,142.52662286131192,1309.2741508483887,0.0003680146025546196,0.17615937428599193
2024-08-20,0.3254045503809044,142.85202741169283,1314.8069038391113,0.0002474922739078674,0.17645046464401215
2024-08-21,0.814000126690475,143.6660275383833,1313.2387504577637,0.0006198416901776116,0.17717967768842735
2024-08-22,0.22559595474534522,143.89162349312866,1311.4633903503418,0.00017201849201835511,0.17738217436141812
2024-08-23,0.08102568145887457,143.97264917458753,1312.2572479248047,6.174527257289534e-05,0.17745487214469646
2024-08-26,0.5890944423322184,144.56174361691976,1317.2320365905762,0.00044722146589828315,0.17798145523864628
2024-08-27,0.44401198714891765,145.00575560406867,1321.6149635314941,0.00033596168279032717,0.17837721187064393
2024-08-28,0.17244367379361247,145.1781992778623,1314.4152565002441,0.00013119421198195782,0.17853180814037284
2024-08-29,0.03748199115782658,145.2156812690201,1326.0493392944336,2.8265909907824435e-05,0.1785651204142853
2024-08-30,0.0,145.2156812690201,1334.893539428711,0.0,0.1785651204142853
2024-09-02,0.887136935631549,146.10281820465167,1334.893539428711,0.0006645750461952295,0.17934836538362875
2024-09-03,0.04735068631052064,146.1501688909622,1323.977611541748,3.5763962998877014e-05,0.179390543554931
2024-09-04,0.13099346529237,146.28116235625455,1327.5005645751953,9.867676804663985e-05,0.17950692200203378
2024-09-05,0.5391703677345072,146.82033272398905,1319.9440307617188,0.0004084797197221768,0.1799887266589435
2024-09-06,0.9305398203033323,147.75087254429238,1227.729232788086,0.0007579357039419371,0.18088308224512728
2024-09-09,1.2249837526334757,148.97585629692585,1319.8337745666504,0.0009281348729204044,0.1819791010146008
2024-09-10,0.8647387135614589,149.8405950104873,1321.4928131103516,0.0006543650521459542,0.18275254683067166
2024-09-11,0.3644573675117629,150.20505237799907,1323.1739807128906,0.0002754417580939757,0.18307832627156073
2024-09-12,0.24693259191795214,150.45198496991702,1334.0872230529785,0.00018509478814500728,0.18329730790372079
2024-09-13,0.7106852463366573,151.16267021625367,1269.622329711914,0.0005597611429045333,0.18395967175718875
2024-09-16,0.38470618878306523,151.54737640503674,1356.133586883545,0.00028367868217698015,0.1842955358766234
2024-09-17,-0.2171876510713585,151.3301887539654,1363.6654624938965,-0.00015926754548301145,0.18410691603349782
2024-09-18,-0.06587547430396729,151.26431327966142,1354.7148666381836,-4.86268187692084e-05,0.18404933668108847
2024-09-19,0.579144258737138,151.84345753839855,1351.92329788208,0.00042838544142587387,0.18455656617885263
2024-09-20,0.7770090897413024,152.62046662813987,1356.4072532653809,0.0005728435083716563,0.18523513171808714
2024-09-23,0.947313521962494,153.56778015010235,1363.2365455627441,0.0006949003274933792,0.18605875199927469
2024-09-24,1.0052180686596097,154.57299821876197,1340.1465911865234,0.0007500806816735036,0.18694839175647915
2024-09-25,0.6893238554828829,155.26232207424485,1337.8115730285645,0.0005152622905798145,0.18755998150361552
2024-09-26,0.6757696454327954,155.93809171967766,1344.0326652526855,0.0005027925755850189,0.18815707784537739
2024-09-27,0.22975775421481875,156.1678494738925,588.069694519043,0.00039069817124775966,0.18862128864284666
2024-09-30,0.8134588073256267,156.9813082812181,1359.3472518920898,0.0005984186941146677,0.18933258184219315
2024-10-01,0.14972265212127045,157.1310309333394,1367.709861755371,0.0001094696004670981,0.18946277760474994
2024-10-02,0.2898504419593396,157.42088137529873,1362.8337364196777,0.00021268217407121895,0.18971575513426764
2024-10-03,0.34405475485340453,157.76493613015214,1362.3886108398438,0.00025253789712856756,0.19001620344924985
2024-10-04,0.5694107260483132,158.33434685620045,1367.5853576660156,0.00041636211067665706,0.19051168110745742
2024-10-07,1.018954800549834,159.3533016567503,1346.5605239868164,0.0007567092472999082,0.19141255230557008
2024-10-08,0.7812880306506526,160.13458968740093,1356.1262435913086,0.0005761174775156898,0.19209894589988474
2024-10-09,0.2879411381297343,160.42253082553066,1356.2055778503418,0.00021231378401063384,0.19235204493800384
2024-10-10,0.4233874124417334,160.8459182379724,1353.4172554016113,0.0003128284427821174,0.19272504657146983
2024-10-11,0.16102540584709818,161.00694364381948,1362.6024856567383,0.00011817489513054,0.1928659967287678
2024-10-14,0.1420641138736473,161.14900775769314,1375.3529243469238,0.00010329284313777528,0.1929892112490521
2024-10-15,0.5941376164103958,161.74314537410353,593.7123680114746,0.0010007162532260283,0.19418305494267218
2024-10-16,0.0724874997412383,161.81563287384478,515.6540069580078,0.00014057390956556906,0.1943509259234426
2024-10-17,0.08215360039830705,161.89778647424308,592.4085960388184,0.00013867725915463222,0.1945165552363186
2024-10-18,0.10962092142145385,162.00740739566453,408.7565460205078,0.0002681814456274274,0.19483690241292773
2024-10-21,-0.0033540848245140467,162.00405331084002,409.2876853942871,-8.194932181462754e-06,0.19482711080554438
2024-10-22,0.3966820321965662,162.4007353430366,875.7545280456543,0.00045296029822627037,0.1953683200499836
2024-10-23,0.31567001149683177,162.7164053545334,1060.5203857421875,0.00029765576950783025,0.19572412832713337
2024-10-24,0.42860654208725246,163.14501189662067,1382.271282196045,0.00031007411324231215,0.19609489142590686
2024-10-25,0.5300129914416015,163.67502488806227,1379.7602310180664,0.0003841341267319522,0.19655435229251328
2024-10-28,0.22693835707074694,163.901963245133,1386.6079483032227,0.0001636643994060823,0.19675018564193802
2024-10-29,0.6835871764324682,164.58555042156547,1384.4875526428223,0.0004937474339350914,0.1973410779751601
2024-10-30,1.1864983288332178,165.77204875039868,1231.6228561401367,0.000963361732788609,0.19849455055077736
2024-10-31,1.3396291304556183,167.1116778808543,1390.2023849487305,0.0009636216603850976,0.19964944585954147
2024-11-01,-0.2849660479288043,166.8267118329255,1398.3309211730957,-0.00020379013552081004,0.19940496913639216
2024-11-04,-0.0804169303601946,166.7462949025653,1394.6021575927734,-5.766299006664558e-05,0.19933580785957106
2024-11-05,0.5089543582390864,167.2552492608044,1401.323844909668,0.0003631953884805939,0.1997714010942253
2024-11-06,-0.26943110616604204,166.98581815463834,1448.1666641235352,-0.00018604979167167072,0.19954818387499818
2024-11-07,0.6934708982525957,167.67928905289094,1448.0208740234375,0.0004789094623516948,0.20012265885080271
2024-11-08,1.2398463654882197,168.91913541837917,1457.86275100708,0.0008504547939315574,0.2011433089193284
2024-11-11,0.4809925731634995,169.40012799154266,1475.6361656188965,0.000325956075332273,0.2015348288782155
2024-11-12,0.5329732640524794,169.93310125559515,1477.971046447754,0.00036061143777712016,0.20196811608039678
2024-11-13,0.7251750734210807,170.65827632901622,1463.5664710998535,0.0004954848910115574,0.20256367312139223
2024-11-14,1.7373798960241071,172.3956562250403,1453.6400527954102,0.0011951926425548425,0.2040009683757107
2024-11-15,0.43326625080641956,172.82892247584672,1450.116298675537,0.0002987803469295139,0.20436070020274544
2024-11-18,0.27838696638666194,173.10730944223337,1460.1041259765625,0.00019066240649136457,0.2045903265121296
2024-11-19,0.7379868074646834,173.84529624969807,1463.5995979309082,0.0005042272548502854,0.2051977137856862
2024-11-20,0.7846650875877166,174.62996133728578,1448.3040657043457,0.0005417820098475763,0.20585066822532472
2024-11-21,0.3730631995251119,175.0030245368109,1442.0216827392578,0.0002587084535486615,0.20616263198691187
2024-11-22,0.30133073793425796,175.30435527474515,1442.2593116760254,0.00020892965328411474,0.2064146351274172
2024-11-25,0.6266249982499399,175.9309802729951,1455.9682998657227,0.000430383682328613,0.20693385630049832
2024-11-26,0.3141861373935184,176.2451664103886,1370.7119979858398,0.00022921382307530084,0.20721050222389992
2024-11-27,-0.0005,176.24466641038862,1469.370029449463,-3.4028188269726574e-07,0.2072100914320374
2024-11-28,-0.07558810316374026,176.16907830722488,1378.7520141601562,-5.4823566810731726e-05,0.20714390786893522
2024-11-29,0.021287794646076885,176.19036610187095,1469.13037109375,1.4490065051359858e-05,0.20716139946268664
2024-12-02,0.5500006316928339,176.74036673356377,1470.6081657409668,0.00037399536090275664,0.2076128722259465
2024-12-03,0.37746519454635175,177.11783192811012,1368.4808731079102,0.00027582789205456956,0.20794596553891043
2024-12-04,0.012218113149503329,177.13005004125964,1367.1873779296875,8.936677844411528e-06,0.20795676056285783
2024-12-05,-0.17412765930128465,176.95592238195835,1365.7132873535156,-0.0001274994253286573,0.20780274677006427
2024-12-06,0.4991623953414294,177.4550847772998,1374.5612258911133,0.00036314307863429495,0.20824135197790938
2024-12-09,0.6714246363317514,178.12650941363154,1367.2002029418945,0.000491094599669458,0.2088347127809631
2024-12-10,0.6102587326417513,178.73676814627328,1396.7611389160156,0.0004369098735918117,0.20936286460251785
2024-12-11,0.8084956899801765,179.54526383625344,1511.1213836669922,0.0005350302753430864,0.21000991034895589
2024-12-12,0.3928028729816942,179.93806670923513,1505.660255432129,0.00026088413476050654,0.21032558273746882
2024-12-13,0.25412163943062327,180.19218834866575,1406.4736251831055,0.0001806799892159654,0.2105442643507056
2024-12-16,0.5601268602318402,180.75231520889758,1420.627052307129,0.00039428142616472223,0.21102155946968937
2024-12-17,0.41996851196222107,181.1722837208598,1516.2515182495117,0.0002769781312054797,0.21135698595808083
2024-12-18,1.7120851461969704,182.8843688670568,1479.6812591552734,0.0011570634794512249,0.21275860288711113
2024-12-19,0.939660217711739,183.82402908476854,1488.544189453125,0.0006312612177519298,0.2135241703596087
2024-12-20,0.42181454696607845,184.24584363173463,1505.5653114318848,0.00028017020833517143,0.21386416367923822
2024-12-23,0.5585881986648104,184.80443183039944,668.8287010192871,0.0008351737863723977,0.2148779512089598
2024-12-24,-0.001,184.80343183039943,1528.5354232788086,-6.542210175639466e-07,0.21487715641027028
2024-12-25,-0.05863666649204158,184.74479516390738,1528.5354232788086,-3.836133961898121e-05,0.21483055209507795
2024-12-26,0.8177006251212721,185.56249578902865,1527.4996337890625,0.0005353196865212415,0.2154808748054018
2024-12-27,0.49038749062240045,186.05288327965104,1514.1599159240723,0.0003238677008056466,0.2158745298016984
2024-12-30,0.5096548935533006,186.56253817320433,1499.0437698364258,0.00033998666603905347,0.21628791092940736
2024-12-31,0.0,186.56253817320433,1495.3621444702148,0.0,0.21628791092940736
2025-01-01,0.4047469992426924,186.96728517244702,1495.3621444702148,0.0002706682128736704,0.21661712140459843
2025-01-02,0.54368874709539,187.5109739195424,1490.5942306518555,0.0003647463111792859,0.21706087801174845
2025-01-03,0.8957056111793882,188.4066795307218,1495.3896560668945,0.0005989780707292252,0.21778987078841983
2025-01-06,0.44848023390493624,188.85515976462673,1491.0555000305176,0.00030078037597913504,0.2181561580836191
2025-01-07,0.622402376056373,189.47756214068312,1488.0186729431152,0.00041827591775131344,0.21866568346860604
2025-01-08,-0.002,189.4755621406831,666.5364532470703,-3.000586074860401e-06,0.21866202675732627
2025-01-09,0.7746697829732196,190.25023192365632,1310.8985214233398,0.0005909456531632236,0.21938218978471347
2025-01-10,0.4036373400721107,190.65386926372844,1289.4163665771484,0.0003130387906767432,0.21976390371077636
2025-01-13,0.1835705128742754,190.8374397766027,476.52422714233404,0.00038522807953570077,0.2202337910168899
2025-01-14,0.43261352174190254,191.2700532983446,380.2744140625,0.0011376351017683781,0.2216219718099146
2025-01-15,0.11657303832288007,191.3866263366675,577.2966918945311,0.0002019291639110541,0.2218686529132976
2025-01-16,0.08374045273936359,191.47036678940685,386.87684631347656,0.0002164524797421214,0.2221331294131399
2025-01-17,-0.0015,191.46886678940686,393.09971618652344,-3.81582570079562e-06,0.2221284659661349
2025-01-20,0.5071192385855892,191.97598602799246,1520.9212532043457,0.0003334289908285307,0.2225359590272049
2025-01-21,0.44682660196556084,192.42281262995803,1442.454200744629,0.00030976831135082027,0.22291466192679854
2025-01-22,0.03448075371464826,192.4572933836727,680.8205757141113,5.064587491128844e-05,0.22297659750979348
2025-01-23,0.16447775656838462,192.62177114024107,1541.373477935791,0.00010670856799005871,0.223107099591199
2025-01-24,2.0644390941483706,194.68621023438945,1549.6991844177246,0.0013321547271279307,0.22473646749570309
2025-01-27,0.8519577173951145,195.53816795178457,1556.7225608825684,0.0005472765274963996,0.2254067370167323
2025-01-28,0.4624582842492924,196.00062623603387,1560.0899124145508,0.00029643053298995174,0.22576998498891565
2025-01-29,0.4291629784547294,196.4297892144886,1562.4924430847168,0.0002746656346109833,0.22610666187972983
2025-01-30,0.0031207035999182287,196.4329099180885,1601.553524017334,1.9485478025675104e-06,0.2261090510071717
2025-01-31,1.0893832261754803,197.52229314426398,1596.1443939208984,0.0006825091954866508,0.22694588170915364
2025-02-03,0.9904851100449417,198.51277825430893,1607.2508087158203,0.0006162604521171969,0.22770199993293905
2025-02-04,1.7591683931289588,200.2719466474379,1615.2471885681152,0.0010891016592255622,0.2290390922181007
2025-02-05,1.3801677522561697,201.65211439969406,1599.6618003845215,0.0008627872166006649,0.23009949143556896
2025-02-06,0.812677794858997,202.46479219455304,1596.7937088012695,0.0005089435099722952,0.23072554258835543
2025-02-07,0.7577381023574726,203.22253029691052,1581.0369300842285,0.00047926654206433033,0.23131538816338204
2025-02-10,0.3570202341422381,203.57955053105275,1215.1740493774414,0.00029380172685974237,0.23167715075073336
2025-02-11,1.2600120572307643,204.8395625882835,1589.2078475952148,0.0007928554211064407,0.23265369265675906
2025-02-12,0.09319452864366479,204.93275711692718,1587.5497360229492,5.8703375729903804e-05,0.23272605358962406
2025-02-13,0.3748747873161689,205.30763190424335,681.1320266723633,0.0005503702257954322,0.23340450930608214
2025-02-14,-0.001,205.30663190424335,1597.1723251342773,-6.261065160366638e-07,0.23340373706348183
2025-02-17,1.194740715386768,206.5013726196301,1597.1723251342773,0.0007480349468779605,0.2343263661624153
2025-02-18,1.3840678022005743,207.88544042183068,1602.8321533203125,0.0008635138740718661,0.23539222410472926
2025-02-19,0.24500702381703343,208.13044744564772,1606.1022415161133,0.0001525475884933415,0.23558068020935985
2025-02-20,0.2778219598026775,208.4082694054504,1593.8984718322754,0.00017430342315549472,0.23579604615150496
2025-02-21,0.5551637809968956,208.9634331864473,1375.398265838623,0.0004036385640332293,0.23629486109301134
2025-02-24,0.38688498755184103,209.35031817399914,1582.6884651184082,0.0002444479732294608,0.23659707086611959
2025-02-25,0.1313532061438668,209.481671380143,1581.8452949523926,8.303795988331465e-05,0.23669975536408194
2025-02-26,0.5224119718577208,210.00408335200072,1571.976577758789,0.00033232808888446555,0.23711074543030608
2025-02-27,0.6941136634711722,210.6981970154719,1366.7556686401367,0.0005078549732021858,0.23773901827477473
2025-02-28,0.40400169693378724,211.10219871240568,1598.8548049926758,0.00025268191687714754,0.23805177254250598
2025-03-03,0.7361527727416535,211.83835148514734,1381.0473365783691,0.0005330394934655302,0.2387117030322261
2025-03-04,0.9832810206940662,212.82163250584142,1562.6326370239258,0.0006292464379643,0.23949115795902376
2025-03-05,0.836568628251329,213.65820113409276,1569.1114616394043,0.000533147994073846,0.24015199018356181
2025-03-06,1.2429017583926936,214.90110289248545,1546.3879432678223,0.0008037451170022688,0.2411487562900123
2025-03-07,1.1171474110362267,216.01825030352168,661.204719543457,0.0016895635769320961,0.24324575602219434
2025-03-10,2.097820543412828,218.11607084693452,1523.0694160461426,0.0013773637112737302,0.24495815761073447
2025-03-11,-0.025816054093028284,218.09025479284148,1492.477352142334,-1.729745115124954e-05,0.24493662300781782
2025-03-12,0.021004600096975384,218.11125939293845,1495.6791954040527,1.404351960067283e-05,0.24495410629968473
2025-03-13,0.8701109009454573,218.9813702938839,1476.27681350708,0.0005893954934362209,0.24568787663947256
2025-03-14,0.9659621815311418,219.94733247541507,1498.3344345092773,0.0006446906373392574,0.2464909599505889
2025-03-17,1.4630694121504113,221.41040188756548,1505.5375137329102,0.0009717920668232296,0.24770228997683574
2025-03-18,0.5495557117049882,221.95995759927047,1495.9503860473633,0.0003673622580204934,0.24816064870741905
2025-03-19,0.5068222452791281,222.4667798445496,639.7999992370605,0.0007921573083518227,0.24914938828728972
2025-03-20,0.2591036442343049,222.7258834887839,638.2400054931641,0.0004059658467101214,0.24965650027637332
2025-03-21,0.44377320988117946,223.16965669866508,639.0600090026855,0.000694415553515436,0.25052428118671677
2025-03-24,0.9164006050596933,224.08605730372477,645.2999801635742,0.0014201156566398764,0.25230017029743834
2025-03-25,0.047549159810645975,224.13360646353541,1196.2266845703125,3.9749288679114984e-05,0.2523499483384206
2025-03-26,1.0110346253923752,225.14464108892778,643.2499961853027,0.0015717600177041025,0.2543183419153927
2025-03-27,0.2755834555711428,225.42022454449892,636.8200035095215,0.0004327493703910046,0.2548611473881266
2025-03-28,1.2256356787476737,226.6458602232466,622.8899993896484,0.00196765990776644,0.25733028735765595
2025-03-31,0.7105711101232902,227.35643133336987,1527.2720031738281,0.00046525511411631354,0.25791526670398235
2025-04-01,-0.05955809262344486,227.29687324074644,1527.0914344787598,-3.900099972977306e-05,0.2578662067510056
2025-04-02,1.0504689939421585,228.3473422346886,1418.4231567382812,0.0007405892867384881,0.25879776898787576
2025-04-03,1.8568996011849248,230.20424183587352,1382.6598587036133,0.0013429908950462772,0.260488322930331
2025-04-04,0.8488027359577202,231.05304457183124,1391.0744323730469,0.0006101777994077137,0.2612574449213956
2025-04-07,1.6298597086355076,232.68290428046674,1290.6111373901367,0.0012628588592001433,0.2628502350594466
2025-04-08,1.1315868079097327,233.81449108837649,1367.1500244140625,0.0008276976101395395,0.2638954931809694
2025-04-09,1.0199139484244333,234.83440503680092,1467.559986114502,0.0006949725790253711,0.2647738658914838
2025-04-10,1.3832630623904416,236.21766809919137,1429.8999862670898,0.0009673844854013887,0.2659973885068885
2025-04-11,0.7673349460257508,236.98500304521713,1458.719985961914,0.0005260330655713558,0.2666633449941702
2025-04-14,0.4140258122210942,237.39902885743822,1471.2400283813477,0.00028141282471535507,0.26701980030404826
2025-04-15,0.7258216506785008,238.12485050811674,1471.8699951171875,0.0004931289129382057,0.26764460440084337
2025-04-16,0.7337061884731292,238.85855669658986,1451.9099807739258,0.0005053386216699431,0.2682851941779987
2025-04-17,0.0,238.85855669658986,1451.0400085449219,0.0,0.2682851941779987
2025-04-18,0.6763419711392022,239.53489866772907,1451.0400085449219,0.00046610842372115323,0.2688763525906859
2025-04-21,1.1804684589003829,240.71536712662945,1421.5500144958496,0.0008304093748815683,0.2699300394094428
2025-04-22,0.33278758983962586,241.04815471646907,1465.3600044250488,0.0002271029568397419,0.2702184442763722
2025-04-23,1.002102283995367,242.05025700046443,1478.5500106811523,0.0006777601547165179,0.27107934772568876
2025-04-24,1.3611334187989068,243.41139041926334,1494.5100173950195,0.0009107556342589175,0.27223699040322
2025-04-25,0.2476753106078411,243.65906572987117,1495.610008239746,0.0001656015333163903,0.27244767479957277
2025-04-28,0.3139714686456585,243.97303719851683,1497.8899955749512,0.00020960916327179518,0.2727143914919945
2025-04-29,0.7297650570335628,244.7028022555504,1507.43998336792,0.0004841088634275992,0.2733305238095276
2025-04-30,1.6560715588083332,246.35887381435873,1518.03999710083,0.0010909274867402158,0.2747196350776566
2025-05-01,1.6147360410632428,247.97360985542198,1515.1400108337402,0.0010657338790589375,0.2760781469790605
2025-05-02,0.39724362201915864,248.37085347744113,1540.5700225830078,0.00025785496030431465,0.27640719005899506
2025-05-05,1.0106156483766284,249.38146912581777,1543.3500175476074,0.000654819475093863,0.2772430063451956
2025-05-06,1.1323953830280153,250.51386450884578,1539.849998474121,0.0007353933072378066,0.2781822823037783
2025-05-07,0.2212032345520638,250.73506774339785,1527.6500358581543,0.00014479967882683506,0.2783673626877381
2025-05-08,0.3611869556164742,251.0962546990143,1531.4399795532227,0.0002358479342571726,0.2786688629894498
